Lygodium_japonicum_scaffold41	AT1G13630.4	21.927	602	361	16	136	1848	295	818	3.40e-25	105
Lygodium_japonicum_scaffold41	AT1G13630.4	21.068	337	248	8	496	1461	279	612	9.34e-12	62.0
Lygodium_japonicum_scaffold41	AT1G13630.4	20.767	313	217	6	46	954	476	767	1.38e-11	61.6
Lygodium_japonicum_scaffold41	AT1G13630.4	20.792	303	208	8	4	825	532	831	3.72e-08	50.4
Lygodium_japonicum_scaffold41	AT3G61360.1	24.419	172	125	2	265	768	179	349	7.69e-08	49.3
Lygodium_japonicum_scaffold41	AT4G21880.1	22.143	140	101	4	1141	1554	492	625	1.61e-07	48.5
Lygodium_japonicum_scaffold41	AT4G21880.1	32.143	112	70	4	13	339	518	626	1.89e-07	48.1
Lygodium_japonicum_scaffold41	AT4G21880.1	25.000	144	100	3	859	1275	497	637	2.00e-06	44.7
Lygodium_japonicum_scaffold41	AT4G21880.1	23.256	129	93	2	265	642	501	626	8.59e-06	42.7
Lygodium_japonicum_scaffold41	AT4G04790.1	20.141	283	206	5	478	1275	338	617	1.71e-06	45.1
Lygodium_japonicum_scaffold41	AT4G04790.1	23.239	142	97	5	1102	1521	463	594	3.51e-06	43.9
Lygodium_japonicum_scaffold92	AT4G04790.1	28.736	87	58	2	1	261	487	569	1.80e-06	40.8
Lygodium_japonicum_scaffold152	AT5G21326.1	35.000	200	116	6	414	983	9	204	4.20e-28	112
Lygodium_japonicum_scaffold152	AT1G30270.1	29.066	289	167	8	426	1271	31	288	1.01e-26	108
Lygodium_japonicum_scaffold152	AT1G01140.3	32.143	196	127	4	414	983	15	210	3.65e-26	106
Lygodium_japonicum_scaffold152	AT2G26980.4	28.990	307	167	11	414	1301	20	286	8.06e-26	105
Lygodium_japonicum_scaffold152	AT5G35410.1	34.694	196	120	7	414	983	7	200	6.64e-24	99.4
Lygodium_japonicum_scaffold152	AT4G24400.1	30.729	192	125	5	426	983	9	198	1.11e-23	98.6
Lygodium_japonicum_scaffold80	AT2G32440.1	26.549	226	145	7	1548	895	241	453	2.40e-17	79.3
Lygodium_japonicum_scaffold80	AT1G05160.1	26.222	225	145	7	1542	895	244	456	1.25e-15	73.9
Lygodium_japonicum_scaffold76	AT1G13630.4	22.266	256	156	3	1327	584	409	629	4.15e-18	80.9
Lygodium_japonicum_scaffold76	AT1G13630.4	22.997	287	209	5	1267	437	358	642	2.61e-16	75.5
Lygodium_japonicum_scaffold76	AT1G13630.4	22.191	356	250	9	1279	272	248	596	3.67e-14	68.6
Lygodium_japonicum_scaffold76	AT1G13630.4	23.026	304	206	9	1375	542	494	795	2.57e-10	56.2
Lygodium_japonicum_scaffold76	AT4G04790.1	19.255	322	230	11	1339	410	269	572	1.39e-10	57.4
Lygodium_japonicum_scaffold76	AT4G21880.1	21.661	277	193	8	1144	359	348	615	5.30e-10	55.5
Lygodium_japonicum_scaffold76	AT4G21880.1	25.362	138	95	4	1309	911	503	637	4.99e-08	48.9
Lygodium_japonicum_scaffold76	AT4G21880.1	22.308	130	95	2	1012	632	501	627	8.02e-08	48.5
Lygodium_japonicum_scaffold76	AT3G61360.1	20.152	263	187	7	1270	533	157	413	2.87e-08	49.7
Lygodium_japonicum_scaffold184	AT1G13630.4	31.746	63	39	1	299	123	494	556	6.66e-06	37.4
Lygodium_japonicum_scaffold131	AT1G13630.4	25.424	177	124	4	520	2	424	596	1.02e-10	53.5
Lygodium_japonicum_scaffold131	AT1G13630.4	29.054	148	83	7	511	122	532	675	1.81e-07	43.9
Lygodium_japonicum_scaffold131	AT1G13630.4	20.000	165	125	2	520	41	318	480	8.51e-07	42.0
Lygodium_japonicum_scaffold131	AT4G21880.1	26.087	115	77	3	505	170	517	626	5.69e-09	48.5
Lygodium_japonicum_scaffold131	AT4G04790.1	27.059	85	57	2	256	2	477	556	3.49e-06	40.0
Lygodium_japonicum_scaffold224	AT4G24400.1	27.136	199	129	7	315	890	15	204	3.79e-13	65.9
Lygodium_japonicum_scaffold224	AT1G30270.1	26.131	199	133	6	315	890	37	228	8.73e-13	64.7
Lygodium_japonicum_scaffold224	AT2G26980.4	25.604	207	136	7	297	890	24	221	1.41e-11	60.8
Lygodium_japonicum_scaffold224	AT5G35410.1	25.366	205	137	7	297	890	11	206	1.54e-11	60.8
Lygodium_japonicum_scaffold224	AT1G01140.3	23.697	211	147	6	279	890	13	216	1.10e-10	58.2
Lygodium_japonicum_scaffold224	AT5G21326.1	25.604	207	136	7	297	890	13	210	3.84e-10	56.2
Lygodium_japonicum_scaffold146	AT4G15233.1	23.944	213	149	8	901	293	818	1027	3.51e-07	47.4
Lygodium_japonicum_scaffold146	AT2G37280.3	23.239	284	150	8	919	272	147	430	5.21e-07	46.6
Lygodium_japonicum_scaffold146	AT3G53480.1	30.928	97	61	2	553	275	341	435	4.89e-06	43.5
Lygodium_japonicum_scaffold261	AT4G00730.1	50.127	395	165	9	2181	1015	368	736	1.45e-115	361
Lygodium_japonicum_scaffold261	AT3G61150.1	41.142	508	229	12	2190	685	363	806	2.14e-114	358
Lygodium_japonicum_scaffold285	AT5G35410.1	31.222	221	138	7	488	1135	6	217	2.72e-18	82.0
Lygodium_japonicum_scaffold285	AT4G24400.1	30.698	215	135	6	488	1117	4	209	4.08e-17	78.2
Lygodium_japonicum_scaffold285	AT2G26980.4	30.769	221	135	7	479	1117	16	226	3.14e-15	72.4
Lygodium_japonicum_scaffold285	AT1G30270.1	28.095	210	139	5	503	1117	31	233	4.67e-15	72.0
Lygodium_japonicum_scaffold285	AT5G21326.1	27.854	219	144	7	479	1117	5	215	3.30e-14	69.3
Lygodium_japonicum_scaffold285	AT1G01140.3	26.540	211	143	5	500	1117	18	221	1.34e-13	67.4
Lygodium_japonicum_scaffold290	AT3G22110.1	22.819	149	104	2	331	753	52	197	1.52e-06	43.1
Lygodium_japonicum_scaffold291	AT3G22110.1	23.270	159	111	2	209	661	42	197	5.35e-08	47.4
Lygodium_japonicum_scaffold310	AT1G05160.1	29.677	155	96	6	478	29	242	388	3.33e-09	50.8
Lygodium_japonicum_scaffold286	AT5G35410.1	31.222	221	138	7	1507	2154	6	217	5.61e-18	81.6
Lygodium_japonicum_scaffold286	AT4G24400.1	30.698	215	135	6	1507	2136	4	209	6.61e-17	78.6
Lygodium_japonicum_scaffold286	AT2G26980.4	30.702	228	130	8	1498	2142	16	228	5.93e-15	72.4
Lygodium_japonicum_scaffold286	AT1G30270.1	27.962	211	140	5	1519	2136	30	233	1.12e-14	71.6
Lygodium_japonicum_scaffold286	AT5G21326.1	27.854	219	144	7	1498	2136	5	215	6.32e-14	68.9
Lygodium_japonicum_scaffold286	AT1G01140.3	26.540	211	143	5	1519	2136	18	221	2.50e-13	67.4
Lygodium_japonicum_scaffold323	AT1G13630.4	20.225	356	262	7	2899	1892	274	627	4.58e-14	70.1
Lygodium_japonicum_scaffold323	AT4G21880.1	22.857	175	115	5	2824	2324	497	659	4.15e-08	50.8
Lygodium_japonicum_scaffold323	AT4G04790.1	24.060	133	95	2	2824	2435	477	606	3.40e-07	47.8
Lygodium_japonicum_scaffold323	AT3G61360.1	22.677	269	169	9	2896	2120	182	421	1.11e-06	45.8
Lygodium_japonicum_scaffold324	AT1G13630.4	20.225	356	262	7	2991	1984	274	627	4.79e-14	70.1
Lygodium_japonicum_scaffold324	AT4G21880.1	22.857	175	115	5	2916	2416	497	659	4.32e-08	50.8
Lygodium_japonicum_scaffold324	AT4G04790.1	24.060	133	95	2	2916	2527	477	606	3.53e-07	47.8
Lygodium_japonicum_scaffold324	AT3G61360.1	22.677	269	169	9	2988	2212	182	421	1.15e-06	45.8
Lygodium_japonicum_scaffold336	AT4G21880.1	26.866	134	90	4	1798	1406	497	625	4.30e-10	56.6
Lygodium_japonicum_scaffold336	AT4G04790.1	24.060	133	95	3	1798	1406	477	605	4.25e-08	50.1
Lygodium_japonicum_scaffold336	AT1G13630.4	22.358	246	167	9	2077	1403	522	764	1.34e-07	48.5
Lygodium_japonicum_scaffold336	AT1G13630.4	24.651	215	145	10	2071	1463	348	557	1.13e-06	45.4
Lygodium_japonicum_scaffold336	AT3G61360.1	21.097	237	171	8	2077	1403	217	449	4.82e-06	43.1
Lygodium_japonicum_scaffold352	AT1G13630.4	22.984	248	168	7	20	724	220	457	1.25e-10	58.9
Lygodium_japonicum_scaffold352	AT1G13630.4	19.444	288	150	7	53	673	407	693	1.03e-08	52.4
Lygodium_japonicum_scaffold352	AT1G13630.4	20.504	278	204	7	59	862	338	608	3.29e-08	50.8
Lygodium_japonicum_scaffold352	AT4G21880.1	29.060	117	73	3	59	403	497	605	2.05e-08	51.6
Lygodium_japonicum_scaffold352	AT4G21880.1	26.087	92	64	2	389	664	501	588	3.46e-06	44.3
Lygodium_japonicum_scaffold352	AT4G04790.1	26.891	119	78	2	59	415	477	586	7.82e-08	49.7
Lygodium_japonicum_scaffold352	AT4G04790.1	21.472	163	108	6	275	736	446	597	3.84e-06	44.3
Lygodium_japonicum_scaffold352	AT3G61360.1	21.479	284	180	12	17	778	192	462	2.17e-06	44.7
Lygodium_japonicum_scaffold381	AT4G04790.1	20.690	145	105	3	576	160	464	604	4.55e-07	43.1
Lygodium_japonicum_scaffold381	AT4G21880.1	22.165	194	123	7	576	67	484	673	3.91e-06	40.4
Lygodium_japonicum_scaffold409	AT1G13630.4	23.204	362	249	5	1	1011	308	665	1.07e-21	93.6
Lygodium_japonicum_scaffold409	AT1G13630.4	22.571	350	248	5	1	981	414	763	6.68e-21	90.9
Lygodium_japonicum_scaffold409	AT3G61360.1	20.848	283	203	6	64	855	123	403	5.53e-10	55.5
Lygodium_japonicum_scaffold409	AT3G61360.1	19.811	212	157	4	301	900	179	389	3.82e-06	43.1
Lygodium_japonicum_scaffold409	AT4G04790.1	24.359	234	162	4	211	876	338	568	7.58e-10	55.5
Lygodium_japonicum_scaffold409	AT4G21880.1	23.361	244	171	5	211	906	358	597	3.90e-08	50.1
Lygodium_japonicum_scaffold409	AT4G21880.1	23.839	323	200	14	1	888	502	805	4.05e-07	46.6
Lygodium_japonicum_scaffold312	AT1G05160.1	31.538	130	77	5	478	104	242	364	2.21e-08	48.5
Lygodium_japonicum_scaffold312	AT2G32440.1	30.233	129	79	5	478	104	241	362	5.49e-07	43.9
Lygodium_japonicum_scaffold289	AT3G22110.1	23.270	159	111	2	209	661	42	197	5.90e-08	47.4
Lygodium_japonicum_scaffold335	AT4G21880.1	26.866	134	90	4	1707	1315	497	625	4.02e-10	56.6
Lygodium_japonicum_scaffold335	AT4G04790.1	24.060	133	95	3	1707	1315	477	605	4.00e-08	50.1
Lygodium_japonicum_scaffold335	AT1G13630.4	22.358	246	167	9	1986	1312	522	764	1.26e-07	48.5
Lygodium_japonicum_scaffold335	AT1G13630.4	24.651	215	145	10	1980	1372	348	557	1.06e-06	45.4
Lygodium_japonicum_scaffold335	AT3G61360.1	21.097	237	171	8	1986	1312	217	449	4.55e-06	43.1
Lygodium_japonicum_scaffold471	AT4G04790.1	22.222	180	127	5	141	662	392	564	2.61e-06	43.1
Lygodium_japonicum_scaffold480	AT3G53480.1	24.808	391	256	12	1741	608	1028	1393	2.82e-26	108
Lygodium_japonicum_scaffold480	AT3G53480.1	22.546	377	255	12	1738	638	373	722	5.97e-18	81.6
Lygodium_japonicum_scaffold480	AT2G37280.3	24.190	401	246	12	1741	608	1020	1385	7.41e-24	100
Lygodium_japonicum_scaffold480	AT2G37280.3	21.351	370	266	9	1738	659	367	721	1.13e-15	74.3
Lygodium_japonicum_scaffold480	AT4G15236.1	23.737	396	237	13	1741	629	968	1323	1.30e-20	90.1
Lygodium_japonicum_scaffold480	AT4G15236.1	23.656	372	255	9	1738	659	337	691	2.77e-17	79.7
Lygodium_japonicum_scaffold480	AT4G15233.1	23.232	396	239	13	1741	629	970	1325	3.49e-20	89.0
Lygodium_japonicum_scaffold480	AT4G15233.1	23.056	373	256	9	1738	659	339	693	1.34e-18	84.0
Lygodium_japonicum_scaffold480	AT4G15230.1	22.518	413	274	13	1741	557	978	1362	3.25e-19	85.9
Lygodium_japonicum_scaffold480	AT4G15230.1	22.691	379	250	11	1738	641	340	688	2.46e-15	73.6
Lygodium_japonicum_scaffold480	AT4G15215.11	22.739	387	252	12	1741	629	975	1330	7.88e-17	78.2
Lygodium_japonicum_scaffold480	AT4G15215.11	22.193	374	258	11	1738	641	337	685	5.88e-16	75.5
Lygodium_japonicum_scaffold489	AT4G21880.1	25.000	172	115	7	145	633	482	648	4.09e-06	42.7
Lygodium_japonicum_scaffold539	AT5G50680.1	27.632	152	104	4	1390	944	1	149	4.50e-07	45.4
Lygodium_japonicum_scaffold539	AT5G50580.2	27.632	152	104	4	1390	944	1	149	4.50e-07	45.4
Lygodium_japonicum_scaffold558	AT4G21880.1	20.853	211	139	5	1218	661	408	615	1.61e-07	47.0
Lygodium_japonicum_scaffold558	AT3G61360.1	22.481	129	90	3	1122	760	276	402	1.18e-06	44.3
Lygodium_japonicum_scaffold558	AT1G13630.4	26.549	113	79	1	1194	868	487	599	2.07e-06	43.5
Lygodium_japonicum_scaffold558	AT4G04790.1	21.302	169	116	5	1194	715	415	575	7.89e-06	41.6
Lygodium_japonicum_scaffold475	AT5G11560.1	59.935	614	242	2	2649	808	363	972	0.0	761
Lygodium_japonicum_scaffold498	AT4G04790.1	20.732	246	170	5	1092	1784	334	569	1.55e-11	61.2
Lygodium_japonicum_scaffold498	AT4G04790.1	20.996	281	184	8	1050	1817	426	693	5.42e-08	49.7
Lygodium_japonicum_scaffold498	AT1G13630.4	18.899	545	344	16	348	1889	287	764	1.62e-10	58.2
Lygodium_japonicum_scaffold498	AT1G13630.4	18.712	326	226	7	105	974	424	746	2.66e-07	47.8
Lygodium_japonicum_scaffold498	AT4G21880.1	20.435	230	166	6	1251	1910	412	634	2.45e-09	54.3
Lygodium_japonicum_scaffold498	AT4G21880.1	22.275	211	146	5	1026	1625	438	641	3.46e-07	47.4
Lygodium_japonicum_scaffold498	AT3G61360.1	22.561	164	120	3	1155	1625	194	357	1.02e-08	52.0
Lygodium_japonicum_scaffold498	AT3G61360.1	21.990	191	127	4	75	620	180	357	7.34e-08	49.3
Lygodium_japonicum_scaffold551	AT4G24400.1	30.542	203	129	7	1122	532	13	209	3.75e-19	83.6
Lygodium_japonicum_scaffold551	AT2G26980.4	30.516	213	122	8	1122	526	28	228	6.63e-19	83.2
Lygodium_japonicum_scaffold551	AT1G01140.3	30.806	211	120	8	1122	532	23	221	1.88e-18	81.6
Lygodium_japonicum_scaffold551	AT1G30270.1	28.636	220	133	9	1122	493	35	240	9.45e-18	79.7
Lygodium_japonicum_scaffold551	AT5G35410.1	30.244	205	131	7	1122	526	15	213	1.33e-17	79.0
Lygodium_japonicum_scaffold551	AT5G21326.1	30.622	209	117	9	1122	541	17	212	2.62e-17	78.2
Lygodium_japonicum_scaffold537	AT1G13630.4	23.193	332	223	9	953	21	311	631	2.91e-14	69.3
Lygodium_japonicum_scaffold537	AT1G13630.4	22.727	286	171	9	827	81	424	696	9.68e-08	48.5
Lygodium_japonicum_scaffold537	AT1G13630.4	26.244	221	137	9	731	129	245	459	2.21e-07	47.4
Lygodium_japonicum_scaffold435	AT1G78550.1	36.620	71	45	0	142	354	275	345	1.56e-20	60.1
Lygodium_japonicum_scaffold435	AT1G78550.1	52.381	42	19	1	6	128	227	268	1.56e-20	49.3
Lygodium_japonicum_scaffold435	AT4G25310.1	59.524	42	16	1	6	128	224	265	3.58e-19	55.1
Lygodium_japonicum_scaffold435	AT4G25310.1	31.081	74	51	0	133	354	269	342	3.58e-19	49.7
Lygodium_japonicum_scaffold435	AT1G17020.1	59.524	42	16	1	6	128	229	270	3.37e-18	56.2
Lygodium_japonicum_scaffold435	AT1G17020.1	32.308	65	44	0	133	327	274	338	3.37e-18	45.4
Lygodium_japonicum_scaffold435	AT4G25300.1	54.762	42	18	1	6	128	227	268	3.81e-18	51.6
Lygodium_japonicum_scaffold435	AT4G25300.1	32.432	74	50	0	133	354	272	345	3.81e-18	49.7
Lygodium_japonicum_scaffold435	AT1G17010.1	57.143	42	17	1	6	128	229	270	2.50e-16	47.8
Lygodium_japonicum_scaffold435	AT1G17010.1	29.730	74	52	0	133	354	274	347	2.50e-16	47.4
Lygodium_japonicum_scaffold553	AT1G13630.4	43.478	46	26	0	1076	939	415	460	2.69e-06	43.1
Lygodium_japonicum_scaffold410	AT1G13630.4	23.204	362	249	5	1	1011	308	665	9.84e-22	93.6
Lygodium_japonicum_scaffold410	AT1G13630.4	22.571	350	248	5	1	981	414	763	6.18e-21	90.9
Lygodium_japonicum_scaffold410	AT3G61360.1	20.848	283	203	6	64	855	123	403	5.30e-10	55.5
Lygodium_japonicum_scaffold410	AT3G61360.1	19.811	212	157	4	301	900	179	389	3.68e-06	43.1
Lygodium_japonicum_scaffold410	AT4G04790.1	24.359	234	162	4	211	876	338	568	7.26e-10	55.5
Lygodium_japonicum_scaffold410	AT4G21880.1	23.361	244	171	5	211	906	358	597	3.75e-08	50.1
Lygodium_japonicum_scaffold410	AT4G21880.1	23.839	323	200	14	1	888	502	805	3.90e-07	46.6
Lygodium_japonicum_scaffold595	AT2G37280.3	36.000	175	107	3	687	175	852	1025	2.04e-26	103
Lygodium_japonicum_scaffold595	AT2G37280.3	29.362	235	94	7	642	136	154	382	3.52e-20	84.7
Lygodium_japonicum_scaffold595	AT4G15215.11	36.471	170	103	3	678	175	814	980	6.30e-26	101
Lygodium_japonicum_scaffold595	AT4G15215.11	31.088	193	100	5	642	163	153	345	9.97e-22	89.4
Lygodium_japonicum_scaffold595	AT4G15230.1	35.882	170	104	3	678	175	817	983	3.51e-25	99.4
Lygodium_japonicum_scaffold595	AT4G15230.1	31.606	193	99	5	642	163	156	348	3.68e-24	96.3
Lygodium_japonicum_scaffold595	AT3G53480.1	34.857	175	109	3	687	175	860	1033	1.64e-24	97.4
Lygodium_japonicum_scaffold595	AT3G53480.1	31.944	216	110	5	678	136	175	388	1.19e-22	92.0
Lygodium_japonicum_scaffold595	AT4G15236.1	36.709	158	97	3	642	175	817	973	2.54e-24	97.1
Lygodium_japonicum_scaffold595	AT4G15236.1	30.570	193	101	3	642	163	153	345	2.01e-20	85.5
Lygodium_japonicum_scaffold595	AT4G15233.1	36.709	158	97	3	642	175	819	975	8.76e-23	92.4
Lygodium_japonicum_scaffold595	AT4G15233.1	30.052	193	102	3	642	163	155	347	1.59e-19	82.8
Lygodium_japonicum_scaffold588	AT1G13630.4	18.616	419	268	10	1884	841	216	632	2.83e-10	57.4
Lygodium_japonicum_scaffold588	AT4G21880.1	23.611	144	104	3	1479	1057	501	641	3.22e-07	47.4
Lygodium_japonicum_scaffold665	AT1G13630.4	27.103	107	62	2	9	281	365	471	6.03e-09	45.8
Lygodium_japonicum_scaffold665	AT1G13630.4	26.126	111	67	1	6	293	435	545	6.64e-09	45.8
Lygodium_japonicum_scaffold665	AT1G13630.4	29.000	100	56	1	39	293	235	334	3.55e-08	43.5
Lygodium_japonicum_scaffold665	AT1G13630.4	24.545	110	68	1	9	293	506	615	5.77e-07	40.0
Lygodium_japonicum_scaffold665	AT1G13630.4	26.957	115	60	3	9	293	330	440	8.36e-07	39.7
Lygodium_japonicum_scaffold665	AT3G61360.1	26.852	108	62	2	21	293	310	417	2.50e-08	43.9
Lygodium_japonicum_scaffold679	AT4G24400.1	25.836	329	165	12	1587	634	8	268	1.72e-17	79.3
Lygodium_japonicum_scaffold679	AT1G30270.1	22.642	318	181	10	1587	649	30	287	5.11e-17	77.8
Lygodium_japonicum_scaffold679	AT5G21326.1	26.977	215	135	6	1587	958	12	209	1.63e-16	76.3
Lygodium_japonicum_scaffold679	AT2G26980.4	27.442	215	134	6	1587	958	23	220	1.83e-15	72.8
Lygodium_japonicum_scaffold679	AT5G35410.1	27.488	211	137	6	1587	958	10	205	2.82e-15	72.4
Lygodium_japonicum_scaffold679	AT1G01140.3	23.939	330	181	10	1623	649	11	275	5.19e-15	71.6
Lygodium_japonicum_scaffold516	AT4G21880.1	23.881	134	92	4	2241	1858	479	608	5.73e-07	46.6
Lygodium_japonicum_scaffold516	AT4G04790.1	22.764	123	86	4	2199	1846	477	595	7.30e-06	43.1
Lygodium_japonicum_scaffold696	AT3G66658.2	29.126	412	272	8	273	1469	62	466	2.94e-45	162
Lygodium_japonicum_scaffold706	AT1G05160.1	23.864	176	113	5	112	615	294	456	4.78e-11	57.0
Lygodium_japonicum_scaffold706	AT2G32440.1	25.434	173	112	5	112	615	293	453	9.08e-11	56.2
Lygodium_japonicum_scaffold688	AT4G21880.1	25.714	140	98	3	1715	1305	497	633	5.70e-09	52.8
Lygodium_japonicum_scaffold688	AT4G04790.1	24.286	140	100	2	1715	1305	477	613	6.88e-09	52.8
Lygodium_japonicum_scaffold688	AT1G13630.4	22.951	183	135	3	1676	1143	422	603	3.28e-07	47.4
Lygodium_japonicum_scaffold688	AT1G13630.4	24.627	134	96	2	1715	1329	338	471	9.52e-06	42.4
Lygodium_japonicum_scaffold536	AT1G13630.4	23.193	332	223	9	953	21	311	631	5.76e-14	69.3
Lygodium_japonicum_scaffold536	AT1G13630.4	22.727	286	171	9	827	81	424	696	1.65e-07	48.5
Lygodium_japonicum_scaffold536	AT1G13630.4	26.244	221	137	9	731	129	245	459	3.75e-07	47.4
Lygodium_japonicum_scaffold719	AT1G13630.4	23.711	194	142	3	1078	512	407	599	3.82e-10	55.5
Lygodium_japonicum_scaffold719	AT4G21880.1	27.857	140	93	4	1093	683	492	626	1.57e-06	43.9
Lygodium_japonicum_scaffold738	AT2G28490.1	23.628	419	254	12	299	1378	94	505	2.54e-18	81.6
Lygodium_japonicum_scaffold753	AT5G65930.3	73.430	207	55	0	137	757	1057	1263	1.17e-96	309
Lygodium_japonicum_scaffold758	AT1G13630.4	19.646	565	353	15	3	1604	271	765	1.81e-18	84.0
Lygodium_japonicum_scaffold758	AT4G04790.1	25.571	219	149	5	54	683	392	605	8.49e-10	55.8
Lygodium_japonicum_scaffold758	AT4G21880.1	30.075	133	87	3	600	989	497	626	5.56e-09	53.1
Lygodium_japonicum_scaffold758	AT3G61360.1	20.992	262	157	6	753	1400	158	415	7.80e-08	49.3
Lygodium_japonicum_scaffold758	AT3G61360.1	21.716	373	250	12	90	1103	52	417	2.63e-07	47.4
Lygodium_japonicum_scaffold754	AT5G65930.3	64.835	546	191	1	54	1691	719	1263	0.0	674
Lygodium_japonicum_scaffold767	AT1G13630.4	20.276	217	156	3	1203	592	335	547	3.23e-06	43.1
Lygodium_japonicum_scaffold799	AT1G17010.1	34.021	97	59	2	467	186	265	359	7.70e-15	64.7
Lygodium_japonicum_scaffold799	AT1G78550.1	35.955	89	52	2	467	210	263	349	1.51e-13	61.2
Lygodium_japonicum_scaffold799	AT1G17020.1	30.693	101	65	2	482	189	260	358	2.72e-13	60.5
Lygodium_japonicum_scaffold799	AT4G25310.1	31.915	94	59	2	482	210	255	346	3.91e-12	57.0
Lygodium_japonicum_scaffold799	AT4G25300.1	29.787	94	61	2	482	210	258	349	2.19e-10	52.0
Lygodium_japonicum_scaffold801	AT1G17020.1	48.387	62	32	0	653	468	260	321	6.68e-17	72.4
Lygodium_japonicum_scaffold801	AT1G17010.1	51.613	62	30	0	647	462	262	323	7.76e-17	72.0
Lygodium_japonicum_scaffold801	AT1G78550.1	50.000	60	30	0	647	468	260	319	2.09e-15	68.2
Lygodium_japonicum_scaffold801	AT4G25310.1	44.444	72	37	1	653	447	255	326	9.62e-15	66.2
Lygodium_japonicum_scaffold801	AT4G25300.1	46.774	62	33	0	653	468	258	319	1.97e-14	65.1
Lygodium_japonicum_scaffold800	AT1G17010.1	54.237	59	27	0	463	287	265	323	1.92e-17	72.0
Lygodium_japonicum_scaffold800	AT1G17020.1	48.387	62	32	0	478	293	260	321	2.87e-17	71.6
Lygodium_japonicum_scaffold800	AT1G78550.1	43.038	79	42	1	463	236	263	341	2.38e-16	68.9
Lygodium_japonicum_scaffold800	AT4G25310.1	38.298	94	49	2	478	206	255	342	7.22e-16	67.8
Lygodium_japonicum_scaffold800	AT4G25300.1	46.774	62	33	0	478	293	258	319	6.45e-15	65.1
Lygodium_japonicum_scaffold781	AT4G21880.1	21.649	97	73	1	579	869	501	594	4.40e-06	43.5
Lygodium_japonicum_scaffold802	AT1G17020.1	35.032	314	195	5	1118	189	50	358	4.90e-68	216
Lygodium_japonicum_scaffold802	AT1G17010.1	34.936	312	193	5	1109	186	54	359	5.93e-67	214
Lygodium_japonicum_scaffold802	AT1G78550.1	35.526	304	185	5	1109	210	53	349	1.28e-62	202
Lygodium_japonicum_scaffold802	AT4G25300.1	32.566	304	195	5	1109	210	52	349	1.68e-60	196
Lygodium_japonicum_scaffold802	AT4G25310.1	33.916	286	177	5	1058	210	70	346	1.13e-58	192
Lygodium_japonicum_scaffold812	AT1G13630.4	23.077	468	315	13	1564	269	306	764	1.70e-17	79.7
Lygodium_japonicum_scaffold812	AT1G13630.4	24.607	191	127	6	964	425	268	452	2.45e-08	50.4
Lygodium_japonicum_scaffold812	AT1G13630.4	25.301	166	119	3	988	506	225	390	8.08e-08	48.9
Lygodium_japonicum_scaffold812	AT4G21880.1	27.119	177	114	7	1291	785	492	661	4.25e-09	52.8
Lygodium_japonicum_scaffold812	AT4G21880.1	25.694	144	99	4	964	548	497	637	2.03e-07	47.4
Lygodium_japonicum_scaffold812	AT4G21880.1	22.481	129	95	2	1561	1181	501	626	4.36e-06	43.1
Lygodium_japonicum_scaffold812	AT3G61360.1	24.390	164	114	4	1615	1148	192	353	4.45e-07	46.2
Lygodium_japonicum_scaffold830	AT1G13630.4	21.498	307	216	6	1152	304	459	764	2.42e-13	65.5
Lygodium_japonicum_scaffold830	AT1G13630.4	21.190	269	202	4	1152	376	283	551	4.16e-12	61.6
Lygodium_japonicum_scaffold830	AT1G13630.4	23.280	189	110	3	1119	565	224	381	1.21e-09	53.9
Lygodium_japonicum_scaffold830	AT3G61360.1	21.912	251	179	5	1149	433	158	403	7.60e-13	63.5
Lygodium_japonicum_scaffold830	AT4G21880.1	24.793	121	79	3	735	394	479	594	6.82e-09	51.6
Lygodium_japonicum_scaffold830	AT4G21880.1	25.625	160	110	5	1005	541	495	650	9.52e-06	41.6
Lygodium_japonicum_scaffold830	AT4G04790.1	23.711	97	71	1	684	394	481	574	4.22e-08	48.9
Lygodium_japonicum_scaffold782	AT4G21880.1	21.649	97	73	1	579	869	501	594	3.92e-06	43.5
Lygodium_japonicum_scaffold835	AT1G31340.1	33.000	100	54	3	214	483	1	97	9.40e-06	38.9
Lygodium_japonicum_scaffold842	AT2G39450.1	46.517	402	196	3	214	1416	7	390	1.66e-99	300
Lygodium_japonicum_scaffold852	AT1G13630.4	23.904	251	165	7	1065	379	519	765	3.28e-10	55.5
Lygodium_japonicum_scaffold852	AT1G13630.4	21.973	223	163	7	1026	385	251	471	1.04e-06	44.3
Lygodium_japonicum_scaffold852	AT1G13630.4	19.500	200	156	2	1065	478	414	612	2.75e-06	42.7
Lygodium_japonicum_scaffold852	AT4G21880.1	26.619	139	94	4	1065	664	502	637	9.03e-06	41.2
Lygodium_japonicum_scaffold849	AT5G16260.1	48.532	511	230	9	93	1580	25	517	5.39e-129	385
Lygodium_japonicum_scaffold757	AT1G13630.4	19.383	583	361	11	111	1700	282	808	4.38e-15	73.9
Lygodium_japonicum_scaffold757	AT1G13630.4	20.792	404	274	9	624	1796	251	621	3.86e-13	67.8
Lygodium_japonicum_scaffold757	AT4G21880.1	21.864	279	195	8	792	1592	370	637	7.77e-10	57.0
Lygodium_japonicum_scaffold757	AT4G21880.1	28.571	133	89	3	267	656	497	626	1.27e-08	52.8
Lygodium_japonicum_scaffold757	AT4G21880.1	27.551	98	67	2	1491	1784	501	594	1.53e-06	46.2
Lygodium_japonicum_scaffold757	AT4G21880.1	24.581	179	127	4	549	1076	492	665	4.19e-06	44.7
Lygodium_japonicum_scaffold757	AT3G61360.1	22.801	307	212	9	828	1688	125	426	1.80e-08	52.0
Lygodium_japonicum_scaffold535	AT1G13630.4	23.193	332	223	9	953	21	311	631	5.09e-14	69.3
Lygodium_japonicum_scaffold535	AT1G13630.4	22.727	286	171	9	827	81	424	696	1.49e-07	48.5
Lygodium_japonicum_scaffold535	AT1G13630.4	26.244	221	137	9	731	129	245	459	3.39e-07	47.4
Lygodium_japonicum_scaffold798	AT1G17020.1	35.032	314	195	5	1118	189	50	358	5.08e-68	216
Lygodium_japonicum_scaffold798	AT1G17010.1	34.936	312	193	5	1109	186	54	359	7.13e-67	213
Lygodium_japonicum_scaffold798	AT1G78550.1	35.526	304	185	5	1109	210	53	349	1.20e-62	202
Lygodium_japonicum_scaffold798	AT4G25300.1	32.566	304	195	5	1109	210	52	349	1.09e-60	197
Lygodium_japonicum_scaffold798	AT4G25310.1	34.643	280	171	5	1040	210	76	346	1.47e-58	191
Lygodium_japonicum_scaffold697	AT3G66658.2	28.903	474	315	9	273	1649	62	528	1.53e-53	186
Lygodium_japonicum_scaffold854	AT2G26980.4	28.638	213	138	8	638	1261	22	225	5.82e-14	68.6
Lygodium_japonicum_scaffold854	AT4G24400.1	27.189	217	134	8	638	1261	7	208	3.84e-13	65.9
Lygodium_japonicum_scaffold854	AT1G30270.1	25.822	213	144	6	638	1261	29	232	7.24e-13	65.1
Lygodium_japonicum_scaffold854	AT1G01140.3	23.704	270	184	8	638	1432	17	269	1.64e-12	63.9
Lygodium_japonicum_scaffold854	AT5G21326.1	27.570	214	139	7	638	1261	11	214	2.14e-12	63.5
Lygodium_japonicum_scaffold854	AT5G35410.1	28.111	217	132	8	638	1261	9	210	1.33e-11	60.8
Lygodium_japonicum_scaffold811	AT1G13630.4	23.191	470	315	14	1952	651	306	765	4.30e-18	82.4
Lygodium_japonicum_scaffold811	AT1G13630.4	24.121	199	133	7	1352	789	268	459	2.86e-08	50.8
Lygodium_japonicum_scaffold811	AT1G13630.4	25.478	157	113	2	1376	918	225	381	1.16e-07	48.5
Lygodium_japonicum_scaffold811	AT4G21880.1	27.119	177	114	7	1679	1173	492	661	6.58e-09	52.8
Lygodium_japonicum_scaffold811	AT4G21880.1	25.694	144	99	4	1352	936	497	637	3.34e-07	47.4
Lygodium_japonicum_scaffold811	AT4G21880.1	24.359	234	133	9	1325	744	365	594	9.08e-07	45.8
Lygodium_japonicum_scaffold811	AT4G21880.1	22.481	129	95	2	1949	1569	501	626	7.00e-06	42.7
Lygodium_japonicum_scaffold811	AT3G61360.1	24.390	164	114	4	2003	1536	192	353	5.99e-07	46.2
Lygodium_japonicum_scaffold908	AT1G05160.1	24.675	231	154	8	232	918	239	451	1.65e-09	53.1
Lygodium_japonicum_scaffold908	AT2G32440.1	23.050	282	172	11	232	1059	238	480	4.92e-08	48.5
Lygodium_japonicum_scaffold912	AT1G13630.4	20.907	397	269	13	16	1125	282	660	2.29e-13	65.9
Lygodium_japonicum_scaffold912	AT1G13630.4	24.188	277	181	9	16	777	458	728	2.18e-10	56.6
Lygodium_japonicum_scaffold912	AT1G13630.4	22.816	206	152	4	175	777	268	471	5.35e-08	48.9
Lygodium_japonicum_scaffold912	AT4G21880.1	29.861	144	88	6	187	597	501	638	2.95e-09	52.8
Lygodium_japonicum_scaffold912	AT4G04790.1	27.465	142	94	5	187	597	481	618	4.77e-08	48.9
Lygodium_japonicum_scaffold930	AT1G13630.4	22.414	232	170	4	1975	1304	407	636	1.89e-15	73.9
Lygodium_japonicum_scaffold930	AT1G13630.4	20.714	280	173	6	1966	1268	269	546	6.37e-09	52.8
Lygodium_japonicum_scaffold930	AT3G61360.1	22.424	165	119	3	1969	1496	244	406	3.89e-06	43.5
Lygodium_japonicum_scaffold931	AT1G13630.4	26.786	112	71	3	131	454	530	634	1.84e-07	45.8
Lygodium_japonicum_scaffold931	AT1G13630.4	24.427	131	88	3	284	655	338	464	6.51e-07	43.9
Lygodium_japonicum_scaffold931	AT1G13630.4	22.378	143	100	4	236	637	494	634	5.92e-06	41.2
Lygodium_japonicum_scaffold931	AT4G04790.1	23.913	92	66	2	296	571	481	568	4.77e-06	41.2
Lygodium_japonicum_scaffold949	AT4G04790.1	33.043	115	68	3	1941	1612	481	591	4.98e-10	56.6
Lygodium_japonicum_scaffold949	AT4G21880.1	27.083	144	97	4	2256	1840	497	637	8.06e-09	52.8
Lygodium_japonicum_scaffold949	AT4G21880.1	28.800	125	73	3	1959	1585	495	603	1.28e-07	48.9
Lygodium_japonicum_scaffold949	AT1G13630.4	23.567	157	116	1	2280	1822	225	381	6.28e-07	46.6
Lygodium_japonicum_scaffold949	AT3G61360.1	23.718	156	113	3	2256	1807	244	399	1.22e-06	45.4
Lygodium_japonicum_scaffold974	AT1G13630.4	25.301	332	191	9	8	940	398	693	3.43e-16	76.6
Lygodium_japonicum_scaffold974	AT1G13630.4	23.284	335	239	7	38	994	303	635	2.23e-14	70.5
Lygodium_japonicum_scaffold974	AT4G21880.1	28.125	96	66	1	50	337	501	593	1.25e-07	48.9
Lygodium_japonicum_scaffold974	AT3G61360.1	25.455	165	110	5	2	466	194	355	8.28e-07	45.8
Lygodium_japonicum_scaffold976	AT1G13630.4	28.972	107	71	2	314	622	494	599	5.94e-08	46.6
Lygodium_japonicum_scaffold976	AT1G13630.4	24.000	225	135	8	26	610	494	712	1.43e-07	45.4
Lygodium_japonicum_scaffold976	AT1G13630.4	25.281	178	120	4	20	514	422	599	2.77e-07	44.7
Lygodium_japonicum_scaffold976	AT3G61360.1	26.882	93	59	4	323	580	297	387	7.67e-06	40.0
Lygodium_japonicum_scaffold976	AT4G04790.1	25.287	87	61	2	374	634	481	563	9.10e-06	40.0
Lygodium_japonicum_scaffold857	AT2G26980.4	28.638	213	138	8	933	1556	22	225	5.40e-14	68.9
Lygodium_japonicum_scaffold857	AT4G24400.1	27.189	217	134	8	933	1556	7	208	4.61e-13	65.9
Lygodium_japonicum_scaffold857	AT1G30270.1	25.822	213	144	6	933	1556	29	232	7.07e-13	65.5
Lygodium_japonicum_scaffold857	AT1G01140.3	23.704	270	184	8	933	1727	17	269	1.70e-12	63.9
Lygodium_japonicum_scaffold857	AT5G21326.1	27.570	214	139	7	933	1556	11	214	2.15e-12	63.5
Lygodium_japonicum_scaffold857	AT5G35410.1	28.111	217	132	8	933	1556	9	210	1.69e-11	60.8
Lygodium_japonicum_scaffold690	AT4G21880.1	25.714	140	98	3	3157	2747	497	633	1.45e-08	52.8
Lygodium_japonicum_scaffold690	AT4G04790.1	24.286	140	100	2	3157	2747	477	613	1.49e-08	52.4
Lygodium_japonicum_scaffold690	AT1G13630.4	21.678	286	180	7	3157	2432	338	623	8.97e-08	50.1
Lygodium_japonicum_scaffold1061	AT4G21880.1	31.250	80	50	2	1388	1149	484	558	5.38e-07	45.8
Lygodium_japonicum_scaffold1063	AT4G21880.1	31.250	80	50	2	1509	1270	484	558	6.13e-07	45.8
Lygodium_japonicum_scaffold1072	AT2G20570.2	36.198	384	186	13	79	1116	69	431	1.89e-40	149
Lygodium_japonicum_scaffold1072	AT5G44190.1	36.413	368	174	13	61	1116	61	384	2.00e-36	136
Lygodium_japonicum_scaffold1075	AT2G36450.1	52.308	65	30	1	526	717	11	75	1.04e-15	69.3
Lygodium_japonicum_scaffold1075	AT5G52020.1	56.140	57	24	1	538	708	65	120	9.68e-10	52.8
Lygodium_japonicum_scaffold1075	AT1G12630.1	55.000	60	26	1	538	717	19	77	1.63e-09	51.6
Lygodium_japonicum_scaffold1095	AT3G63170.1	38.119	202	114	2	490	1095	76	266	2.36e-37	133
Lygodium_japonicum_scaffold1096	AT3G63170.1	38.119	202	114	2	560	1165	76	266	3.10e-37	133
Lygodium_japonicum_scaffold1107	AT1G01140.3	28.169	213	142	7	238	861	18	224	3.12e-15	72.0
Lygodium_japonicum_scaffold1107	AT4G24400.1	26.378	254	154	10	220	966	2	227	2.16e-13	66.2
Lygodium_japonicum_scaffold1107	AT1G30270.1	27.619	210	139	9	241	852	31	233	1.47e-12	63.5
Lygodium_japonicum_scaffold1107	AT5G21326.1	26.667	225	152	8	241	900	13	229	7.04e-12	61.2
Lygodium_japonicum_scaffold1107	AT5G35410.1	27.536	207	137	9	241	846	11	209	9.00e-12	61.2
Lygodium_japonicum_scaffold1107	AT2G26980.4	27.273	209	141	7	241	852	24	226	3.89e-10	55.8
Lygodium_japonicum_scaffold1101	AT2G34630.2	34.000	200	116	5	1368	769	171	354	1.90e-20	88.6
Lygodium_japonicum_scaffold593	AT3G53480.1	26.194	607	404	18	2643	883	860	1442	2.52e-45	171
Lygodium_japonicum_scaffold593	AT3G53480.1	26.012	642	394	19	2634	877	175	791	4.42e-40	154
Lygodium_japonicum_scaffold593	AT2G37280.3	26.087	621	402	21	2643	862	852	1442	1.51e-43	166
Lygodium_japonicum_scaffold593	AT2G37280.3	25.113	661	379	19	2598	877	154	785	1.00e-42	163
Lygodium_japonicum_scaffold593	AT4G15233.1	25.160	624	396	16	2598	877	155	757	2.33e-41	158
Lygodium_japonicum_scaffold593	AT4G15233.1	25.403	559	380	15	2598	967	819	1355	4.16e-38	148
Lygodium_japonicum_scaffold593	AT4G15230.1	23.077	663	437	16	2598	781	156	802	2.84e-41	158
Lygodium_japonicum_scaffold593	AT4G15230.1	26.144	612	390	23	2634	880	817	1393	1.44e-39	153
Lygodium_japonicum_scaffold593	AT4G15236.1	25.280	625	394	16	2598	877	153	755	9.73e-41	156
Lygodium_japonicum_scaffold593	AT4G15236.1	25.508	541	365	15	2598	1024	817	1335	8.78e-39	150
Lygodium_japonicum_scaffold593	AT4G15215.11	26.429	560	368	18	2634	1009	814	1347	2.07e-40	155
Lygodium_japonicum_scaffold593	AT4G15215.11	25.240	626	399	16	2598	868	153	758	6.33e-40	154
Lygodium_japonicum_scaffold1124	AT5G35410.1	28.704	216	122	12	1036	407	17	206	2.08e-09	52.8
Lygodium_japonicum_scaffold1124	AT1G30270.1	26.244	221	125	9	1039	407	36	228	2.19e-09	52.8
Lygodium_japonicum_scaffold1124	AT2G26980.4	27.064	218	127	9	1039	407	29	221	4.95e-08	48.5
Lygodium_japonicum_scaffold1124	AT4G24400.1	30.594	219	114	11	1036	407	15	204	7.61e-08	48.1
Lygodium_japonicum_scaffold1124	AT1G01140.3	27.545	167	103	6	895	407	64	216	3.31e-07	45.8
Lygodium_japonicum_scaffold1124	AT5G21326.1	35.714	84	45	4	646	407	132	210	2.57e-06	43.1
Lygodium_japonicum_scaffold926	AT4G15215.11	35.106	94	57	3	1882	2151	932	1025	2.51e-09	55.8
Lygodium_japonicum_scaffold926	AT4G15215.11	32.673	101	63	3	3862	4149	933	1033	3.33e-06	45.4
Lygodium_japonicum_scaffold926	AT4G15230.1	32.979	94	59	3	1882	2151	935	1028	5.47e-08	51.2
Lygodium_japonicum_scaffold926	AT3G53480.1	29.464	112	71	4	1882	2211	985	1090	3.34e-07	48.9
Lygodium_japonicum_scaffold926	AT3G53480.1	33.333	93	57	4	3886	4149	994	1086	7.52e-06	44.3
Lygodium_japonicum_scaffold926	AT4G15233.1	27.586	116	76	4	1882	2223	927	1036	3.44e-07	48.5
Lygodium_japonicum_scaffold926	AT4G15233.1	34.409	93	56	4	3886	4149	936	1028	1.44e-06	46.6
Lygodium_japonicum_scaffold926	AT4G15236.1	26.724	116	77	4	1882	2223	925	1034	4.70e-07	48.1
Lygodium_japonicum_scaffold926	AT4G15236.1	33.333	93	57	4	3886	4149	934	1026	1.68e-06	46.6
Lygodium_japonicum_scaffold926	AT2G37280.3	37.681	69	41	2	1909	2109	986	1054	9.92e-07	47.4
Lygodium_japonicum_scaffold926	AT2G37280.3	32.258	93	58	4	3886	4149	986	1078	2.99e-06	45.4
Lygodium_japonicum_scaffold926	AT2G37280.3	29.167	96	62	2	3892	4167	337	430	5.01e-06	45.1
Lygodium_japonicum_scaffold1127	AT1G13630.4	24.339	378	262	9	1306	236	279	653	6.06e-21	90.5
Lygodium_japonicum_scaffold1127	AT1G13630.4	20.968	310	204	8	1339	455	514	797	2.68e-13	66.2
Lygodium_japonicum_scaffold1127	AT1G13630.4	21.345	342	191	8	1282	284	221	493	6.11e-12	62.0
Lygodium_japonicum_scaffold1127	AT1G13630.4	20.949	253	186	6	976	248	221	469	1.24e-10	57.8
Lygodium_japonicum_scaffold1127	AT4G21880.1	30.714	140	89	5	1246	836	497	631	5.39e-12	62.0
Lygodium_japonicum_scaffold1127	AT4G21880.1	29.457	129	84	3	928	551	501	625	1.38e-10	57.8
Lygodium_japonicum_scaffold1127	AT3G61360.1	20.664	271	171	7	1234	446	179	413	1.43e-11	60.5
Lygodium_japonicum_scaffold1127	AT3G61360.1	23.324	343	224	14	1144	212	134	469	1.97e-11	60.1
Lygodium_japonicum_scaffold1127	AT4G04790.1	23.322	283	183	10	1246	458	477	745	2.28e-11	60.1
Lygodium_japonicum_scaffold1129	AT1G13630.4	27.329	161	105	6	798	343	477	634	4.18e-14	54.7
Lygodium_japonicum_scaffold1129	AT1G13630.4	34.615	52	30	2	925	773	410	458	4.18e-14	34.7
Lygodium_japonicum_scaffold1129	AT1G13630.4	44.186	43	24	0	928	800	514	556	9.00e-11	40.0
Lygodium_japonicum_scaffold1129	AT1G13630.4	23.952	167	107	5	798	355	581	746	9.00e-11	38.1
Lygodium_japonicum_scaffold1129	AT1G13630.4	22.566	226	157	9	822	175	400	617	1.03e-10	48.9
Lygodium_japonicum_scaffold1129	AT1G13630.4	35.000	40	26	0	928	809	338	377	1.03e-10	28.5
Lygodium_japonicum_scaffold1129	AT1G13630.4	29.114	158	88	7	738	295	324	467	3.93e-09	51.6
Lygodium_japonicum_scaffold1131	AT1G13630.4	25.490	204	136	7	1051	470	422	619	3.84e-08	48.9
Lygodium_japonicum_scaffold1131	AT1G13630.4	20.192	208	146	6	1147	581	565	771	1.54e-06	43.9
Lygodium_japonicum_scaffold1128	AT1G13630.4	28.169	142	97	2	1301	888	414	554	6.45e-17	63.2
Lygodium_japonicum_scaffold1128	AT1G13630.4	23.899	159	101	5	774	355	589	746	6.45e-17	36.6
Lygodium_japonicum_scaffold1128	AT1G13630.4	27.273	143	93	5	744	343	494	634	2.05e-09	53.9
Lygodium_japonicum_scaffold1128	AT1G13630.4	28.846	156	87	7	738	301	324	465	1.03e-08	51.6
Lygodium_japonicum_scaffold1128	AT1G13630.4	26.163	172	117	3	1376	888	279	449	4.12e-08	49.7
Lygodium_japonicum_scaffold1128	AT1G13630.4	25.824	182	90	4	1397	876	484	628	1.62e-07	47.8
Lygodium_japonicum_scaffold1128	AT1G13630.4	21.905	210	148	8	774	175	414	617	3.06e-07	47.0
Lygodium_japonicum_scaffold1128	AT1G13630.4	21.635	208	128	6	1409	813	514	695	3.13e-07	47.0
Lygodium_japonicum_scaffold1128	AT1G13630.4	23.077	169	90	2	1352	858	221	353	2.44e-06	43.9
Lygodium_japonicum_scaffold1128	AT4G21880.1	30.714	140	89	5	1316	906	497	631	6.05e-12	62.0
Lygodium_japonicum_scaffold1128	AT4G04790.1	28.889	135	89	4	1316	921	477	607	2.25e-10	57.0
Lygodium_japonicum_scaffold1128	AT3G61360.1	21.591	176	99	3	1304	891	179	353	3.51e-07	46.6
Lygodium_japonicum_scaffold1147	AT1G13630.4	30.682	88	57	1	469	218	541	628	5.22e-10	52.8
Lygodium_japonicum_scaffold1147	AT1G13630.4	25.472	106	75	1	400	95	494	599	2.49e-08	47.8
Lygodium_japonicum_scaffold1147	AT1G13630.4	21.212	165	121	2	469	2	365	529	1.81e-06	42.0
Lygodium_japonicum_scaffold1147	AT1G13630.4	24.409	127	90	2	370	2	264	388	2.80e-06	41.2
Lygodium_japonicum_scaffold1147	AT4G21880.1	35.211	71	43	2	469	266	556	626	3.62e-07	43.9
Lygodium_japonicum_scaffold1147	AT4G21880.1	20.339	118	85	3	412	59	483	591	6.21e-06	39.7
Lygodium_japonicum_scaffold1147	AT4G21880.1	33.333	21	14	0	579	517	453	473	6.21e-06	20.8
Lygodium_japonicum_scaffold1148	AT1G13630.4	29.630	108	72	1	529	218	521	628	1.48e-10	56.2
Lygodium_japonicum_scaffold1148	AT1G13630.4	25.472	106	75	1	400	95	494	599	6.96e-08	47.8
Lygodium_japonicum_scaffold1148	AT1G13630.4	21.818	165	120	2	469	2	365	529	7.22e-06	41.2
Lygodium_japonicum_scaffold1148	AT1G13630.4	25.397	126	88	2	367	2	265	388	7.61e-06	41.2
Lygodium_japonicum_scaffold1148	AT4G21880.1	33.784	74	46	2	478	266	553	626	1.85e-06	43.1
Lygodium_japonicum_scaffold1159	AT4G21880.1	21.970	132	98	2	1480	1091	497	625	5.59e-06	43.1
Lygodium_japonicum_scaffold1159	AT1G13630.4	19.753	243	176	4	1759	1088	522	764	7.45e-06	42.7
Lygodium_japonicum_scaffold1190	AT5G35410.1	27.143	210	138	6	1465	857	59	260	1.59e-15	73.2
Lygodium_japonicum_scaffold1190	AT4G24400.1	26.877	253	164	7	1609	872	15	253	4.29e-15	71.6
Lygodium_japonicum_scaffold1190	AT2G26980.4	28.175	252	148	8	1609	896	30	262	5.19e-15	71.6
Lygodium_japonicum_scaffold1190	AT5G21326.1	28.685	251	150	7	1612	896	18	251	5.72e-15	71.2
Lygodium_japonicum_scaffold1190	AT1G01140.3	27.928	222	137	6	1630	983	18	222	1.20e-13	67.0
Lygodium_japonicum_scaffold1190	AT1G30270.1	27.619	210	129	6	1612	1001	36	228	1.91e-12	63.5
Lygodium_japonicum_scaffold1188	AT1G30270.1	28.319	226	146	9	1340	681	37	252	4.09e-15	72.0
Lygodium_japonicum_scaffold1188	AT5G35410.1	29.353	201	125	8	1340	756	17	206	1.86e-14	69.7
Lygodium_japonicum_scaffold1188	AT4G24400.1	24.793	242	156	8	1340	663	15	246	2.02e-13	66.2
Lygodium_japonicum_scaffold1188	AT1G01140.3	29.075	227	143	11	1340	681	25	240	9.57e-13	64.3
Lygodium_japonicum_scaffold1188	AT2G26980.4	27.876	226	147	9	1340	681	30	245	1.72e-12	63.5
Lygodium_japonicum_scaffold1188	AT5G21326.1	25.105	239	163	8	1355	657	14	242	3.75e-11	59.3
Lygodium_japonicum_scaffold1196	AT1G13630.4	25.000	168	121	2	3	491	371	538	2.21e-10	53.1
Lygodium_japonicum_scaffold1196	AT1G13630.4	24.551	167	120	3	3	488	442	607	5.22e-07	43.1
Lygodium_japonicum_scaffold1196	AT1G13630.4	20.305	197	148	3	6	569	267	463	1.33e-06	42.0
Lygodium_japonicum_scaffold1196	AT3G61360.1	22.727	176	128	4	6	509	134	309	7.52e-06	39.3
Lygodium_japonicum_scaffold1197	AT2G26980.4	30.045	223	118	9	1233	586	30	221	1.14e-12	63.9
Lygodium_japonicum_scaffold1197	AT1G30270.1	27.984	243	123	10	1284	586	28	228	1.44e-11	60.8
Lygodium_japonicum_scaffold1197	AT5G21326.1	28.761	226	117	8	1233	586	19	210	3.43e-11	59.3
Lygodium_japonicum_scaffold1197	AT1G01140.3	28.634	227	116	10	1233	586	25	216	4.88e-11	58.9
Lygodium_japonicum_scaffold1197	AT4G24400.1	26.667	225	129	7	1245	586	11	204	1.58e-10	57.4
Lygodium_japonicum_scaffold1197	AT5G35410.1	25.792	221	128	5	1233	586	17	206	2.65e-10	56.6
Lygodium_japonicum_scaffold1194	AT5G44190.1	50.794	63	30	1	465	277	141	202	2.14e-15	70.9
Lygodium_japonicum_scaffold1194	AT2G20570.2	52.727	55	25	1	441	277	171	224	7.63e-13	63.2
Lygodium_japonicum_scaffold1194	AT5G17300.1	33.784	74	41	2	510	289	34	99	4.26e-06	42.0
Lygodium_japonicum_scaffold1195	AT5G44190.1	50.794	63	30	1	793	605	141	202	3.79e-15	70.9
Lygodium_japonicum_scaffold1195	AT2G20570.2	52.727	55	25	1	769	605	171	224	1.34e-12	63.2
Lygodium_japonicum_scaffold1195	AT5G17300.1	33.784	74	41	2	838	617	34	99	6.05e-06	42.0
Lygodium_japonicum_scaffold1234	AT4G21880.1	33.654	104	59	5	559	263	529	627	3.11e-06	40.8
Lygodium_japonicum_scaffold1294	AT2G35635.1	26.452	155	103	2	1204	740	2	145	1.42e-10	53.5
Lygodium_japonicum_scaffold1294	AT1G31340.1	26.452	155	103	2	1204	740	2	145	2.31e-10	53.1
Lygodium_japonicum_scaffold1303	AT1G13630.4	25.592	211	141	6	1029	430	265	470	1.34e-14	70.5
Lygodium_japonicum_scaffold1303	AT1G13630.4	26.012	173	122	3	1029	523	441	611	9.23e-12	61.2
Lygodium_japonicum_scaffold1303	AT1G13630.4	26.471	102	70	2	975	682	529	629	4.59e-07	46.2
Lygodium_japonicum_scaffold1303	AT1G13630.4	25.833	120	76	4	1562	1239	488	606	4.94e-07	46.2
Lygodium_japonicum_scaffold1303	AT4G04790.1	27.200	125	82	5	819	460	477	597	1.32e-07	48.1
Lygodium_japonicum_scaffold1303	AT4G21880.1	29.000	100	65	3	819	523	497	591	1.59e-07	47.8
Lygodium_japonicum_scaffold1303	AT4G21880.1	25.806	124	85	3	1391	1029	501	620	3.90e-07	46.6
Lygodium_japonicum_scaffold1303	AT4G21880.1	36.585	82	47	3	1520	1290	556	637	1.72e-06	44.3
Lygodium_japonicum_scaffold1362	AT1G13630.4	22.255	337	244	6	1474	509	279	612	3.40e-14	69.3
Lygodium_japonicum_scaffold1362	AT1G13630.4	19.595	296	188	6	1522	677	368	627	2.91e-11	59.7
Lygodium_japonicum_scaffold1362	AT4G21880.1	23.952	167	117	4	1435	947	492	652	6.37e-10	55.5
Lygodium_japonicum_scaffold1362	AT4G21880.1	23.485	132	95	3	796	407	501	628	1.40e-06	44.7
Lygodium_japonicum_scaffold1362	AT4G04790.1	24.852	169	113	5	1435	947	472	632	2.87e-08	50.1
Lygodium_japonicum_scaffold1362	AT4G04790.1	21.782	202	144	4	796	200	481	671	3.75e-08	49.7
Lygodium_japonicum_scaffold1377	AT2G35635.1	100.000	17	0	0	3	53	60	76	3.00e-06	37.4
Lygodium_japonicum_scaffold1377	AT1G31340.1	100.000	17	0	0	3	53	60	76	3.38e-06	37.4
Lygodium_japonicum_scaffold1415	AT1G13630.4	30.519	154	81	8	270	698	339	477	1.23e-06	45.1
Lygodium_japonicum_scaffold1428	AT1G13630.4	26.087	184	112	6	21	509	494	674	3.94e-11	54.7
Lygodium_japonicum_scaffold1428	AT1G13630.4	25.424	177	119	5	9	509	279	452	5.84e-10	51.2
Lygodium_japonicum_scaffold1428	AT1G13630.4	25.517	145	102	2	87	509	485	627	3.56e-09	49.3
Lygodium_japonicum_scaffold1428	AT1G13630.4	23.718	156	113	3	54	509	404	557	4.22e-09	48.9
Lygodium_japonicum_scaffold1428	AT3G61360.1	23.780	164	116	3	27	497	192	353	1.40e-08	47.4
Lygodium_japonicum_scaffold1428	AT4G21880.1	29.000	100	62	3	81	374	501	593	6.04e-08	45.4
Lygodium_japonicum_scaffold1428	AT4G04790.1	22.901	131	93	4	81	464	481	606	4.12e-06	40.0
Lygodium_japonicum_scaffold1447	AT1G13630.4	20.000	395	276	7	1	1158	237	600	1.25e-21	93.6
Lygodium_japonicum_scaffold1447	AT1G13630.4	21.975	405	284	9	4	1134	414	814	9.33e-17	78.2
Lygodium_japonicum_scaffold1447	AT4G04790.1	25.000	144	101	3	871	1296	470	608	3.54e-08	50.4
Lygodium_japonicum_scaffold1447	AT4G04790.1	22.674	172	119	4	292	786	477	641	1.05e-06	45.4
Lygodium_japonicum_scaffold1447	AT3G61360.1	20.661	242	181	5	463	1161	164	403	6.75e-08	49.3
Lygodium_japonicum_scaffold1447	AT4G21880.1	21.586	227	152	5	352	987	412	627	7.16e-07	46.2
Lygodium_japonicum_scaffold1447	AT4G21880.1	25.352	213	135	8	52	681	435	626	1.04e-06	45.8
Lygodium_japonicum_scaffold1447	AT4G21880.1	23.571	140	99	3	1	405	501	637	6.89e-06	43.1
Lygodium_japonicum_scaffold1453	AT2G32440.1	20.238	336	227	8	1264	257	164	458	1.16e-10	57.8
Lygodium_japonicum_scaffold1453	AT1G05160.1	21.994	341	225	9	1264	245	165	465	3.32e-10	56.2
Lygodium_japonicum_scaffold1473	AT1G13630.4	22.456	285	193	7	17	790	496	779	2.40e-09	53.1
Lygodium_japonicum_scaffold1473	AT1G13630.4	23.585	212	143	5	5	601	422	627	3.26e-06	43.1
Lygodium_japonicum_scaffold1473	AT3G61360.1	21.250	160	119	2	17	475	192	351	9.10e-07	44.7
Lygodium_japonicum_scaffold1473	AT4G21880.1	21.192	151	105	4	26	451	482	627	1.05e-06	44.7
Lygodium_japonicum_scaffold1482	AT1G13630.4	22.677	269	196	5	230	1006	357	623	2.45e-12	63.9
Lygodium_japonicum_scaffold1482	AT1G13630.4	22.945	292	178	9	533	1273	322	611	3.22e-07	47.4
Lygodium_japonicum_scaffold1482	AT1G13630.4	19.868	302	221	6	173	1018	514	814	1.16e-06	45.4
Lygodium_japonicum_scaffold1482	AT4G21880.1	21.908	283	197	8	71	865	350	626	2.97e-09	53.9
Lygodium_japonicum_scaffold1527	AT4G21880.1	22.594	239	158	8	1032	361	412	638	3.12e-11	58.5
Lygodium_japonicum_scaffold1527	AT4G04790.1	20.652	184	132	5	1032	502	392	568	6.94e-10	54.3
Lygodium_japonicum_scaffold1527	AT1G13630.4	20.155	129	99	2	867	481	210	334	5.78e-08	48.1
Lygodium_japonicum_scaffold1527	AT1G13630.4	22.500	240	155	10	1047	391	424	653	3.26e-06	42.7
Lygodium_japonicum_scaffold1530	AT1G13630.4	24.762	420	281	12	15	1193	409	820	3.83e-24	100
Lygodium_japonicum_scaffold1530	AT1G13630.4	22.581	465	327	10	15	1319	303	764	1.29e-21	93.2
Lygodium_japonicum_scaffold1530	AT1G13630.4	21.622	407	250	15	303	1334	261	661	5.62e-15	72.0
Lygodium_japonicum_scaffold1530	AT4G21880.1	25.381	197	138	5	276	857	486	676	8.90e-10	55.1
Lygodium_japonicum_scaffold1530	AT4G21880.1	22.963	135	92	4	936	1325	501	628	1.27e-07	48.1
Lygodium_japonicum_scaffold1530	AT4G21880.1	25.000	140	97	4	633	1037	501	637	6.74e-06	42.7
Lygodium_japonicum_scaffold1530	AT4G04790.1	24.272	206	145	5	276	881	466	664	4.11e-08	49.7
Lygodium_japonicum_scaffold1530	AT4G04790.1	26.087	115	76	2	936	1265	481	591	2.13e-07	47.4
Lygodium_japonicum_scaffold1530	AT3G61360.1	21.293	263	167	7	30	797	180	409	2.49e-07	47.0
Lygodium_japonicum_scaffold1530	AT3G61360.1	28.477	151	90	5	18	437	210	353	2.18e-06	43.9
Lygodium_japonicum_scaffold1573	AT1G13630.4	23.229	353	244	11	295	1290	273	619	3.64e-18	82.4
Lygodium_japonicum_scaffold1573	AT1G13630.4	21.941	474	323	13	64	1374	301	764	2.06e-15	73.6
Lygodium_japonicum_scaffold1573	AT1G13630.4	20.347	403	296	10	343	1500	223	617	5.41e-13	65.9
Lygodium_japonicum_scaffold1573	AT1G13630.4	18.648	429	287	8	64	1275	407	798	3.78e-09	53.5
Lygodium_japonicum_scaffold1573	AT3G61360.1	24.201	219	148	6	493	1098	136	353	2.78e-09	53.5
Lygodium_japonicum_scaffold1573	AT3G61360.1	21.514	251	172	7	28	744	192	429	4.29e-07	46.6
Lygodium_japonicum_scaffold1573	AT4G21880.1	24.503	151	104	4	331	762	479	626	3.22e-09	53.5
Lygodium_japonicum_scaffold1573	AT4G21880.1	27.451	102	70	2	979	1284	497	594	2.96e-08	50.4
Lygodium_japonicum_scaffold1573	AT4G04790.1	25.749	167	87	6	979	1476	477	607	3.80e-08	50.1
Lygodium_japonicum_scaffold1573	AT4G04790.1	24.540	163	111	4	298	762	448	606	5.59e-08	49.7
Lygodium_japonicum_scaffold1572	AT1G13630.4	22.831	438	289	14	70	1269	338	764	7.30e-14	68.6
Lygodium_japonicum_scaffold1572	AT1G13630.4	21.357	398	281	9	64	1173	301	694	1.25e-13	67.8
Lygodium_japonicum_scaffold1572	AT1G13630.4	23.229	353	209	13	295	1185	273	619	9.44e-13	65.1
Lygodium_japonicum_scaffold1572	AT1G13630.4	19.603	403	264	11	343	1395	223	617	1.66e-09	54.3
Lygodium_japonicum_scaffold1572	AT4G21880.1	27.451	102	70	2	874	1179	497	594	2.46e-08	50.8
Lygodium_japonicum_scaffold1572	AT4G21880.1	23.026	152	107	3	331	765	479	627	1.52e-07	48.1
Lygodium_japonicum_scaffold1572	AT4G04790.1	25.749	167	87	6	874	1371	477	607	3.42e-08	50.1
Lygodium_japonicum_scaffold1572	AT4G04790.1	24.390	205	141	5	298	888	448	646	2.99e-07	47.0
Lygodium_japonicum_scaffold1572	AT3G61360.1	24.074	162	116	2	28	492	192	353	7.15e-07	45.8
Lygodium_japonicum_scaffold1604	AT1G13630.4	25.434	173	121	4	758	255	416	585	1.60e-12	60.8
Lygodium_japonicum_scaffold1604	AT1G13630.4	26.950	141	98	2	689	279	263	402	1.75e-06	42.4
Lygodium_japonicum_scaffold1641	AT2G28000.1	22.115	520	345	16	152	1612	75	567	3.48e-10	56.6
Lygodium_japonicum_scaffold1641	AT5G18820.1	29.730	111	71	3	152	469	62	170	2.16e-08	50.8
Lygodium_japonicum_scaffold1677	AT2G18330.1	31.507	146	89	4	1434	1009	383	521	2.54e-14	70.5
Lygodium_japonicum_scaffold1677	AT4G36580.1	31.507	146	89	4	1434	1009	380	518	1.53e-13	67.8
Lygodium_japonicum_scaffold1677	AT5G16930.1	30.519	154	96	4	1431	982	397	543	1.83e-13	67.8
Lygodium_japonicum_scaffold1677	AT3G03060.1	30.519	154	96	4	1431	982	385	531	1.88e-13	67.4
Lygodium_japonicum_scaffold1678	AT5G08130.8	62.766	94	31	2	1184	903	280	369	1.28e-29	117
Lygodium_japonicum_scaffold1678	AT1G69010.1	63.014	73	27	0	1178	960	47	119	8.56e-26	102
Lygodium_japonicum_scaffold1679	AT5G08130.8	62.766	94	31	2	1328	1047	280	369	1.54e-29	117
Lygodium_japonicum_scaffold1679	AT1G69010.1	63.014	73	27	0	1322	1104	47	119	9.57e-26	102
Lygodium_japonicum_scaffold1713	AT2G26980.4	31.288	163	101	5	1247	768	67	221	7.64e-15	70.1
Lygodium_japonicum_scaffold1713	AT5G35410.1	30.625	160	102	5	1244	768	55	206	1.97e-14	68.9
Lygodium_japonicum_scaffold1713	AT5G21326.1	31.100	209	128	7	1349	747	17	217	4.44e-14	67.8
Lygodium_japonicum_scaffold1713	AT1G30270.1	26.255	259	166	11	1355	627	33	282	4.71e-14	67.8
Lygodium_japonicum_scaffold1713	AT4G24400.1	25.000	232	150	9	1244	579	53	270	1.57e-13	66.2
Lygodium_japonicum_scaffold1713	AT1G01140.3	26.667	210	138	7	1373	768	15	216	2.32e-12	62.4
Lygodium_japonicum_scaffold1750	AT1G52260.1	28.602	465	296	17	1767	421	79	523	6.72e-47	168
Lygodium_japonicum_scaffold1750	AT3G16110.1	26.030	461	313	14	1767	421	77	521	1.96e-42	155
Lygodium_japonicum_scaffold1759	AT5G35410.1	26.383	235	145	10	1059	1700	17	244	4.23e-13	65.9
Lygodium_japonicum_scaffold1759	AT1G01140.3	28.837	215	121	9	1056	1646	24	224	4.34e-13	65.9
Lygodium_japonicum_scaffold1759	AT1G30270.1	27.404	208	133	7	1056	1646	36	236	3.72e-12	63.2
Lygodium_japonicum_scaffold1759	AT4G24400.1	27.451	204	128	8	1053	1631	13	207	7.98e-12	62.0
Lygodium_japonicum_scaffold1759	AT2G26980.4	27.619	210	130	8	1056	1646	29	229	2.61e-11	60.1
Lygodium_japonicum_scaffold1759	AT5G21326.1	27.778	216	124	9	1053	1646	17	218	2.36e-10	57.0
Lygodium_japonicum_scaffold1771	AT2G32440.1	23.547	327	218	8	155	1108	170	473	2.21e-18	80.9
Lygodium_japonicum_scaffold1771	AT1G05160.1	28.636	220	140	5	473	1108	266	476	9.38e-18	79.0
Lygodium_japonicum_scaffold1783	AT1G13630.4	20.707	396	288	6	295	1407	414	808	9.24e-16	73.9
Lygodium_japonicum_scaffold1783	AT1G13630.4	28.788	66	43	2	2	193	348	411	9.24e-16	22.3
Lygodium_japonicum_scaffold1783	AT1G13630.4	16.912	408	301	4	253	1452	224	601	2.16e-12	64.3
Lygodium_japonicum_scaffold1783	AT1G13630.4	20.079	254	183	8	961	1683	363	609	2.30e-06	45.1
Lygodium_japonicum_scaffold1783	AT4G04790.1	31.579	114	73	2	1249	1584	497	607	2.59e-11	60.8
Lygodium_japonicum_scaffold1783	AT4G21880.1	27.692	130	89	2	1201	1584	501	627	6.15e-11	59.7
Lygodium_japonicum_scaffold1783	AT4G21880.1	23.243	185	132	6	802	1344	472	650	7.47e-06	43.1
Lygodium_japonicum_scaffold1783	AT3G61360.1	28.283	99	69	2	1162	1452	305	403	1.82e-06	45.1
Lygodium_japonicum_scaffold1798	AT1G78550.1	28.571	357	220	9	72	1082	14	355	2.01e-45	155
Lygodium_japonicum_scaffold1798	AT4G25300.1	30.704	355	211	10	81	1082	15	355	2.30e-45	155
Lygodium_japonicum_scaffold1798	AT1G17010.1	30.226	354	209	10	81	1073	16	354	2.10e-44	153
Lygodium_japonicum_scaffold1798	AT1G17020.1	28.409	352	218	9	81	1073	16	354	7.41e-44	151
Lygodium_japonicum_scaffold1798	AT4G25310.1	30.351	313	193	7	201	1082	46	352	3.78e-41	144
Lygodium_japonicum_scaffold1799	AT1G78550.1	32.298	322	198	8	72	1022	14	320	7.91e-53	172
Lygodium_japonicum_scaffold1799	AT1G17020.1	32.288	319	199	8	81	1022	16	322	1.38e-51	169
Lygodium_japonicum_scaffold1799	AT4G25300.1	34.169	319	192	8	81	1022	15	320	1.11e-50	167
Lygodium_japonicum_scaffold1799	AT1G17010.1	32.923	325	197	8	81	1034	16	326	4.60e-50	165
Lygodium_japonicum_scaffold1799	AT4G25310.1	34.657	277	173	5	201	1022	46	317	9.25e-49	162
Lygodium_japonicum_scaffold1802	AT4G25300.1	28.571	147	93	4	81	518	15	150	3.61e-13	60.8
Lygodium_japonicum_scaffold1802	AT1G17020.1	26.056	142	93	4	81	503	16	146	1.30e-12	59.3
Lygodium_japonicum_scaffold1802	AT1G78550.1	28.037	107	67	2	72	392	14	110	2.93e-11	55.5
Lygodium_japonicum_scaffold1802	AT1G17010.1	26.573	143	94	4	81	506	16	148	6.30e-11	54.3
Lygodium_japonicum_scaffold1802	AT4G25310.1	30.189	106	70	2	201	518	46	147	8.28e-09	48.1
Lygodium_japonicum_scaffold1831	AT5G21326.1	37.349	83	41	2	898	653	119	191	6.54e-09	50.8
Lygodium_japonicum_scaffold1831	AT2G26980.4	36.145	83	42	2	898	653	130	202	2.72e-08	48.9
Lygodium_japonicum_scaffold1831	AT1G01140.3	28.873	142	79	5	1072	653	76	197	5.48e-08	48.1
Lygodium_japonicum_scaffold1831	AT5G35410.1	34.146	82	43	2	898	653	117	187	7.48e-08	47.4
Lygodium_japonicum_scaffold1831	AT4G24400.1	35.366	82	42	3	898	653	115	185	8.46e-08	47.4
Lygodium_japonicum_scaffold1831	AT1G30270.1	36.145	83	42	2	898	653	137	209	3.78e-07	45.4
Lygodium_japonicum_scaffold1863	AT1G13630.4	20.659	455	324	9	1636	368	225	674	2.10e-18	83.2
Lygodium_japonicum_scaffold1863	AT1G13630.4	18.388	397	295	7	1594	482	415	808	1.60e-08	51.2
Lygodium_japonicum_scaffold1863	AT1G13630.4	20.556	180	121	6	1702	1226	585	763	9.38e-06	42.4
Lygodium_japonicum_scaffold1863	AT4G21880.1	22.800	250	177	5	1303	587	394	638	1.54e-10	57.8
Lygodium_japonicum_scaffold1863	AT4G04790.1	20.853	211	157	4	1036	416	364	568	2.10e-08	50.8
Lygodium_japonicum_scaffold1863	AT3G61360.1	21.839	174	129	2	1387	887	180	353	1.88e-06	44.3
Lygodium_japonicum_scaffold1864	AT1G13630.4	20.758	501	358	10	1744	344	225	720	2.74e-19	85.9
Lygodium_japonicum_scaffold1864	AT1G13630.4	22.424	330	211	8	1768	830	494	795	3.88e-11	59.7
Lygodium_japonicum_scaffold1864	AT1G13630.4	20.556	180	121	6	1810	1334	585	763	9.30e-06	42.4
Lygodium_japonicum_scaffold1864	AT4G21880.1	22.800	250	177	5	1411	695	394	638	1.58e-10	57.8
Lygodium_japonicum_scaffold1864	AT4G04790.1	20.853	211	157	4	1144	524	364	568	2.04e-08	51.2
Lygodium_japonicum_scaffold1864	AT3G61360.1	21.839	174	129	2	1495	995	180	353	2.05e-06	44.3
Lygodium_japonicum_scaffold1876	AT1G17020.1	29.640	361	205	9	165	1190	17	347	1.08e-46	159
Lygodium_japonicum_scaffold1876	AT1G78550.1	28.212	358	214	10	162	1190	16	345	1.46e-46	159
Lygodium_japonicum_scaffold1876	AT4G25310.1	32.374	278	161	7	405	1190	76	342	9.46e-45	154
Lygodium_japonicum_scaffold1876	AT4G25300.1	30.081	369	219	11	114	1190	6	345	7.63e-44	152
Lygodium_japonicum_scaffold1876	AT1G17010.1	28.134	359	213	10	165	1190	17	347	5.17e-42	147
Lygodium_japonicum_scaffold1883	AT4G04790.1	35.714	70	40	2	227	18	472	536	9.96e-09	44.3
Lygodium_japonicum_scaffold1883	AT4G21880.1	32.857	70	42	2	227	18	492	556	3.74e-08	42.7
Lygodium_japonicum_scaffold1883	AT1G13630.4	32.258	62	42	0	194	9	342	403	5.26e-07	39.7
Lygodium_japonicum_scaffold1883	AT1G13630.4	23.750	80	55	1	248	9	401	474	3.26e-06	37.4
Lygodium_japonicum_scaffold1902	AT5G02810.1	45.455	55	25	1	1409	1260	666	720	9.71e-08	49.3
Lygodium_japonicum_scaffold1912	AT2G26980.4	30.000	110	70	2	189	518	67	169	2.46e-09	49.7
Lygodium_japonicum_scaffold1912	AT4G24400.1	26.772	127	86	2	177	557	48	167	5.02e-09	48.9
Lygodium_japonicum_scaffold1912	AT1G01140.3	27.679	112	74	2	189	524	62	166	2.13e-08	47.0
Lygodium_japonicum_scaffold1912	AT5G35410.1	29.358	109	70	3	192	518	55	156	2.48e-08	46.6
Lygodium_japonicum_scaffold1912	AT1G30270.1	28.440	109	71	2	192	518	75	176	6.37e-08	45.4
Lygodium_japonicum_scaffold1912	AT5G21326.1	30.000	110	70	2	189	518	56	158	1.37e-07	44.7
Lygodium_japonicum_scaffold1924	AT5G06950.1	27.706	231	145	4	1877	1185	112	320	5.07e-19	83.2
Lygodium_japonicum_scaffold1924	AT3G12250.4	28.251	223	138	4	1877	1209	137	337	1.49e-18	82.0
Lygodium_japonicum_scaffold1924	AT1G68640.1	27.778	234	141	5	1877	1185	234	442	2.51e-15	73.2
Lygodium_japonicum_scaffold1924	AT5G06960.1	25.751	233	151	4	1877	1179	112	322	2.53e-15	72.0
Lygodium_japonicum_scaffold1932	AT5G21326.1	39.130	69	41	1	714	508	195	262	2.50e-08	48.1
Lygodium_japonicum_scaffold1932	AT1G30270.1	33.784	74	40	2	717	508	212	280	2.71e-06	42.0
Lygodium_japonicum_scaffold1930	AT2G18330.1	29.193	161	100	6	1471	1941	387	537	1.87e-08	52.4
Lygodium_japonicum_scaffold1930	AT4G36580.1	29.655	145	88	6	1471	1893	384	518	2.99e-08	51.6
Lygodium_japonicum_scaffold1930	AT5G16930.1	31.126	151	90	7	1474	1914	401	541	1.62e-07	49.3
Lygodium_japonicum_scaffold1930	AT3G03060.1	31.333	150	93	8	1471	1914	388	529	2.93e-07	48.5
Lygodium_japonicum_scaffold1962	AT3G53480.1	31.507	146	88	2	402	1	916	1061	8.51e-23	87.0
Lygodium_japonicum_scaffold1962	AT3G53480.1	37.363	91	56	1	270	1	316	406	4.23e-16	67.8
Lygodium_japonicum_scaffold1962	AT4G15215.11	34.483	145	83	2	399	1	864	1008	9.91e-23	87.0
Lygodium_japonicum_scaffold1962	AT4G15215.11	33.333	87	57	1	258	1	284	370	3.87e-13	59.3
Lygodium_japonicum_scaffold1962	AT4G15236.1	36.290	124	68	1	339	1	878	1001	2.01e-22	85.9
Lygodium_japonicum_scaffold1962	AT4G15236.1	36.364	88	53	2	258	1	284	370	3.27e-12	56.6
Lygodium_japonicum_scaffold1962	AT4G15230.1	33.793	145	84	2	399	1	867	1011	2.85e-22	85.5
Lygodium_japonicum_scaffold1962	AT4G15230.1	34.483	87	56	1	258	1	287	373	3.71e-14	62.4
Lygodium_japonicum_scaffold1962	AT2G37280.3	30.822	146	89	2	402	1	908	1053	3.89e-22	85.1
Lygodium_japonicum_scaffold1962	AT2G37280.3	40.230	87	51	1	258	1	314	400	2.74e-17	71.2
Lygodium_japonicum_scaffold1962	AT4G15233.1	35.484	124	69	2	339	1	880	1003	2.14e-21	83.2
Lygodium_japonicum_scaffold1962	AT4G15233.1	36.364	88	53	2	258	1	286	372	3.11e-12	57.0
Lygodium_japonicum_scaffold1966	AT1G30270.1	29.000	200	129	6	1956	1381	37	231	4.42e-16	75.5
Lygodium_japonicum_scaffold1966	AT1G01140.3	29.500	200	128	6	1956	1381	25	219	7.84e-16	74.7
Lygodium_japonicum_scaffold1966	AT5G21326.1	29.000	200	129	6	1956	1381	19	213	4.38e-15	72.0
Lygodium_japonicum_scaffold1966	AT2G26980.4	28.000	200	131	6	1956	1381	30	224	2.22e-14	70.1
Lygodium_japonicum_scaffold1966	AT4G24400.1	28.079	203	125	8	1956	1381	15	207	8.57e-13	65.1
Lygodium_japonicum_scaffold1966	AT5G35410.1	27.094	203	127	8	1956	1381	17	209	5.54e-12	62.4
Lygodium_japonicum_scaffold1994	AT2G01980.1	56.173	162	64	2	774	295	360	516	1.65e-61	155
Lygodium_japonicum_scaffold1994	AT2G01980.1	60.870	69	25	1	235	29	528	594	1.65e-61	92.0
Lygodium_japonicum_scaffold1994	AT1G14660.1	52.795	161	70	2	774	295	358	513	4.50e-58	145
Lygodium_japonicum_scaffold1994	AT1G14660.1	60.000	70	27	1	238	29	524	592	4.50e-58	91.3
Lygodium_japonicum_scaffold1995	AT2G01980.1	53.571	112	46	3	358	29	487	594	8.35e-35	120
Lygodium_japonicum_scaffold1995	AT1G14660.1	51.351	111	50	3	358	29	485	592	8.32e-32	112
Lygodium_japonicum_scaffold2004	AT4G25310.1	33.631	336	211	6	1470	481	13	342	9.80e-56	186
Lygodium_japonicum_scaffold2004	AT1G17020.1	33.236	343	207	10	1470	481	14	347	4.66e-54	181
Lygodium_japonicum_scaffold2004	AT4G25300.1	34.706	340	205	9	1470	481	13	345	8.42e-54	181
Lygodium_japonicum_scaffold2004	AT1G78550.1	31.672	341	196	10	1446	481	23	345	1.10e-53	180
Lygodium_japonicum_scaffold2004	AT1G17010.1	33.233	331	206	7	1446	481	23	347	2.52e-51	174
Lygodium_japonicum_scaffold2006	AT4G25310.1	35.912	181	113	2	1020	481	164	342	2.96e-36	130
Lygodium_japonicum_scaffold2006	AT1G78550.1	34.043	188	106	3	1020	481	168	345	1.83e-35	127
Lygodium_japonicum_scaffold2006	AT4G25300.1	38.122	181	109	2	1020	481	167	345	2.31e-35	127
Lygodium_japonicum_scaffold2006	AT1G17020.1	37.363	182	110	3	1020	481	168	347	1.83e-34	125
Lygodium_japonicum_scaffold2006	AT1G17010.1	35.912	181	113	2	1020	481	169	347	1.38e-33	122
Lygodium_japonicum_scaffold2005	AT1G78550.1	31.845	336	206	9	1723	746	23	345	1.47e-53	183
Lygodium_japonicum_scaffold2005	AT4G25300.1	33.811	349	200	10	1747	746	13	345	2.33e-52	179
Lygodium_japonicum_scaffold2005	AT1G17010.1	33.623	345	207	9	1747	746	14	347	2.42e-52	179
Lygodium_japonicum_scaffold2005	AT1G17020.1	31.609	348	210	10	1747	746	14	347	2.02e-51	177
Lygodium_japonicum_scaffold2005	AT4G25310.1	32.948	346	204	8	1747	746	13	342	8.42e-51	175
Lygodium_japonicum_scaffold2040	AT5G21326.1	29.952	207	127	9	1468	887	13	214	7.22e-16	74.3
Lygodium_japonicum_scaffold2040	AT1G01140.3	28.846	208	130	9	1471	887	18	220	1.31e-13	67.0
Lygodium_japonicum_scaffold2040	AT2G26980.4	27.053	207	133	9	1468	887	24	225	2.26e-12	63.2
Lygodium_japonicum_scaffold2040	AT1G30270.1	28.859	149	93	8	1309	887	89	232	3.79e-11	59.3
Lygodium_japonicum_scaffold2040	AT4G24400.1	23.301	206	140	8	1468	887	9	208	5.15e-11	58.9
Lygodium_japonicum_scaffold2040	AT5G35410.1	26.471	204	136	8	1468	887	11	210	3.03e-10	56.6
Lygodium_japonicum_scaffold2045	AT4G24400.1	28.507	221	139	9	1342	1983	48	256	6.41e-16	75.5
Lygodium_japonicum_scaffold2045	AT2G26980.4	30.460	174	97	4	1363	1860	69	226	2.34e-13	67.8
Lygodium_japonicum_scaffold2045	AT1G30270.1	28.902	173	99	4	1366	1860	77	233	1.46e-12	65.1
Lygodium_japonicum_scaffold2045	AT5G35410.1	26.667	225	120	8	1207	1854	21	209	1.56e-12	65.1
Lygodium_japonicum_scaffold2045	AT1G01140.3	27.230	213	127	6	1258	1860	25	221	6.71e-12	62.8
Lygodium_japonicum_scaffold2045	AT5G21326.1	29.341	167	108	3	1363	1860	58	215	1.26e-10	58.9
Lygodium_japonicum_scaffold2046	AT4G24400.1	28.507	221	139	9	1342	1983	48	256	5.60e-16	75.9
Lygodium_japonicum_scaffold2046	AT2G26980.4	30.460	174	97	4	1363	1860	69	226	2.51e-13	67.4
Lygodium_japonicum_scaffold2046	AT1G30270.1	29.240	171	97	4	1372	1860	79	233	1.42e-12	65.5
Lygodium_japonicum_scaffold2046	AT5G35410.1	26.667	225	120	8	1207	1854	21	209	1.78e-12	64.7
Lygodium_japonicum_scaffold2046	AT1G01140.3	27.488	211	125	6	1264	1860	27	221	6.08e-12	63.2
Lygodium_japonicum_scaffold2046	AT5G21326.1	29.341	167	108	3	1363	1860	58	215	1.21e-10	58.9
Lygodium_japonicum_scaffold2062	AT3G66658.2	29.752	242	158	5	202	897	272	511	2.03e-22	93.2
Lygodium_japonicum_scaffold2065	AT1G13630.4	24.638	138	93	4	341	727	518	653	3.98e-13	48.1
Lygodium_japonicum_scaffold2065	AT1G13630.4	21.782	101	78	1	22	324	407	506	3.98e-13	39.3
Lygodium_japonicum_scaffold2065	AT1G13630.4	24.540	163	115	5	341	811	377	537	1.61e-08	42.4
Lygodium_japonicum_scaffold2065	AT1G13630.4	27.143	70	51	0	22	231	301	370	1.61e-08	28.9
Lygodium_japonicum_scaffold2065	AT4G21880.1	31.959	97	62	2	40	330	501	593	6.96e-09	52.8
Lygodium_japonicum_scaffold2107	AT5G60100.2	40.984	122	69	1	703	347	64	185	1.55e-21	90.1
Lygodium_japonicum_scaffold2107	AT5G02810.1	36.066	122	75	1	703	347	78	199	4.23e-18	80.1
Lygodium_japonicum_scaffold2108	AT5G60100.2	40.984	122	69	1	2103	1747	64	185	5.54e-21	91.3
Lygodium_japonicum_scaffold2108	AT5G02810.1	36.066	122	75	1	2103	1747	78	199	6.55e-18	82.4
Lygodium_japonicum_scaffold2108	AT5G44190.1	76.471	34	8	0	1505	1404	172	205	1.01e-12	57.4
Lygodium_japonicum_scaffold2108	AT5G44190.1	42.308	26	15	0	1617	1540	136	161	1.01e-12	28.9
Lygodium_japonicum_scaffold2108	AT2G20570.2	70.588	34	10	0	1505	1404	194	227	1.72e-09	53.1
Lygodium_japonicum_scaffold2108	AT2G20570.2	46.154	13	7	0	1578	1540	171	183	1.72e-09	22.3
Lygodium_japonicum_scaffold2127	AT1G13630.4	33.333	75	43	2	2	205	526	600	3.58e-07	41.2
Lygodium_japonicum_scaffold2127	AT1G13630.4	32.787	61	36	1	59	241	584	639	3.99e-06	38.1
Lygodium_japonicum_scaffold2127	AT3G61360.1	33.929	56	33	1	23	178	298	353	5.36e-07	40.4
Lygodium_japonicum_scaffold2127	AT4G21880.1	31.034	58	38	1	29	202	489	544	1.51e-06	39.3
Lygodium_japonicum_scaffold2148	AT4G24400.1	34.091	132	74	5	679	1068	91	211	1.63e-12	58.9
Lygodium_japonicum_scaffold2148	AT4G24400.1	23.457	81	58	2	434	670	11	89	1.63e-12	26.2
Lygodium_japonicum_scaffold2148	AT1G30270.1	33.077	130	75	4	724	1104	126	246	2.33e-12	59.3
Lygodium_japonicum_scaffold2148	AT1G30270.1	22.892	83	56	3	434	670	33	111	2.33e-12	25.0
Lygodium_japonicum_scaffold2148	AT5G35410.1	29.204	113	71	3	724	1059	106	210	6.60e-12	47.4
Lygodium_japonicum_scaffold2148	AT5G35410.1	28.395	81	54	2	434	670	13	91	6.60e-12	35.4
Lygodium_japonicum_scaffold2148	AT1G01140.3	32.673	101	57	3	769	1062	129	221	2.71e-11	52.4
Lygodium_japonicum_scaffold2148	AT1G01140.3	27.711	83	52	3	434	670	21	99	2.71e-11	28.1
Lygodium_japonicum_scaffold2148	AT2G26980.4	30.159	126	76	4	739	1107	124	240	2.28e-10	50.4
Lygodium_japonicum_scaffold2148	AT2G26980.4	25.301	83	54	3	434	670	26	104	2.28e-10	26.9
Lygodium_japonicum_scaffold2148	AT5G21326.1	32.061	131	77	4	724	1107	108	229	4.49e-10	55.5
Lygodium_japonicum_scaffold2180	AT4G24940.1	30.147	136	89	3	135	533	14	146	4.48e-12	61.6
Lygodium_japonicum_scaffold2180	AT5G50680.1	23.077	195	134	4	135	680	14	205	1.36e-10	57.0
Lygodium_japonicum_scaffold2180	AT5G50580.2	23.077	195	134	4	135	680	14	205	1.36e-10	57.0
Lygodium_japonicum_scaffold2181	AT4G24940.1	30.147	136	89	3	135	533	14	146	4.73e-12	61.6
Lygodium_japonicum_scaffold2181	AT5G50680.1	23.077	195	134	4	135	680	14	205	1.43e-10	57.0
Lygodium_japonicum_scaffold2181	AT5G50580.2	23.077	195	134	4	135	680	14	205	1.43e-10	57.0
Lygodium_japonicum_scaffold2192	AT1G13630.4	21.639	305	218	7	35	910	357	653	1.02e-13	68.2
Lygodium_japonicum_scaffold2192	AT1G13630.4	22.695	282	153	8	32	808	458	697	3.51e-10	56.6
Lygodium_japonicum_scaffold2192	AT1G13630.4	24.092	303	188	7	92	973	265	534	9.99e-10	55.1
Lygodium_japonicum_scaffold2192	AT4G04790.1	22.458	236	166	6	116	787	338	568	8.69e-11	58.5
Lygodium_japonicum_scaffold2192	AT4G21880.1	23.970	267	176	9	116	862	358	615	3.31e-09	53.5
Lygodium_japonicum_scaffold855	AT2G26980.4	28.638	213	138	8	975	1598	22	225	2.27e-13	67.0
Lygodium_japonicum_scaffold855	AT4G24400.1	27.189	217	134	8	975	1598	7	208	1.11e-12	64.7
Lygodium_japonicum_scaffold855	AT1G30270.1	25.822	213	144	6	975	1598	29	232	1.60e-12	64.3
Lygodium_japonicum_scaffold855	AT1G01140.3	24.542	273	178	11	975	1769	17	269	6.34e-12	62.4
Lygodium_japonicum_scaffold855	AT5G21326.1	27.700	213	140	7	975	1598	11	214	7.83e-12	62.0
Lygodium_japonicum_scaffold855	AT5G35410.1	28.111	217	132	8	975	1598	9	210	3.61e-11	59.7
Lygodium_japonicum_scaffold2204	AT1G13630.4	21.036	618	414	16	2089	365	178	764	1.75e-18	84.0
Lygodium_japonicum_scaffold2204	AT1G13630.4	20.858	513	318	11	2305	848	320	771	8.90e-15	72.0
Lygodium_japonicum_scaffold2204	AT1G13630.4	19.104	335	212	6	2305	1373	496	795	5.50e-07	46.6
Lygodium_japonicum_scaffold2204	AT4G21880.1	25.478	157	111	2	1288	827	522	675	5.46e-09	53.1
Lygodium_japonicum_scaffold2204	AT4G21880.1	25.532	141	95	4	2284	1874	492	626	1.42e-08	52.0
Lygodium_japonicum_scaffold2204	AT4G04790.1	25.325	154	105	4	2284	1835	472	619	8.65e-09	52.8
Lygodium_japonicum_scaffold2204	AT4G04790.1	22.485	169	119	3	1288	800	502	664	8.62e-07	46.2
Lygodium_japonicum_scaffold2208	AT4G21880.1	24.060	133	94	4	327	719	501	628	2.07e-10	58.2
Lygodium_japonicum_scaffold2208	AT4G04790.1	19.917	241	182	5	12	716	372	607	3.59e-07	47.8
Lygodium_japonicum_scaffold2208	AT1G13630.4	18.615	231	181	2	9	689	232	459	2.26e-06	45.1
Lygodium_japonicum_scaffold2208	AT1G13630.4	22.010	209	153	4	6	611	301	506	9.94e-06	43.1
Lygodium_japonicum_scaffold2234	AT1G13630.4	25.926	108	73	3	341	24	501	603	4.61e-06	38.9
Lygodium_japonicum_scaffold2256	AT1G13630.4	24.458	323	214	10	56	940	405	725	7.83e-15	69.7
Lygodium_japonicum_scaffold2256	AT1G13630.4	19.946	371	276	7	26	1081	250	618	3.88e-10	55.1
Lygodium_japonicum_scaffold2256	AT3G61360.1	23.529	204	147	3	209	793	150	353	2.70e-09	52.4
Lygodium_japonicum_scaffold2259	AT4G24400.1	29.064	203	130	8	21	611	15	209	1.44e-14	69.3
Lygodium_japonicum_scaffold2259	AT5G35410.1	27.083	240	152	10	21	698	17	247	2.66e-14	68.6
Lygodium_japonicum_scaffold2259	AT2G26980.4	27.358	212	130	8	18	617	29	228	5.62e-13	64.3
Lygodium_japonicum_scaffold2259	AT5G21326.1	25.726	241	158	8	18	698	18	251	6.74e-13	63.9
Lygodium_japonicum_scaffold2259	AT1G01140.3	27.650	217	121	8	18	614	24	222	6.24e-12	60.8
Lygodium_japonicum_scaffold2259	AT1G30270.1	24.031	258	146	10	123	827	75	305	1.01e-10	57.4
Lygodium_japonicum_scaffold2283	AT5G35410.1	28.030	264	157	10	1344	2078	11	260	1.89e-15	73.6
Lygodium_japonicum_scaffold2283	AT1G30270.1	25.168	298	186	10	1356	2192	35	314	3.84e-15	72.8
Lygodium_japonicum_scaffold2283	AT4G24400.1	27.799	259	156	12	1356	2078	13	258	3.81e-14	69.7
Lygodium_japonicum_scaffold2283	AT1G01140.3	27.451	255	162	10	1341	2060	18	264	4.36e-14	69.3
Lygodium_japonicum_scaffold2283	AT2G26980.4	24.645	211	148	5	1320	1937	16	220	2.65e-10	57.4
Lygodium_japonicum_scaffold2283	AT5G21326.1	26.923	208	131	7	1344	1937	13	209	7.56e-10	55.8
Lygodium_japonicum_scaffold2284	AT5G35410.1	28.030	264	157	10	1344	2078	11	260	1.99e-15	73.6
Lygodium_japonicum_scaffold2284	AT1G30270.1	25.168	298	186	10	1356	2192	35	314	4.03e-15	72.8
Lygodium_japonicum_scaffold2284	AT4G24400.1	27.799	259	156	12	1356	2078	13	258	3.99e-14	69.7
Lygodium_japonicum_scaffold2284	AT1G01140.3	27.451	255	162	10	1341	2060	18	264	4.58e-14	69.3
Lygodium_japonicum_scaffold2284	AT2G26980.4	24.645	211	148	5	1320	1937	16	220	2.77e-10	57.4
Lygodium_japonicum_scaffold2284	AT5G21326.1	26.923	208	131	7	1344	1937	13	209	7.91e-10	55.8
Lygodium_japonicum_scaffold2324	AT1G13630.4	24.542	273	182	8	2128	1379	494	765	7.25e-13	65.9
Lygodium_japonicum_scaffold2324	AT1G13630.4	23.715	253	168	7	2065	1355	308	551	6.27e-07	46.6
Lygodium_japonicum_scaffold2324	AT4G04790.1	21.186	236	160	7	2152	1496	340	566	3.00e-09	53.9
Lygodium_japonicum_scaffold2324	AT3G61360.1	22.822	241	167	9	2182	1511	165	403	1.39e-07	48.5
Lygodium_japonicum_scaffold2324	AT4G21880.1	23.129	147	101	5	1804	1376	490	628	7.93e-07	46.2
Lygodium_japonicum_scaffold2332	AT1G13630.4	22.293	314	217	7	1597	725	419	728	6.59e-13	65.1
Lygodium_japonicum_scaffold2332	AT1G13630.4	22.545	275	165	6	1570	884	322	594	4.97e-10	55.8
Lygodium_japonicum_scaffold2332	AT1G13630.4	20.000	245	184	3	1555	833	164	400	4.68e-08	49.7
Lygodium_japonicum_scaffold2332	AT1G13630.4	21.612	273	192	7	1597	842	524	795	1.08e-06	45.1
Lygodium_japonicum_scaffold2332	AT3G61360.1	21.533	274	189	10	1591	827	114	380	5.15e-09	52.4
Lygodium_japonicum_scaffold2332	AT3G61360.1	23.704	135	99	1	1597	1205	219	353	6.78e-06	42.4
Lygodium_japonicum_scaffold2332	AT4G21880.1	23.276	116	83	3	1597	1259	507	619	1.27e-06	45.1
Lygodium_japonicum_scaffold2331	AT1G13630.4	22.293	314	217	7	1597	725	419	728	6.91e-13	65.1
Lygodium_japonicum_scaffold2331	AT1G13630.4	22.545	275	165	6	1570	884	322	594	5.18e-10	55.8
Lygodium_japonicum_scaffold2331	AT1G13630.4	20.000	245	184	3	1555	833	164	400	4.87e-08	49.7
Lygodium_japonicum_scaffold2331	AT1G13630.4	21.612	273	192	7	1597	842	524	795	1.12e-06	45.1
Lygodium_japonicum_scaffold2331	AT3G61360.1	21.533	274	189	10	1591	827	114	380	5.49e-09	52.4
Lygodium_japonicum_scaffold2331	AT3G61360.1	23.704	135	99	1	1597	1205	219	353	7.21e-06	42.4
Lygodium_japonicum_scaffold2331	AT4G21880.1	23.276	116	83	3	1597	1259	507	619	1.31e-06	45.1
Lygodium_japonicum_scaffold2340	AT4G24400.1	24.422	303	172	13	391	1290	8	256	1.22e-09	54.3
Lygodium_japonicum_scaffold2340	AT1G30270.1	22.772	303	181	13	391	1293	30	281	4.41e-09	52.4
Lygodium_japonicum_scaffold2340	AT5G35410.1	25.100	251	132	12	391	1125	10	210	6.97e-09	52.0
Lygodium_japonicum_scaffold2340	AT1G01140.3	25.610	246	139	11	394	1128	19	221	1.34e-08	50.8
Lygodium_japonicum_scaffold2340	AT2G26980.4	23.482	247	145	10	391	1128	23	226	3.07e-08	49.7
Lygodium_japonicum_scaffold2340	AT5G21326.1	25.703	249	137	12	391	1128	12	215	3.68e-08	49.7
Lygodium_japonicum_scaffold2344	AT1G13630.4	24.786	117	83	2	183	521	496	611	4.67e-07	42.7
Lygodium_japonicum_scaffold2360	AT3G61150.1	33.333	111	60	3	405	707	114	220	9.90e-09	50.4
Lygodium_japonicum_scaffold2360	AT4G00730.1	38.095	84	45	2	405	647	138	217	1.78e-08	49.7
Lygodium_japonicum_scaffold2357	AT3G22110.1	84.274	248	39	0	762	19	1	248	8.97e-152	419
Lygodium_japonicum_scaffold2357	AT4G15165.1	67.742	248	38	1	762	19	1	206	8.79e-109	308
Lygodium_japonicum_scaffold2358	AT3G22110.1	84.274	248	39	0	762	19	1	248	1.22e-151	419
Lygodium_japonicum_scaffold2358	AT4G15165.1	67.742	248	38	1	762	19	1	206	1.18e-108	308
Lygodium_japonicum_scaffold2261	AT1G30270.1	65.734	429	142	4	202	1479	28	454	0.0	578
Lygodium_japonicum_scaffold2261	AT1G01140.3	64.531	437	144	5	193	1485	13	444	0.0	562
Lygodium_japonicum_scaffold2261	AT2G26980.4	62.295	427	157	2	193	1473	18	440	0.0	550
Lygodium_japonicum_scaffold2261	AT5G21326.1	62.998	427	154	2	199	1479	9	431	0.0	549
Lygodium_japonicum_scaffold2261	AT5G35410.1	53.972	428	193	3	199	1479	7	431	3.40e-168	484
Lygodium_japonicum_scaffold2261	AT4G24400.1	53.630	427	193	4	199	1476	5	427	1.56e-161	466
Lygodium_japonicum_scaffold2393	AT1G01140.3	31.532	111	70	3	443	126	119	228	8.12e-11	53.1
Lygodium_japonicum_scaffold2393	AT5G35410.1	35.000	100	61	3	440	150	112	210	2.90e-10	51.6
Lygodium_japonicum_scaffold2393	AT5G21326.1	33.010	103	63	3	443	150	113	214	5.81e-10	50.4
Lygodium_japonicum_scaffold2393	AT2G26980.4	34.694	98	58	3	440	162	125	221	6.02e-10	50.4
Lygodium_japonicum_scaffold2393	AT1G30270.1	33.333	102	62	3	440	150	132	232	1.30e-09	49.7
Lygodium_japonicum_scaffold2393	AT4G24400.1	31.132	106	69	3	458	150	104	208	7.79e-09	47.4
Lygodium_japonicum_scaffold2396	AT1G05160.1	34.274	248	155	3	820	1539	211	458	5.29e-43	155
Lygodium_japonicum_scaffold2396	AT2G32440.1	27.907	344	233	6	568	1578	130	465	9.92e-40	146
Lygodium_japonicum_scaffold2395	AT2G32440.1	43.939	66	36	1	150	347	400	464	1.98e-13	62.0
Lygodium_japonicum_scaffold2395	AT1G05160.1	49.123	57	28	1	150	317	402	458	3.71e-13	61.2
Lygodium_japonicum_scaffold407	AT1G01140.3	29.289	239	130	10	506	1180	8	221	6.40e-17	77.4
Lygodium_japonicum_scaffold407	AT4G24400.1	26.484	219	131	6	560	1180	9	209	2.69e-16	75.5
Lygodium_japonicum_scaffold407	AT2G26980.4	30.493	223	137	8	533	1180	15	226	6.69e-16	74.3
Lygodium_japonicum_scaffold407	AT5G35410.1	27.650	217	127	6	560	1174	11	209	1.93e-15	72.8
Lygodium_japonicum_scaffold407	AT1G30270.1	27.727	220	129	8	560	1180	31	233	2.52e-15	72.8
Lygodium_japonicum_scaffold407	AT5G21326.1	30.374	214	131	8	560	1180	13	215	5.58e-14	68.2
Lygodium_japonicum_scaffold1800	AT1G78550.1	27.103	107	68	2	72	392	14	110	1.39e-10	53.5
Lygodium_japonicum_scaffold1800	AT4G25300.1	30.476	105	62	3	81	392	15	109	5.62e-10	51.6
Lygodium_japonicum_scaffold1800	AT1G17020.1	27.619	105	65	3	81	392	16	110	8.54e-10	51.2
Lygodium_japonicum_scaffold1800	AT1G17010.1	29.524	105	64	3	81	392	16	111	5.04e-09	48.9
Lygodium_japonicum_scaffold1800	AT4G25310.1	41.304	46	27	0	201	338	46	91	7.39e-06	39.3
Lygodium_japonicum_scaffold2446	AT1G13630.4	23.750	160	118	1	548	81	469	628	3.37e-11	55.1
Lygodium_japonicum_scaffold2446	AT1G13630.4	24.540	163	112	3	494	30	311	470	2.44e-08	47.0
Lygodium_japonicum_scaffold2446	AT4G21880.1	27.206	136	93	3	527	129	494	626	1.63e-09	50.4
Lygodium_japonicum_scaffold2446	AT4G04790.1	24.818	137	95	3	527	129	474	606	3.39e-07	43.5
Lygodium_japonicum_scaffold2444	AT1G13630.4	23.193	332	233	8	1600	656	310	636	4.36e-18	81.6
Lygodium_japonicum_scaffold2444	AT1G13630.4	22.161	361	251	8	1624	620	408	764	9.00e-16	74.3
Lygodium_japonicum_scaffold2444	AT1G13630.4	22.368	228	141	4	1315	644	269	464	1.42e-11	60.8
Lygodium_japonicum_scaffold2444	AT1G13630.4	23.741	278	195	7	1324	530	301	574	3.55e-09	53.1
Lygodium_japonicum_scaffold2444	AT1G13630.4	20.732	328	228	11	1621	704	514	831	1.82e-06	44.3
Lygodium_japonicum_scaffold2444	AT3G61360.1	23.881	268	179	8	1360	593	192	446	1.19e-12	63.9
Lygodium_japonicum_scaffold2444	AT4G21880.1	27.083	96	67	1	1306	1019	501	593	2.98e-06	43.9
Lygodium_japonicum_scaffold2444	AT4G04790.1	21.250	320	223	10	1621	716	477	785	5.17e-06	43.1
Lygodium_japonicum_scaffold2444	AT4G04790.1	21.795	234	165	6	1567	902	390	617	5.35e-06	42.7
Lygodium_japonicum_scaffold2445	AT4G21880.1	23.776	143	96	3	771	355	496	629	2.90e-06	42.4
Lygodium_japonicum_scaffold2423	AT4G24400.1	24.896	241	141	9	1820	1143	15	230	5.25e-10	55.8
Lygodium_japonicum_scaffold2423	AT1G30270.1	23.629	237	145	8	1823	1155	36	250	1.24e-09	54.7
Lygodium_japonicum_scaffold2423	AT5G21326.1	26.667	225	122	7	1829	1215	16	217	4.22e-08	49.7
Lygodium_japonicum_scaffold2423	AT5G35410.1	25.000	220	135	8	1820	1191	17	216	2.18e-07	47.4
Lygodium_japonicum_scaffold2423	AT2G26980.4	26.009	223	122	8	1823	1215	29	228	5.57e-07	46.2
Lygodium_japonicum_scaffold2423	AT1G01140.3	25.114	219	121	7	1823	1227	24	219	1.56e-06	44.7
Lygodium_japonicum_scaffold2471	AT1G13630.4	23.529	153	113	1	26	472	444	596	1.45e-09	49.7
Lygodium_japonicum_scaffold2471	AT4G04790.1	23.448	145	105	2	38	463	481	622	9.80e-06	38.5
Lygodium_japonicum_scaffold2470	AT1G13630.4	25.118	211	150	2	241	849	410	620	2.93e-14	67.8
Lygodium_japonicum_scaffold2470	AT1G13630.4	22.326	215	110	7	184	765	496	674	2.57e-08	38.9
Lygodium_japonicum_scaffold2470	AT1G13630.4	34.884	43	28	0	26	154	444	486	2.57e-08	30.8
Lygodium_japonicum_scaffold2470	AT1G13630.4	23.431	239	137	8	334	1020	269	471	7.09e-07	44.7
Lygodium_japonicum_scaffold2470	AT4G21880.1	23.026	152	105	4	574	1020	483	625	1.01e-06	44.3
Lygodium_japonicum_scaffold1257	AT2G32440.1	22.128	235	144	5	1014	1718	247	442	3.12e-08	50.4
Lygodium_japonicum_scaffold1257	AT1G05160.1	21.260	254	147	7	975	1718	239	445	1.57e-07	48.1
Lygodium_japonicum_scaffold2483	AT2G43770.1	26.518	313	190	11	1654	782	49	343	7.60e-24	97.4
Lygodium_japonicum_scaffold2483	AT2G43770.1	24.928	345	202	8	1552	554	41	340	1.66e-23	96.3
Lygodium_japonicum_scaffold2483	AT2G43770.1	25.256	293	167	7	1399	551	49	299	6.40e-23	94.7
Lygodium_japonicum_scaffold2483	AT2G43770.1	29.688	128	86	3	925	551	40	166	1.41e-11	60.1
Lygodium_japonicum_scaffold2483	AT2G43770.1	30.088	113	69	3	1762	1436	234	340	7.98e-08	48.5
Lygodium_japonicum_scaffold2483	AT4G28450.1	22.892	332	217	10	1402	488	61	380	3.62e-14	68.9
Lygodium_japonicum_scaffold2483	AT4G28450.1	22.059	340	211	11	1648	668	64	362	1.11e-12	64.3
Lygodium_japonicum_scaffold2483	AT4G28450.1	28.571	91	60	2	1645	1382	288	376	1.49e-07	47.8
Lygodium_japonicum_scaffold2483	AT4G28450.1	26.667	90	65	1	817	551	47	136	6.83e-06	42.7
Lygodium_japonicum_scaffold2483	AT3G49180.1	27.064	218	127	10	1483	905	89	299	1.41e-11	60.5
Lygodium_japonicum_scaffold2483	AT3G49180.1	24.251	334	189	13	1597	659	6	296	4.92e-10	55.8
Lygodium_japonicum_scaffold2483	AT3G49180.1	21.990	191	127	7	1081	551	20	202	1.93e-06	44.3
Lygodium_japonicum_scaffold2483	AT4G07410.1	32.231	121	69	5	1630	1289	202	316	6.66e-08	49.3
Lygodium_japonicum_scaffold2483	AT4G07410.1	24.127	315	194	13	1375	551	7	316	1.27e-06	45.1
Lygodium_japonicum_scaffold2483	AT1G27470.1	34.400	125	69	5	1642	1289	198	316	1.06e-07	48.5
Lygodium_japonicum_scaffold2566	AT1G13630.4	21.429	406	288	13	72	1229	225	619	1.68e-11	61.2
Lygodium_japonicum_scaffold2566	AT4G21880.1	28.378	148	96	4	63	485	482	626	5.68e-11	59.7
Lygodium_japonicum_scaffold2566	AT4G21880.1	24.286	140	98	4	411	815	501	637	7.03e-07	46.2
Lygodium_japonicum_scaffold2566	AT4G04790.1	24.528	159	111	4	18	485	454	606	3.36e-06	44.3
Lygodium_japonicum_scaffold2570	AT2G43770.1	26.531	294	203	8	1146	2000	46	335	5.85e-25	101
Lygodium_japonicum_scaffold2570	AT2G43770.1	25.854	205	129	10	1458	2039	63	255	1.82e-10	57.0
Lygodium_japonicum_scaffold2570	AT2G43770.1	26.119	134	96	1	1626	2027	38	168	3.54e-07	47.0
Lygodium_japonicum_scaffold2570	AT3G49180.1	27.068	133	79	6	1674	2033	79	206	6.47e-07	46.2
Lygodium_japonicum_scaffold2582	AT1G17010.1	31.579	323	216	4	256	1212	17	338	8.55e-64	206
Lygodium_japonicum_scaffold2582	AT1G78550.1	33.333	315	200	6	253	1185	17	325	3.27e-63	204
Lygodium_japonicum_scaffold2582	AT1G17020.1	30.696	316	214	4	256	1191	17	331	6.99e-62	201
Lygodium_japonicum_scaffold2582	AT4G25300.1	31.677	322	206	5	256	1197	16	331	1.98e-61	199
Lygodium_japonicum_scaffold2582	AT4G25310.1	33.333	318	196	5	259	1191	18	326	8.16e-61	197
Lygodium_japonicum_scaffold1512	AT3G49180.1	40.263	457	236	11	1595	246	5	431	9.53e-90	279
Lygodium_japonicum_scaffold1512	AT2G43770.1	24.188	277	178	10	1412	606	77	329	4.02e-11	58.5
Lygodium_japonicum_scaffold2520	AT3G16110.1	34.452	447	288	4	1993	662	77	521	4.96e-86	276
Lygodium_japonicum_scaffold2520	AT1G52260.1	33.333	459	286	5	1951	584	93	534	2.64e-85	275
Lygodium_japonicum_scaffold2520	AT1G52260.1	34.375	96	58	3	1006	734	66	161	3.25e-06	43.9
Lygodium_japonicum_scaffold2643	AT1G13630.4	23.936	188	136	4	24	572	251	436	4.07e-10	55.8
Lygodium_japonicum_scaffold2643	AT1G13630.4	20.106	189	144	3	15	566	353	539	5.13e-09	52.4
Lygodium_japonicum_scaffold2643	AT1G13630.4	20.588	204	144	5	9	572	492	693	6.07e-08	48.9
Lygodium_japonicum_scaffold2643	AT4G04790.1	28.409	88	59	2	288	551	481	564	1.83e-07	47.4
Lygodium_japonicum_scaffold2643	AT4G21880.1	26.316	95	66	2	288	572	501	591	7.89e-07	45.4
Lygodium_japonicum_scaffold2642	AT1G13630.4	23.936	188	136	4	24	572	251	436	4.38e-10	55.8
Lygodium_japonicum_scaffold2642	AT1G13630.4	20.106	189	144	3	15	566	353	539	5.50e-09	52.4
Lygodium_japonicum_scaffold2642	AT1G13630.4	20.588	204	144	5	9	572	492	693	6.48e-08	48.9
Lygodium_japonicum_scaffold2642	AT4G04790.1	28.409	88	59	2	288	551	481	564	1.95e-07	47.4
Lygodium_japonicum_scaffold2642	AT4G21880.1	26.316	95	66	2	288	572	501	591	8.40e-07	45.4
Lygodium_japonicum_scaffold2635	AT1G13630.4	24.590	122	88	1	99	452	494	615	4.79e-07	47.0
Lygodium_japonicum_scaffold2636	AT1G13630.4	24.590	122	88	1	99	452	494	615	4.18e-07	47.0
Lygodium_japonicum_scaffold2624	AT5G02810.1	47.566	267	127	3	609	1370	61	327	1.79e-65	229
Lygodium_japonicum_scaffold2624	AT5G60100.2	46.415	265	101	5	618	1316	48	303	5.06e-60	209
Lygodium_japonicum_scaffold2625	AT5G02810.1	46.290	283	132	4	609	1397	61	343	3.25e-65	229
Lygodium_japonicum_scaffold2625	AT5G60100.2	46.415	265	101	5	618	1316	48	303	6.65e-60	209
Lygodium_japonicum_scaffold2725	AT1G30270.1	41.611	149	83	2	259	702	31	176	1.40e-31	111
Lygodium_japonicum_scaffold2725	AT1G30270.1	29.268	82	53	2	699	944	211	287	1.40e-31	38.1
Lygodium_japonicum_scaffold2725	AT4G24400.1	42.169	166	91	3	238	729	2	164	2.41e-30	116
Lygodium_japonicum_scaffold2725	AT4G24400.1	55.000	20	9	0	705	764	189	208	2.41e-30	28.5
Lygodium_japonicum_scaffold2725	AT2G26980.4	37.805	164	98	2	214	702	9	169	2.35e-29	107
Lygodium_japonicum_scaffold2725	AT2G26980.4	28.750	80	52	2	705	944	206	280	2.35e-29	35.0
Lygodium_japonicum_scaffold2725	AT5G21326.1	41.358	162	88	3	259	732	13	171	6.80e-29	114
Lygodium_japonicum_scaffold2725	AT5G35410.1	42.138	159	85	4	238	702	1	156	3.33e-28	108
Lygodium_japonicum_scaffold2725	AT5G35410.1	57.143	21	9	0	705	767	191	211	3.33e-28	29.6
Lygodium_japonicum_scaffold2725	AT1G01140.3	40.268	149	85	2	259	702	19	164	7.70e-28	107
Lygodium_japonicum_scaffold2725	AT1G01140.3	54.167	24	11	0	705	776	201	224	7.70e-28	29.3
Lygodium_japonicum_scaffold2726	AT1G30270.1	41.611	149	83	2	259	702	31	176	2.06e-38	111
Lygodium_japonicum_scaffold2726	AT1G30270.1	32.432	111	69	3	738	1067	182	287	2.06e-38	60.8
Lygodium_japonicum_scaffold2726	AT5G21326.1	41.358	162	88	3	259	732	13	171	4.31e-38	114
Lygodium_japonicum_scaffold2726	AT5G21326.1	52.727	55	25	1	738	899	164	218	4.31e-38	57.8
Lygodium_japonicum_scaffold2726	AT4G24400.1	42.169	166	91	3	238	729	2	164	2.95e-36	116
Lygodium_japonicum_scaffold2726	AT4G24400.1	50.000	44	21	1	759	887	165	208	2.95e-36	48.5
Lygodium_japonicum_scaffold2726	AT2G26980.4	37.805	164	98	2	214	702	9	169	5.72e-36	107
Lygodium_japonicum_scaffold2726	AT2G26980.4	32.432	111	69	3	738	1067	175	280	5.72e-36	57.0
Lygodium_japonicum_scaffold2726	AT5G35410.1	42.138	159	85	4	238	702	1	156	3.05e-35	108
Lygodium_japonicum_scaffold2726	AT5G35410.1	56.818	44	18	1	762	890	168	211	3.05e-35	53.1
Lygodium_japonicum_scaffold2726	AT1G01140.3	40.268	149	85	2	259	702	19	164	1.49e-34	107
Lygodium_japonicum_scaffold2726	AT1G01140.3	47.273	55	28	1	738	899	170	224	1.49e-34	52.0
Lygodium_japonicum_scaffold2785	AT1G01140.3	27.607	163	104	6	753	283	66	220	8.83e-12	58.5
Lygodium_japonicum_scaffold2785	AT2G26980.4	25.882	170	116	5	768	271	66	229	8.45e-11	55.5
Lygodium_japonicum_scaffold2785	AT1G30270.1	23.636	220	142	7	753	127	78	282	6.57e-10	52.8
Lygodium_japonicum_scaffold2785	AT4G24400.1	25.806	217	135	8	753	133	56	256	2.24e-09	51.2
Lygodium_japonicum_scaffold2785	AT5G21326.1	23.952	167	113	5	753	271	60	218	3.69e-08	47.4
Lygodium_japonicum_scaffold2785	AT5G35410.1	25.116	215	127	8	753	151	58	252	5.11e-08	47.0
Lygodium_japonicum_scaffold2091	AT1G78550.1	40.203	296	174	3	327	1211	59	352	1.04e-80	247
Lygodium_japonicum_scaffold2091	AT1G17010.1	39.667	300	179	2	324	1220	59	357	3.43e-80	246
Lygodium_japonicum_scaffold2091	AT1G17020.1	40.268	298	175	3	333	1220	61	357	9.29e-79	242
Lygodium_japonicum_scaffold2091	AT4G25300.1	38.333	300	183	2	324	1220	57	355	5.37e-77	238
Lygodium_japonicum_scaffold2091	AT4G25310.1	40.925	281	161	3	381	1220	76	352	4.53e-74	230
Lygodium_japonicum_scaffold2770	AT5G21326.1	31.050	219	138	7	434	1078	11	220	3.66e-21	91.7
Lygodium_japonicum_scaffold2770	AT1G01140.3	31.068	206	131	6	440	1048	19	216	1.30e-19	86.7
Lygodium_japonicum_scaffold2770	AT2G26980.4	29.224	219	142	7	437	1081	23	232	4.57e-18	82.0
Lygodium_japonicum_scaffold2770	AT4G24400.1	30.660	212	130	8	428	1048	5	204	6.47e-18	81.6
Lygodium_japonicum_scaffold2770	AT5G35410.1	30.476	210	129	7	434	1048	9	206	6.68e-18	81.3
Lygodium_japonicum_scaffold2770	AT1G30270.1	29.187	209	135	7	434	1048	29	228	9.68e-17	78.2
Lygodium_japonicum_scaffold2790	AT2G43770.1	23.667	300	190	7	2029	1223	48	339	6.26e-20	86.3
Lygodium_japonicum_scaffold2790	AT2G43770.1	24.845	161	113	2	2005	1547	183	343	9.30e-18	79.7
Lygodium_japonicum_scaffold2790	AT2G43770.1	28.571	210	136	5	2041	1445	129	335	3.25e-17	77.8
Lygodium_japonicum_scaffold2790	AT2G43770.1	23.445	209	146	6	1768	1154	51	249	4.88e-10	55.8
Lygodium_japonicum_scaffold2790	AT2G43770.1	23.936	188	128	5	1666	1121	43	221	4.08e-08	49.7
Lygodium_japonicum_scaffold2790	AT3G49180.1	23.853	218	146	7	1888	1292	78	294	7.66e-16	74.7
Lygodium_japonicum_scaffold2790	AT4G28450.1	20.755	265	184	10	1900	1154	62	316	1.09e-07	48.9
Lygodium_japonicum_scaffold2790	AT4G28450.1	18.118	287	209	7	1963	1151	84	360	2.52e-06	44.3
Lygodium_japonicum_scaffold2790	AT4G28450.1	25.862	116	68	2	2017	1724	288	403	4.34e-06	43.5
Lygodium_japonicum_scaffold2795	AT2G39450.1	67.092	392	121	3	1848	676	7	391	2.99e-156	452
Lygodium_japonicum_scaffold2829	AT1G05160.1	24.939	413	259	18	705	1901	81	456	2.36e-19	85.9
Lygodium_japonicum_scaffold2829	AT2G32440.1	21.853	421	293	12	696	1934	76	468	1.42e-18	83.6
Lygodium_japonicum_scaffold2862	AT2G32440.1	28.158	380	270	3	1534	398	107	484	7.31e-60	199
Lygodium_japonicum_scaffold2862	AT1G05160.1	28.649	370	260	4	1498	398	119	487	1.13e-53	182
Lygodium_japonicum_scaffold2905	AT1G13630.4	23.723	274	183	8	1126	377	494	765	2.33e-12	63.5
Lygodium_japonicum_scaffold2905	AT1G13630.4	19.692	325	219	7	1417	464	330	619	2.84e-10	56.6
Lygodium_japonicum_scaffold2905	AT4G21880.1	26.797	153	102	5	1105	662	490	637	1.76e-07	47.8
Lygodium_japonicum_scaffold2905	AT4G04790.1	26.829	123	83	4	796	431	472	588	9.23e-06	42.0
Lygodium_japonicum_scaffold2911	AT1G13630.4	23.208	293	200	7	1194	385	474	764	2.00e-15	72.0
Lygodium_japonicum_scaffold2911	AT1G13630.4	19.797	197	149	4	1068	496	414	607	4.04e-09	52.4
Lygodium_japonicum_scaffold2911	AT1G13630.4	20.833	240	180	5	1107	406	225	460	2.58e-06	43.1
Lygodium_japonicum_scaffold2911	AT4G21880.1	24.060	133	93	4	768	379	501	628	3.22e-08	49.3
Lygodium_japonicum_scaffold2911	AT3G61360.1	22.581	217	152	8	1125	511	192	404	2.41e-07	46.2
Lygodium_japonicum_scaffold2911	AT4G04790.1	23.684	152	109	4	768	322	481	628	5.36e-07	45.4
Lygodium_japonicum_scaffold2928	AT1G01140.3	60.714	28	11	0	232	315	343	370	3.05e-06	38.1
Lygodium_japonicum_scaffold2930	AT2G32440.1	26.957	115	74	4	567	223	349	453	1.08e-06	42.0
Lygodium_japonicum_scaffold2930	AT1G05160.1	28.070	114	73	4	564	223	352	456	1.33e-06	42.0
Lygodium_japonicum_scaffold2858	AT5G35410.1	26.733	202	136	7	1195	1791	17	209	3.48e-13	66.2
Lygodium_japonicum_scaffold2858	AT4G24400.1	26.852	216	134	8	1192	1806	10	212	6.59e-11	58.9
Lygodium_japonicum_scaffold2858	AT1G30270.1	25.837	209	141	5	1192	1797	32	233	2.03e-09	54.3
Lygodium_japonicum_scaffold2858	AT5G21326.1	26.442	208	135	7	1195	1797	19	215	5.70e-09	52.8
Lygodium_japonicum_scaffold2858	AT2G26980.4	27.014	211	136	8	1192	1797	25	226	9.90e-09	52.0
Lygodium_japonicum_scaffold2858	AT1G01140.3	22.222	207	145	6	1195	1797	25	221	2.73e-06	44.3
Lygodium_japonicum_scaffold2981	AT1G13630.4	22.460	187	105	3	2255	1731	517	675	5.21e-10	56.6
Lygodium_japonicum_scaffold2981	AT1G13630.4	21.260	254	149	7	2330	1602	282	495	2.38e-09	47.8
Lygodium_japonicum_scaffold2981	AT1G13630.4	27.368	95	58	3	1621	1358	529	619	2.38e-09	26.9
Lygodium_japonicum_scaffold2981	AT1G13630.4	20.763	236	142	5	2312	1722	367	596	8.43e-09	52.8
Lygodium_japonicum_scaffold2981	AT4G21880.1	22.772	202	141	4	2204	1632	482	679	3.07e-09	54.3
Lygodium_japonicum_scaffold2981	AT3G61360.1	23.026	152	111	4	2168	1725	176	325	9.94e-08	48.9
Lygodium_japonicum_scaffold2981	AT4G04790.1	25.000	92	65	1	2159	1884	481	568	6.86e-07	46.6
Lygodium_japonicum_scaffold2981	AT4G04790.1	25.556	90	63	2	1567	1298	479	564	5.31e-06	43.5
Lygodium_japonicum_scaffold2980	AT1G13630.4	17.707	593	355	15	119	1825	236	719	1.21e-12	65.1
Lygodium_japonicum_scaffold2980	AT1G13630.4	20.465	430	289	12	116	1303	340	750	4.18e-09	53.9
Lygodium_japonicum_scaffold2980	AT3G61360.1	20.973	329	211	13	914	1879	134	420	2.13e-08	51.2
Lygodium_japonicum_scaffold2980	AT3G61360.1	20.297	202	132	5	2	580	172	353	2.57e-06	44.3
Lygodium_japonicum_scaffold2980	AT4G04790.1	18.831	308	173	8	719	1612	388	628	1.58e-06	45.4
Lygodium_japonicum_scaffold2980	AT4G21880.1	23.469	196	126	6	878	1450	449	625	4.76e-06	43.9
Lygodium_japonicum_scaffold2967	AT1G30270.1	31.193	109	51	4	1335	1018	146	233	7.18e-07	45.1
Lygodium_japonicum_scaffold2967	AT5G35410.1	30.392	102	49	4	1335	1033	126	206	4.02e-06	42.7
Lygodium_japonicum_scaffold3022	AT4G04790.1	25.455	110	72	4	2034	1708	472	572	4.17e-07	47.0
Lygodium_japonicum_scaffold3022	AT4G21880.1	22.549	102	73	3	2034	1732	492	588	1.10e-06	45.4
Lygodium_japonicum_scaffold3022	AT1G13630.4	23.140	121	89	2	2037	1687	225	345	1.42e-06	45.1
Lygodium_japonicum_scaffold3022	AT1G13630.4	22.368	152	107	5	2076	1654	487	638	2.60e-06	44.3
Lygodium_japonicum_scaffold2990	AT1G13630.4	21.074	242	181	4	1912	1211	414	653	1.13e-12	64.7
Lygodium_japonicum_scaffold2990	AT1G13630.4	25.170	147	103	2	1669	1250	318	464	1.12e-06	45.4
Lygodium_japonicum_scaffold2990	AT1G13630.4	24.832	149	81	4	1915	1469	342	459	2.40e-06	44.3
Lygodium_japonicum_scaffold2990	AT1G13630.4	22.749	211	143	7	1915	1334	518	725	2.42e-06	44.3
Lygodium_japonicum_scaffold2990	AT4G21880.1	27.742	155	102	6	1915	1466	501	650	6.04e-10	55.8
Lygodium_japonicum_scaffold2990	AT4G21880.1	22.674	172	124	5	1729	1220	464	628	2.31e-07	47.8
Lygodium_japonicum_scaffold2990	AT4G04790.1	27.132	129	87	3	1915	1538	481	605	5.68e-07	46.2
Lygodium_japonicum_scaffold3023	AT4G04790.1	25.455	110	72	4	2583	2257	472	572	5.64e-07	47.0
Lygodium_japonicum_scaffold3023	AT4G21880.1	22.549	102	73	3	2583	2281	492	588	1.49e-06	45.4
Lygodium_japonicum_scaffold3023	AT1G13630.4	23.140	121	89	2	2586	2236	225	345	1.91e-06	45.1
Lygodium_japonicum_scaffold3023	AT1G13630.4	22.368	152	107	5	2625	2203	487	638	3.50e-06	44.3
Lygodium_japonicum_scaffold3050	AT2G32440.1	27.219	169	114	3	6	500	299	462	1.32e-12	61.6
Lygodium_japonicum_scaffold3050	AT1G05160.1	27.485	171	113	4	6	500	300	465	2.23e-11	58.2
Lygodium_japonicum_scaffold2902	AT5G16930.1	35.065	154	92	4	563	1018	397	544	2.98e-17	80.1
Lygodium_japonicum_scaffold2902	AT3G03060.1	35.714	154	91	4	563	1018	385	532	6.10e-17	79.0
Lygodium_japonicum_scaffold2902	AT2G18330.1	32.639	144	89	4	563	988	384	521	2.16e-15	73.9
Lygodium_japonicum_scaffold2902	AT4G36580.1	27.358	212	116	6	563	1105	381	585	9.70e-15	72.0
Lygodium_japonicum_scaffold3065	AT4G21880.1	27.835	97	66	2	301	591	496	588	6.91e-09	48.9
Lygodium_japonicum_scaffold3065	AT1G13630.4	26.852	108	75	1	211	522	514	621	6.37e-06	40.0
Lygodium_japonicum_scaffold3065	AT1G13630.4	25.410	122	78	3	250	591	422	538	7.05e-06	40.0
Lygodium_japonicum_scaffold3073	AT1G30270.1	29.596	223	139	6	210	863	37	246	4.74e-15	70.1
Lygodium_japonicum_scaffold3073	AT5G35410.1	28.968	252	157	9	210	929	17	258	9.06e-14	65.9
Lygodium_japonicum_scaffold3073	AT4G24400.1	28.780	205	132	6	210	809	15	210	2.22e-12	61.6
Lygodium_japonicum_scaffold3073	AT2G26980.4	30.973	226	134	9	210	845	30	247	2.59e-12	61.6
Lygodium_japonicum_scaffold3073	AT1G01140.3	28.774	212	139	6	189	809	18	222	7.27e-12	60.1
Lygodium_japonicum_scaffold3073	AT5G21326.1	30.000	200	126	6	210	791	19	210	5.41e-11	57.4
Lygodium_japonicum_scaffold3034	AT5G52440.1	49.704	169	69	4	1280	816	51	217	5.51e-33	120
Lygodium_japonicum_scaffold3101	AT1G13630.4	21.905	315	191	12	2200	1304	357	632	3.03e-06	44.7
Lygodium_japonicum_scaffold3146	AT4G21880.1	22.749	211	143	5	204	818	501	697	2.24e-07	46.2
Lygodium_japonicum_scaffold3146	AT3G61360.1	24.528	106	73	3	153	452	297	401	7.23e-06	41.2
Lygodium_japonicum_scaffold3146	AT4G04790.1	24.576	118	83	2	204	551	481	594	8.62e-06	41.2
Lygodium_japonicum_scaffold3153	AT4G04790.1	27.679	112	75	3	1935	1606	481	588	8.12e-08	49.3
Lygodium_japonicum_scaffold3153	AT4G21880.1	26.786	112	76	3	1935	1606	501	608	4.89e-07	46.6
Lygodium_japonicum_scaffold2817	AT2G43770.1	25.614	285	170	12	216	1049	50	299	3.65e-13	64.3
Lygodium_japonicum_scaffold3199	AT1G13630.4	24.138	203	142	6	1618	1037	439	638	6.72e-12	62.0
Lygodium_japonicum_scaffold3199	AT1G13630.4	23.039	204	149	3	1618	1028	368	570	2.05e-10	57.0
Lygodium_japonicum_scaffold3199	AT1G13630.4	25.641	156	110	3	1618	1163	661	814	1.35e-06	44.7
Lygodium_japonicum_scaffold3199	AT4G04790.1	26.380	163	103	5	1615	1136	508	656	2.37e-07	47.4
Lygodium_japonicum_scaffold3199	AT4G21880.1	23.529	136	98	2	1402	1001	497	628	2.65e-07	47.0
Lygodium_japonicum_scaffold3170	AT2G35635.1	100.000	20	0	0	1	60	57	76	4.59e-08	44.7
Lygodium_japonicum_scaffold3170	AT1G31340.1	100.000	20	0	0	1	60	57	76	5.10e-08	44.7
Lygodium_japonicum_scaffold3204	AT1G13630.4	21.526	367	255	10	1433	405	408	765	1.82e-17	79.3
Lygodium_japonicum_scaffold3204	AT1G13630.4	23.607	305	212	7	1385	504	318	612	3.40e-16	75.5
Lygodium_japonicum_scaffold3204	AT1G13630.4	19.355	217	171	1	1142	504	221	437	1.94e-08	50.4
Lygodium_japonicum_scaffold3204	AT4G21880.1	29.299	157	102	5	1097	642	500	652	1.13e-11	60.8
Lygodium_japonicum_scaffold3204	AT4G21880.1	24.390	205	129	8	1001	402	445	628	3.63e-08	49.7
Lygodium_japonicum_scaffold3204	AT3G61360.1	22.283	184	138	2	1094	555	179	361	3.18e-08	49.7
Lygodium_japonicum_scaffold3204	AT3G61360.1	23.196	194	136	6	1091	537	214	403	3.76e-06	43.1
Lygodium_japonicum_scaffold3204	AT4G04790.1	24.044	183	122	6	953	411	438	605	1.32e-06	44.7
Lygodium_japonicum_scaffold3204	AT4G04790.1	26.718	131	90	3	1097	714	480	607	2.40e-06	43.9
Lygodium_japonicum_scaffold3264	AT1G13630.4	30.357	56	39	0	172	339	407	462	1.38e-06	40.4
Lygodium_japonicum_scaffold3264	AT1G13630.4	30.303	66	42	1	130	315	564	629	6.84e-06	38.5
Lygodium_japonicum_scaffold3179	AT3G22110.1	41.909	241	122	6	179	865	5	239	1.98e-51	169
Lygodium_japonicum_scaffold3179	AT4G15165.1	32.911	237	107	5	179	865	5	197	1.99e-31	114
Lygodium_japonicum_scaffold3185	AT1G31340.1	80.921	152	29	0	702	247	1	152	3.42e-85	248
Lygodium_japonicum_scaffold3185	AT2G35635.1	80.263	152	30	0	702	247	1	152	3.19e-84	245
Lygodium_japonicum_scaffold3185	AT2G35635.1	61.333	75	29	0	696	472	79	153	1.95e-26	96.7
Lygodium_japonicum_scaffold3185	AT1G11980.1	55.263	76	34	0	702	475	1	76	9.58e-25	89.7
Lygodium_japonicum_scaffold3185	AT1G11980.1	55.263	76	34	0	474	247	1	76	9.58e-25	89.7
Lygodium_japonicum_scaffold3263	AT1G13630.4	21.538	195	148	2	49	621	407	600	1.01e-12	64.7
Lygodium_japonicum_scaffold3263	AT1G13630.4	21.801	211	151	3	49	654	301	506	4.05e-06	43.5
Lygodium_japonicum_scaffold3263	AT4G21880.1	25.175	143	99	4	28	447	490	627	1.06e-07	48.5
Lygodium_japonicum_scaffold3263	AT4G21880.1	27.500	120	80	4	316	675	485	597	5.72e-06	42.7
Lygodium_japonicum_scaffold3263	AT3G61360.1	22.857	175	121	3	61	555	246	416	1.50e-06	44.7
Lygodium_japonicum_scaffold3263	AT4G04790.1	21.154	208	154	4	34	645	367	568	2.75e-06	43.9
Lygodium_japonicum_scaffold3186	AT1G31340.1	80.795	151	29	0	768	316	1	151	2.28e-84	246
Lygodium_japonicum_scaffold3186	AT1G31340.1	60.256	78	31	0	762	529	79	156	3.36e-27	99.4
Lygodium_japonicum_scaffold3186	AT2G35635.1	80.132	151	30	0	768	316	1	151	2.04e-83	244
Lygodium_japonicum_scaffold3186	AT2G35635.1	61.333	75	29	0	762	538	79	153	1.94e-26	97.1
Lygodium_japonicum_scaffold3186	AT1G11980.1	55.263	76	34	0	768	541	1	76	1.06e-24	90.1
Lygodium_japonicum_scaffold3186	AT1G11980.1	54.667	75	34	0	540	316	1	75	7.41e-24	87.8
Lygodium_japonicum_scaffold3240	AT1G13630.4	24.373	279	179	9	994	1749	491	764	9.78e-11	59.3
Lygodium_japonicum_scaffold3240	AT1G13630.4	21.198	217	161	4	6	629	414	629	7.48e-09	53.1
Lygodium_japonicum_scaffold3240	AT1G13630.4	20.000	290	204	6	1051	1866	338	617	9.09e-08	49.7
Lygodium_japonicum_scaffold3240	AT4G21880.1	27.551	98	67	2	1366	1659	501	594	1.34e-07	48.9
Lygodium_japonicum_scaffold3240	AT4G04790.1	31.707	82	52	1	1414	1659	497	574	4.20e-07	47.4
Lygodium_japonicum_scaffold3240	AT3G61360.1	21.348	178	129	4	979	1485	182	357	1.04e-06	45.8
Lygodium_japonicum_scaffold3210	AT2G18330.1	28.472	144	97	4	959	528	384	521	1.87e-10	57.0
Lygodium_japonicum_scaffold3210	AT4G36580.1	28.472	144	97	4	959	528	381	518	3.39e-10	56.2
Lygodium_japonicum_scaffold3241	AT1G13630.4	20.660	576	359	17	333	1940	247	764	2.19e-16	77.8
Lygodium_japonicum_scaffold3241	AT1G13630.4	19.543	481	332	11	738	2057	151	617	1.25e-08	52.4
Lygodium_japonicum_scaffold3241	AT4G21880.1	27.551	98	67	2	1557	1850	501	594	1.96e-07	48.5
Lygodium_japonicum_scaffold3241	AT4G21880.1	25.786	159	92	6	864	1328	490	626	8.42e-06	43.1
Lygodium_japonicum_scaffold3241	AT4G04790.1	31.707	82	52	1	1605	1850	497	574	4.97e-07	47.4
Lygodium_japonicum_scaffold3241	AT3G61360.1	22.857	245	139	7	978	1676	151	357	6.76e-07	46.6
Lygodium_japonicum_scaffold3148	AT1G30270.1	40.590	271	138	6	1214	435	30	288	7.80e-65	211
Lygodium_japonicum_scaffold3148	AT4G24400.1	42.125	273	141	6	1229	432	3	265	4.36e-64	208
Lygodium_japonicum_scaffold3148	AT5G21326.1	40.809	272	138	6	1214	432	12	271	7.31e-64	207
Lygodium_japonicum_scaffold3148	AT2G26980.4	40.074	272	140	6	1214	432	23	282	1.16e-63	207
Lygodium_japonicum_scaffold3148	AT5G35410.1	41.007	278	141	7	1235	432	3	267	5.72e-62	203
Lygodium_japonicum_scaffold3148	AT1G01140.3	40.590	271	138	7	1211	432	19	277	1.40e-60	199
Lygodium_japonicum_scaffold3269	AT1G78550.1	27.389	314	201	12	1304	387	43	337	1.02e-20	87.4
Lygodium_japonicum_scaffold3269	AT1G17020.1	28.814	295	185	11	1256	390	63	338	1.37e-16	75.1
Lygodium_japonicum_scaffold3269	AT4G25310.1	27.957	279	178	10	1214	387	76	334	2.96e-16	73.9
Lygodium_japonicum_scaffold3269	AT1G17010.1	26.647	334	201	12	1307	357	43	349	2.13e-15	71.6
Lygodium_japonicum_scaffold3269	AT4G25300.1	25.159	314	209	11	1304	387	42	337	6.56e-15	70.1
Lygodium_japonicum_scaffold3346	AT2G01980.1	49.425	348	169	4	1538	513	625	971	1.28e-94	305
Lygodium_japonicum_scaffold3346	AT1G14660.1	57.627	118	50	0	1538	1185	623	740	5.22e-31	121
Lygodium_japonicum_scaffold3347	AT2G01980.1	45.642	436	213	7	2314	1043	625	1048	4.24e-100	328
Lygodium_japonicum_scaffold3347	AT1G14660.1	57.627	118	50	0	2314	1961	623	740	3.00e-30	121
Lygodium_japonicum_scaffold3345	AT2G01980.1	26.601	203	110	7	999	439	961	1140	5.66e-06	42.0
Lygodium_japonicum_scaffold3321	AT2G43770.1	25.214	234	146	7	434	1099	91	307	8.81e-13	64.3
Lygodium_japonicum_scaffold3321	AT2G43770.1	23.265	245	139	8	569	1228	24	244	3.07e-11	59.3
Lygodium_japonicum_scaffold3321	AT2G43770.1	27.407	135	76	3	446	829	221	340	1.06e-10	57.8
Lygodium_japonicum_scaffold3321	AT3G49180.1	27.941	136	84	2	596	961	69	204	3.06e-11	60.1
Lygodium_japonicum_scaffold3321	AT4G28450.1	36.923	65	41	0	668	862	82	146	8.67e-08	48.9
Lygodium_japonicum_scaffold3321	AT4G28450.1	33.333	84	54	2	719	964	56	139	5.65e-06	43.1
Lygodium_japonicum_scaffold3291	AT5G67385.1	35.443	553	283	6	2798	1143	1	480	1.47e-101	325
Lygodium_japonicum_scaffold3291	AT3G49970.1	31.548	504	228	10	2699	1206	2	394	4.94e-70	236
Lygodium_japonicum_scaffold3281	AT1G31340.1	80.921	152	29	0	1052	597	1	152	1.43e-83	246
Lygodium_japonicum_scaffold3281	AT1G31340.1	71.963	107	30	0	1142	822	47	153	7.64e-49	157
Lygodium_japonicum_scaffold3281	AT1G31340.1	89.773	88	9	0	824	561	1	88	1.26e-47	154
Lygodium_japonicum_scaffold3281	AT2G35635.1	80.263	152	30	0	1052	597	1	152	1.12e-82	243
Lygodium_japonicum_scaffold3281	AT2G35635.1	71.028	107	31	0	1142	822	47	153	4.36e-48	155
Lygodium_japonicum_scaffold3281	AT2G35635.1	89.773	88	9	0	824	561	1	88	8.82e-48	154
Lygodium_japonicum_scaffold3281	AT1G11980.1	54.545	77	35	0	1052	822	1	77	2.58e-24	89.7
Lygodium_japonicum_scaffold3281	AT1G11980.1	55.263	76	34	0	824	597	1	76	2.92e-24	89.7
Lygodium_japonicum_scaffold3281	AT1G11980.1	58.065	31	13	0	1142	1050	47	77	4.24e-06	38.9
Lygodium_japonicum_scaffold3415	AT1G13630.4	35.052	97	60	2	293	3	236	329	1.19e-16	68.2
Lygodium_japonicum_scaffold3415	AT1G13630.4	32.407	108	70	1	329	6	470	574	2.77e-16	67.4
Lygodium_japonicum_scaffold3415	AT1G13630.4	30.556	108	72	1	326	3	295	399	1.03e-13	60.1
Lygodium_japonicum_scaffold3415	AT1G13630.4	29.730	111	74	2	335	6	397	504	1.92e-13	59.3
Lygodium_japonicum_scaffold3415	AT1G13630.4	28.571	112	72	3	329	3	329	435	6.04e-13	57.8
Lygodium_japonicum_scaffold3415	AT1G13630.4	31.068	103	68	1	335	27	503	602	9.26e-11	51.6
Lygodium_japonicum_scaffold3415	AT1G13630.4	25.926	108	77	2	335	12	655	759	1.48e-10	50.8
Lygodium_japonicum_scaffold3415	AT1G13630.4	28.829	111	76	1	335	3	257	364	7.70e-10	48.9
Lygodium_japonicum_scaffold3415	AT1G13630.4	24.107	112	76	2	329	21	610	721	1.52e-09	48.1
Lygodium_japonicum_scaffold3415	AT1G13630.4	22.881	118	76	3	335	18	573	687	1.76e-06	39.3
Lygodium_japonicum_scaffold3415	AT3G61360.1	27.273	110	77	1	332	3	234	340	8.48e-12	54.3
Lygodium_japonicum_scaffold3415	AT3G61360.1	28.440	109	72	2	329	3	168	270	1.79e-11	53.5
Lygodium_japonicum_scaffold3415	AT3G61360.1	30.189	106	69	2	329	18	305	407	5.41e-08	43.5
Lygodium_japonicum_scaffold3410	AT5G20520.1	72.727	231	63	0	884	192	1	231	2.03e-132	375
Lygodium_japonicum_scaffold3409	AT5G20520.1	68.852	305	94	1	1414	503	1	305	2.64e-164	463
Lygodium_japonicum_scaffold3483	AT3G61360.1	22.936	218	154	5	84	701	206	421	7.71e-10	54.7
Lygodium_japonicum_scaffold3523	AT5G35410.1	25.926	162	109	5	1082	600	55	206	3.86e-07	46.6
Lygodium_japonicum_scaffold3523	AT1G01140.3	23.926	163	115	5	1085	600	62	216	7.67e-06	42.4
Lygodium_japonicum_scaffold3523	AT1G30270.1	24.352	193	115	8	1133	600	52	228	8.35e-06	42.4
Lygodium_japonicum_scaffold3561	AT1G13630.4	21.277	141	107	1	8	418	489	629	4.72e-06	40.0
Lygodium_japonicum_scaffold3561	AT1G13630.4	30.216	139	89	5	2	400	417	553	5.13e-06	40.0
Lygodium_japonicum_scaffold3567	AT1G13630.4	20.702	285	210	8	1296	475	338	617	7.21e-12	61.2
Lygodium_japonicum_scaffold3567	AT1G13630.4	23.982	221	146	8	1374	775	589	808	2.43e-06	43.5
Lygodium_japonicum_scaffold3567	AT4G21880.1	22.275	211	150	6	1356	733	483	682	4.86e-09	52.4
Lygodium_japonicum_scaffold3567	AT3G61360.1	21.893	169	127	2	1284	790	179	346	1.40e-07	47.4
Lygodium_japonicum_scaffold3568	AT1G13630.4	29.545	88	55	1	286	44	454	541	4.89e-06	37.7
Lygodium_japonicum_scaffold3602	AT1G13630.4	31.092	119	75	4	360	16	414	529	1.69e-07	42.7
Lygodium_japonicum_scaffold3606	AT2G26980.4	28.910	211	133	9	273	896	30	226	1.52e-12	63.5
Lygodium_japonicum_scaffold3606	AT1G30270.1	30.698	215	124	11	273	896	37	233	2.60e-12	62.8
Lygodium_japonicum_scaffold3606	AT5G35410.1	28.440	218	130	8	273	905	17	215	3.17e-12	62.4
Lygodium_japonicum_scaffold3606	AT4G24400.1	27.948	229	143	9	273	944	15	226	1.40e-11	60.5
Lygodium_japonicum_scaffold3606	AT5G21326.1	28.774	212	132	8	273	896	19	215	8.86e-11	57.8
Lygodium_japonicum_scaffold3606	AT1G01140.3	28.302	212	133	9	273	896	25	221	1.02e-10	57.8
Lygodium_japonicum_scaffold3608	AT3G12250.4	35.789	95	50	3	364	648	34	117	1.13e-06	43.9
Lygodium_japonicum_scaffold3607	AT3G12250.4	35.789	95	50	3	364	648	34	117	1.63e-06	43.9
Lygodium_japonicum_scaffold3581	AT1G13630.4	27.941	272	177	7	1391	618	306	572	4.56e-18	81.3
Lygodium_japonicum_scaffold3581	AT1G13630.4	22.727	308	205	9	1496	666	370	675	3.67e-16	75.5
Lygodium_japonicum_scaffold3581	AT1G13630.4	23.134	268	192	5	1400	639	338	605	1.39e-12	63.9
Lygodium_japonicum_scaffold3581	AT3G61360.1	24.017	229	160	7	1289	633	143	367	4.92e-09	52.4
Lygodium_japonicum_scaffold3581	AT4G21880.1	30.469	128	83	3	1388	1014	501	625	9.88e-09	51.6
Lygodium_japonicum_scaffold3581	AT4G21880.1	23.438	128	94	2	1088	714	500	626	3.35e-06	43.5
Lygodium_japonicum_scaffold3581	AT4G04790.1	26.471	136	82	4	1388	1008	481	607	1.15e-06	45.1
Lygodium_japonicum_scaffold3588	AT1G05160.1	20.569	457	326	12	209	1558	45	471	8.08e-16	73.9
Lygodium_japonicum_scaffold3588	AT2G32440.1	22.176	239	175	5	845	1558	240	468	6.23e-12	62.0
Lygodium_japonicum_scaffold3589	AT1G05160.1	20.569	457	326	12	209	1558	45	471	5.71e-16	74.3
Lygodium_japonicum_scaffold3589	AT2G32440.1	22.541	244	176	6	836	1558	235	468	5.40e-12	62.0
Lygodium_japonicum_scaffold3661	AT1G13630.4	23.671	207	141	5	597	16	285	487	9.82e-08	45.8
Lygodium_japonicum_scaffold3661	AT1G13630.4	22.535	142	105	2	426	16	486	627	6.57e-06	40.4
Lygodium_japonicum_scaffold3661	AT3G61360.1	22.791	215	154	6	633	16	146	357	5.19e-06	40.4
Lygodium_japonicum_scaffold3600	AT2G43770.1	79.032	310	65	0	266	1195	34	343	0.0	545
Lygodium_japonicum_scaffold3600	AT3G49180.1	22.400	250	171	7	497	1201	6	247	1.53e-12	63.2
Lygodium_japonicum_scaffold3600	AT3G49180.1	22.326	215	143	5	332	916	81	291	2.39e-08	50.1
Lygodium_japonicum_scaffold3600	AT4G28450.1	23.636	165	97	6	749	1195	82	233	5.39e-09	52.0
Lygodium_japonicum_scaffold3600	AT4G28450.1	23.077	273	169	12	437	1183	61	316	4.38e-08	49.3
Lygodium_japonicum_scaffold3600	AT1G27470.1	24.167	120	80	4	461	793	201	318	7.12e-06	42.4
Lygodium_japonicum_scaffold3600	AT4G07410.1	20.122	164	117	4	344	793	155	318	7.31e-06	42.4
Lygodium_japonicum_scaffold3704	AT1G17020.1	31.536	371	208	11	93	1172	3	338	7.05e-42	147
Lygodium_japonicum_scaffold3704	AT4G25300.1	32.036	334	194	8	189	1172	30	336	1.34e-40	143
Lygodium_japonicum_scaffold3704	AT1G78550.1	30.612	343	207	8	156	1175	23	337	2.57e-40	142
Lygodium_japonicum_scaffold3704	AT4G25310.1	31.378	341	195	9	168	1175	28	334	5.26e-38	136
Lygodium_japonicum_scaffold3704	AT1G17010.1	31.677	322	178	8	240	1175	50	339	4.40e-36	131
Lygodium_japonicum_scaffold3689	AT5G65930.3	43.548	124	60	1	2684	2343	1114	1237	1.96e-24	103
Lygodium_japonicum_scaffold3688	AT5G65930.3	43.548	124	60	1	2267	1926	1114	1237	1.36e-24	103
Lygodium_japonicum_scaffold3730	AT1G13630.4	25.850	147	105	1	158	586	477	623	1.01e-08	52.4
Lygodium_japonicum_scaffold3730	AT1G13630.4	23.288	219	159	3	47	676	400	618	1.10e-07	48.9
Lygodium_japonicum_scaffold3730	AT4G21880.1	28.889	135	86	3	164	553	497	626	2.99e-07	47.8
Lygodium_japonicum_scaffold3730	AT4G04790.1	27.068	133	91	2	164	553	477	606	4.21e-07	47.0
Lygodium_japonicum_scaffold3731	AT1G13630.4	25.850	147	105	1	158	586	477	623	1.08e-08	52.4
Lygodium_japonicum_scaffold3731	AT1G13630.4	23.288	219	159	3	47	676	400	618	1.17e-07	48.9
Lygodium_japonicum_scaffold3731	AT4G21880.1	28.889	135	86	3	164	553	497	626	3.18e-07	47.8
Lygodium_japonicum_scaffold3731	AT4G04790.1	27.068	133	91	2	164	553	477	606	4.48e-07	47.0
Lygodium_japonicum_scaffold3757	AT1G05160.1	26.230	122	82	2	100	465	350	463	1.10e-08	49.7
Lygodium_japonicum_scaffold3757	AT2G32440.1	27.536	138	88	3	31	435	322	450	1.68e-08	48.9
Lygodium_japonicum_scaffold3746	AT4G24400.1	33.831	201	129	3	1548	955	8	207	6.32e-29	113
Lygodium_japonicum_scaffold3746	AT5G35410.1	33.498	203	131	3	1548	949	10	211	7.42e-28	110
Lygodium_japonicum_scaffold3746	AT1G30270.1	33.005	203	130	4	1548	955	30	231	3.66e-27	108
Lygodium_japonicum_scaffold3746	AT5G21326.1	34.804	204	125	5	1548	955	12	213	5.78e-27	107
Lygodium_japonicum_scaffold3746	AT2G26980.4	33.498	203	129	4	1548	955	23	224	2.68e-26	105
Lygodium_japonicum_scaffold3746	AT1G01140.3	29.864	221	144	5	1602	955	5	219	1.06e-23	97.8
Lygodium_japonicum_scaffold3750	AT2G43770.1	25.000	132	85	3	1086	1469	203	324	7.84e-06	42.4
Lygodium_japonicum_scaffold3521	AT4G24400.1	29.057	265	175	5	271	1056	10	264	1.30e-28	113
Lygodium_japonicum_scaffold3521	AT5G35410.1	29.008	262	173	5	271	1047	12	263	7.19e-27	107
Lygodium_japonicum_scaffold3521	AT2G26980.4	34.146	205	123	5	271	861	25	225	1.24e-25	103
Lygodium_japonicum_scaffold3521	AT1G30270.1	31.373	204	130	5	271	861	32	232	3.06e-23	97.1
Lygodium_japonicum_scaffold3521	AT1G01140.3	27.778	288	185	8	217	1056	4	276	5.10e-23	96.3
Lygodium_japonicum_scaffold3521	AT5G21326.1	30.693	202	134	4	271	861	14	214	3.61e-22	93.6
Lygodium_japonicum_scaffold3747	AT4G24400.1	33.831	201	129	3	3138	2545	8	207	2.62e-28	113
Lygodium_japonicum_scaffold3747	AT5G35410.1	33.498	203	131	3	3138	2539	10	211	2.92e-27	110
Lygodium_japonicum_scaffold3747	AT1G30270.1	33.005	203	130	4	3138	2545	30	231	1.48e-26	108
Lygodium_japonicum_scaffold3747	AT5G21326.1	34.804	204	125	5	3138	2545	12	213	2.16e-26	107
Lygodium_japonicum_scaffold3747	AT2G26980.4	33.498	203	129	4	3138	2545	23	224	9.92e-26	105
Lygodium_japonicum_scaffold3747	AT1G01140.3	29.864	221	144	5	3192	2545	5	219	3.60e-23	97.8
Lygodium_japonicum_scaffold3801	AT4G24400.1	36.082	97	56	3	48	335	119	210	1.85e-09	49.7
Lygodium_japonicum_scaffold3801	AT1G01140.3	31.667	120	69	4	48	395	129	239	1.13e-08	47.4
Lygodium_japonicum_scaffold3801	AT2G26980.4	32.374	139	78	6	48	428	134	268	1.49e-08	47.0
Lygodium_japonicum_scaffold3801	AT1G30270.1	31.897	116	72	3	51	395	142	251	1.73e-08	46.6
Lygodium_japonicum_scaffold3801	AT5G35410.1	40.000	80	43	3	84	317	130	206	4.81e-08	45.4
Lygodium_japonicum_scaffold3801	AT5G21326.1	28.767	146	84	5	48	452	123	259	2.10e-07	43.5
Lygodium_japonicum_scaffold3777	AT1G30270.1	37.545	277	154	10	666	1478	30	293	1.57e-49	177
Lygodium_japonicum_scaffold3777	AT1G01140.3	38.267	277	150	10	669	1478	19	281	4.76e-46	166
Lygodium_japonicum_scaffold3777	AT5G21326.1	36.727	275	155	10	666	1472	12	273	2.17e-45	164
Lygodium_japonicum_scaffold3777	AT5G35410.1	36.194	268	156	9	666	1460	10	265	1.76e-44	161
Lygodium_japonicum_scaffold3777	AT2G26980.4	35.379	277	162	9	666	1481	23	287	6.11e-44	160
Lygodium_japonicum_scaffold3777	AT4G24400.1	36.900	271	146	11	666	1454	8	261	5.87e-42	154
Lygodium_japonicum_scaffold3785	AT1G13630.4	20.449	445	333	6	388	1683	164	600	4.12e-22	95.9
Lygodium_japonicum_scaffold3785	AT1G13630.4	21.043	537	347	13	268	1767	318	814	1.74e-20	90.5
Lygodium_japonicum_scaffold3785	AT1G13630.4	20.996	462	333	8	529	1824	269	728	6.04e-19	85.5
Lygodium_japonicum_scaffold3785	AT1G13630.4	20.398	402	261	8	193	1320	399	767	4.57e-13	66.6
Lygodium_japonicum_scaffold3785	AT4G21880.1	22.344	273	192	7	238	1008	358	626	1.28e-10	58.5
Lygodium_japonicum_scaffold3785	AT4G21880.1	20.495	283	203	7	793	1614	357	626	6.87e-07	46.6
Lygodium_japonicum_scaffold3785	AT4G04790.1	20.635	189	134	4	241	777	448	630	8.14e-06	43.1
Lygodium_japonicum_scaffold3785	AT3G61360.1	20.000	175	133	2	841	1344	179	353	9.87e-06	42.7
Lygodium_japonicum_scaffold3802	AT1G30270.1	33.043	115	67	3	48	389	141	246	1.21e-08	50.8
Lygodium_japonicum_scaffold3802	AT4G24400.1	36.458	96	55	3	48	332	119	209	1.66e-08	50.1
Lygodium_japonicum_scaffold3802	AT5G35410.1	30.303	132	81	5	84	455	130	258	2.16e-08	49.7
Lygodium_japonicum_scaffold3802	AT2G26980.4	34.746	118	63	5	48	371	134	247	1.52e-07	47.4
Lygodium_japonicum_scaffold3802	AT5G21326.1	30.000	120	72	3	48	380	123	239	6.84e-07	45.1
Lygodium_japonicum_scaffold3802	AT1G01140.3	30.435	115	70	3	48	389	129	234	8.94e-07	44.7
Lygodium_japonicum_scaffold3776	AT1G30270.1	37.545	277	154	10	666	1478	30	293	1.36e-49	177
Lygodium_japonicum_scaffold3776	AT1G01140.3	38.267	277	150	10	669	1478	19	281	4.28e-46	166
Lygodium_japonicum_scaffold3776	AT5G21326.1	36.727	275	155	10	666	1472	12	273	1.96e-45	164
Lygodium_japonicum_scaffold3776	AT5G35410.1	36.194	268	156	9	666	1460	10	265	1.59e-44	161
Lygodium_japonicum_scaffold3776	AT2G26980.4	35.379	277	162	9	666	1481	23	287	5.55e-44	160
Lygodium_japonicum_scaffold3776	AT4G24400.1	36.900	271	146	11	666	1454	8	261	5.38e-42	154
Lygodium_japonicum_scaffold3665	AT4G24400.1	25.460	326	168	12	1950	1012	6	269	2.46e-18	83.2
Lygodium_japonicum_scaffold3665	AT5G21326.1	26.667	240	137	7	1950	1285	10	228	7.40e-18	81.6
Lygodium_japonicum_scaffold3665	AT1G30270.1	26.609	233	140	9	1947	1291	29	244	7.50e-18	82.0
Lygodium_japonicum_scaffold3665	AT2G26980.4	27.311	238	134	8	1950	1291	21	237	8.61e-18	81.6
Lygodium_japonicum_scaffold3665	AT1G01140.3	23.494	332	171	10	1950	1009	16	282	9.88e-17	78.2
Lygodium_japonicum_scaffold3665	AT5G35410.1	28.879	232	136	10	1950	1291	8	222	2.35e-16	77.0
Lygodium_japonicum_scaffold3806	AT2G43770.1	25.490	102	73	1	1687	1382	154	252	1.91e-07	47.4
Lygodium_japonicum_scaffold3806	AT2G43770.1	20.339	236	168	7	1564	875	65	286	3.90e-07	46.2
Lygodium_japonicum_scaffold3806	AT2G43770.1	23.276	116	83	1	1729	1400	223	338	5.06e-06	42.7
Lygodium_japonicum_scaffold3805	AT2G43770.1	25.472	106	76	1	1590	1273	154	256	1.93e-07	47.0
Lygodium_japonicum_scaffold3805	AT2G43770.1	20.080	249	179	7	1506	778	52	286	3.55e-07	46.2
Lygodium_japonicum_scaffold3805	AT2G43770.1	23.276	116	83	1	1632	1303	223	338	6.55e-06	42.4
Lygodium_japonicum_scaffold3835	AT2G20570.2	44.569	267	108	6	887	1573	170	434	2.88e-47	167
Lygodium_japonicum_scaffold3835	AT5G44190.1	46.058	241	117	5	878	1564	145	384	1.93e-45	161
Lygodium_japonicum_scaffold3913	AT1G05160.1	28.313	166	94	5	95	574	311	457	4.07e-12	60.5
Lygodium_japonicum_scaffold3913	AT2G32440.1	27.607	163	97	4	95	574	310	454	7.27e-12	59.7
Lygodium_japonicum_scaffold3914	AT1G05160.1	28.846	104	65	3	44	337	294	394	1.81e-07	43.5
Lygodium_japonicum_scaffold3914	AT2G32440.1	26.733	101	70	2	44	337	293	392	2.52e-06	40.4
Lygodium_japonicum_scaffold3867	AT1G78550.1	33.434	332	188	7	210	1175	28	336	1.59e-62	203
Lygodium_japonicum_scaffold3867	AT1G17020.1	32.934	334	189	7	210	1175	28	338	3.55e-59	194
Lygodium_japonicum_scaffold3867	AT4G25300.1	33.735	332	186	8	213	1175	28	336	1.82e-57	189
Lygodium_japonicum_scaffold3867	AT4G25310.1	37.407	270	159	5	378	1175	70	333	2.85e-57	189
Lygodium_japonicum_scaffold3867	AT1G17010.1	32.335	334	191	8	210	1175	28	338	9.51e-56	185
Lygodium_japonicum_scaffold3936	AT1G13630.4	22.599	354	245	9	5	988	414	764	1.70e-18	82.8
Lygodium_japonicum_scaffold3936	AT1G13630.4	24.887	221	156	5	293	928	338	557	3.11e-09	53.1
Lygodium_japonicum_scaffold3936	AT4G21880.1	23.767	223	148	7	83	709	423	637	2.67e-09	53.5
Lygodium_japonicum_scaffold3936	AT4G21880.1	20.779	154	106	4	533	985	485	625	4.77e-06	43.1
Lygodium_japonicum_scaffold3936	AT4G04790.1	25.439	114	73	2	533	874	465	566	2.12e-06	44.3
Lygodium_japonicum_scaffold3936	AT3G61360.1	21.318	258	188	5	305	1048	179	431	3.73e-06	43.1
Lygodium_japonicum_scaffold3922	AT5G16930.1	32.903	155	100	2	1016	552	397	547	2.59e-11	60.1
Lygodium_japonicum_scaffold3922	AT3G03060.1	32.911	158	102	2	1016	543	385	538	7.68e-11	58.5
Lygodium_japonicum_scaffold3922	AT2G18330.1	31.884	138	91	1	1022	609	382	516	8.01e-11	58.2
Lygodium_japonicum_scaffold3922	AT4G36580.1	31.618	136	90	1	1016	609	381	513	2.06e-09	53.9
Lygodium_japonicum_scaffold3986	AT2G32440.1	26.198	313	184	14	128	1048	140	411	2.82e-12	62.0
Lygodium_japonicum_scaffold3986	AT1G05160.1	28.114	281	153	14	338	1159	201	439	7.55e-10	54.3
Lygodium_japonicum_scaffold4005	AT4G04790.1	28.571	77	51	2	27	257	481	553	7.24e-07	40.8
Lygodium_japonicum_scaffold4005	AT1G13630.4	26.250	80	58	1	18	257	515	593	2.09e-06	39.7
Lygodium_japonicum_scaffold4005	AT1G13630.4	21.600	125	91	2	12	365	408	532	2.76e-06	39.3
Lygodium_japonicum_scaffold4005	AT4G21880.1	29.032	62	41	1	27	212	501	559	3.31e-06	38.9
Lygodium_japonicum_scaffold3983	AT1G13630.4	20.394	559	384	13	197	1783	238	765	7.43e-23	97.8
Lygodium_japonicum_scaffold3983	AT1G13630.4	22.481	387	276	8	590	1696	233	613	3.80e-20	89.0
Lygodium_japonicum_scaffold3983	AT1G13630.4	20.892	493	353	9	203	1582	310	798	5.62e-15	72.4
Lygodium_japonicum_scaffold3983	AT1G13630.4	23.677	359	240	12	197	1186	414	767	6.71e-13	65.9
Lygodium_japonicum_scaffold3983	AT1G13630.4	18.971	311	232	4	200	1072	485	795	1.06e-09	55.5
Lygodium_japonicum_scaffold3983	AT4G21880.1	27.132	129	86	3	197	571	502	626	8.26e-08	49.3
Lygodium_japonicum_scaffold3983	AT4G21880.1	25.446	224	145	7	545	1177	412	626	6.21e-07	46.2
Lygodium_japonicum_scaffold4001	AT1G30270.1	69.121	421	126	3	1	1254	34	453	0.0	629
Lygodium_japonicum_scaffold4001	AT2G26980.4	66.826	419	136	1	1	1257	27	442	0.0	610
Lygodium_japonicum_scaffold4001	AT1G01140.3	68.150	427	126	4	1	1263	22	444	0.0	609
Lygodium_japonicum_scaffold4001	AT5G21326.1	63.876	418	148	1	1	1254	16	430	0.0	582
Lygodium_japonicum_scaffold4001	AT5G35410.1	57.995	419	173	2	1	1254	14	430	0.0	521
Lygodium_japonicum_scaffold4001	AT4G24400.1	58.234	419	171	3	1	1254	12	427	0.0	515
Lygodium_japonicum_scaffold4015	AT1G01140.3	28.571	210	129	7	2435	1821	23	216	6.31e-15	72.0
Lygodium_japonicum_scaffold4015	AT4G24400.1	26.482	253	152	8	2435	1692	13	236	5.78e-14	69.3
Lygodium_japonicum_scaffold4015	AT2G26980.4	28.959	221	136	7	2435	1788	28	232	2.73e-13	67.0
Lygodium_japonicum_scaffold4015	AT1G30270.1	27.014	211	131	8	2435	1821	35	228	1.00e-12	65.5
Lygodium_japonicum_scaffold4015	AT5G35410.1	28.095	210	128	6	2435	1821	15	206	7.40e-12	62.4
Lygodium_japonicum_scaffold4015	AT5G21326.1	26.667	210	133	5	2435	1821	17	210	2.70e-11	60.5
Lygodium_japonicum_scaffold4036	AT1G13630.4	28.858	499	293	5	2867	1485	300	774	2.55e-53	194
Lygodium_japonicum_scaffold4036	AT1G13630.4	26.501	483	302	10	2834	1506	111	580	7.29e-38	146
Lygodium_japonicum_scaffold4036	AT1G13630.4	24.771	436	279	5	2861	1701	372	807	1.65e-33	132
Lygodium_japonicum_scaffold4036	AT1G13630.4	26.586	331	230	2	2867	1914	476	806	2.69e-32	129
Lygodium_japonicum_scaffold4036	AT1G13630.4	26.800	250	176	2	2246	1497	165	407	5.88e-23	99.0
Lygodium_japonicum_scaffold4036	AT3G61360.1	26.016	246	178	3	2855	2127	176	420	7.85e-20	87.8
Lygodium_japonicum_scaffold4036	AT3G61360.1	24.194	248	186	1	2645	1908	176	423	7.18e-18	81.6
Lygodium_japonicum_scaffold4036	AT3G61360.1	23.810	336	238	7	2492	1524	120	450	1.31e-15	74.3
Lygodium_japonicum_scaffold4036	AT3G61360.1	25.000	236	160	3	2861	2163	243	464	1.17e-14	71.6
Lygodium_japonicum_scaffold4036	AT3G61360.1	26.016	246	172	5	2219	1500	106	347	2.69e-12	63.9
Lygodium_japonicum_scaffold4036	AT4G04790.1	29.651	172	114	5	2867	2358	439	605	7.79e-14	69.3
Lygodium_japonicum_scaffold4036	AT4G04790.1	22.083	240	173	3	2222	1518	375	605	1.37e-06	45.8
Lygodium_japonicum_scaffold4036	AT4G21880.1	29.825	171	115	4	2867	2358	459	625	2.44e-13	67.8
Lygodium_japonicum_scaffold4036	AT4G21880.1	22.082	317	199	9	2654	1719	390	663	1.10e-07	49.3
Lygodium_japonicum_scaffold4035	AT1G13630.4	28.858	499	293	5	2885	1503	300	774	2.63e-53	194
Lygodium_japonicum_scaffold4035	AT1G13630.4	26.501	483	302	10	2852	1524	111	580	7.41e-38	146
Lygodium_japonicum_scaffold4035	AT1G13630.4	24.771	436	279	5	2879	1719	372	807	1.68e-33	132
Lygodium_japonicum_scaffold4035	AT1G13630.4	26.586	331	230	2	2885	1932	476	806	2.73e-32	129
Lygodium_japonicum_scaffold4035	AT1G13630.4	26.800	250	176	2	2264	1515	165	407	5.95e-23	99.0
Lygodium_japonicum_scaffold4035	AT3G61360.1	26.016	246	178	3	2873	2145	176	420	7.92e-20	87.8
Lygodium_japonicum_scaffold4035	AT3G61360.1	24.194	248	186	1	2663	1926	176	423	7.24e-18	81.6
Lygodium_japonicum_scaffold4035	AT3G61360.1	23.810	336	238	7	2510	1542	120	450	1.32e-15	74.3
Lygodium_japonicum_scaffold4035	AT3G61360.1	25.000	236	160	3	2879	2181	243	464	1.18e-14	71.6
Lygodium_japonicum_scaffold4035	AT3G61360.1	26.016	246	172	5	2237	1518	106	347	2.71e-12	63.9
Lygodium_japonicum_scaffold4035	AT4G04790.1	29.651	172	114	5	2885	2376	439	605	7.86e-14	69.3
Lygodium_japonicum_scaffold4035	AT4G04790.1	22.083	240	173	3	2240	1536	375	605	1.38e-06	45.8
Lygodium_japonicum_scaffold4035	AT4G21880.1	29.825	171	115	4	2885	2376	459	625	2.46e-13	67.8
Lygodium_japonicum_scaffold4035	AT4G21880.1	22.082	317	199	9	2672	1737	390	663	1.11e-07	49.3
Lygodium_japonicum_scaffold4057	AT2G18330.1	30.070	143	96	3	1055	627	383	521	7.46e-14	68.2
Lygodium_japonicum_scaffold4057	AT5G16930.1	31.250	144	93	5	1055	627	396	534	5.19e-13	65.5
Lygodium_japonicum_scaffold4057	AT4G36580.1	29.371	143	97	3	1055	627	380	518	6.20e-13	65.5
Lygodium_japonicum_scaffold4057	AT3G03060.1	31.944	144	92	5	1055	627	384	522	1.40e-12	64.3
Lygodium_japonicum_scaffold4002	AT2G28000.1	50.741	540	261	4	2034	418	34	569	9.85e-175	508
Lygodium_japonicum_scaffold4002	AT5G18820.1	46.126	555	292	6	2052	397	15	565	4.87e-147	437
Lygodium_japonicum_scaffold4117	AT4G21880.1	20.879	91	69	1	274	2	501	588	1.90e-06	40.4
Lygodium_japonicum_scaffold4112	AT5G67385.1	58.824	102	42	0	54	359	373	474	9.85e-39	141
Lygodium_japonicum_scaffold4112	AT3G49970.1	50.000	86	38	1	57	314	314	394	4.97e-24	97.8
Lygodium_japonicum_scaffold4168	AT1G13630.4	31.884	69	43	1	21	215	494	562	8.89e-06	38.5
Lygodium_japonicum_scaffold4184	AT4G36990.1	52.632	76	33	1	240	467	1	73	5.15e-23	87.0
Lygodium_japonicum_scaffold4185	AT4G36990.1	52.632	76	33	1	327	554	1	73	3.77e-23	88.6
Lygodium_japonicum_scaffold4177	AT5G16870.1	57.297	185	60	3	210	758	2	169	5.81e-67	206
Lygodium_japonicum_scaffold4177	AT3G03010.1	57.895	171	63	2	255	758	15	179	4.15e-62	193
Lygodium_japonicum_scaffold4130	AT1G05160.1	20.488	410	280	17	265	1470	94	465	9.87e-12	61.6
Lygodium_japonicum_scaffold4130	AT2G32440.1	20.900	311	215	10	550	1470	179	462	1.34e-11	61.2
Lygodium_japonicum_scaffold4214	AT1G17020.1	30.233	301	174	8	1342	509	51	338	2.50e-43	150
Lygodium_japonicum_scaffold4214	AT1G78550.1	30.645	310	167	9	1339	494	52	341	1.18e-41	145
Lygodium_japonicum_scaffold4214	AT4G25310.1	32.482	274	157	7	1264	503	70	335	4.16e-41	144
Lygodium_japonicum_scaffold4214	AT4G25300.1	30.640	297	175	6	1339	509	51	336	4.67e-41	144
Lygodium_japonicum_scaffold4214	AT1G17010.1	30.667	300	173	9	1339	506	53	339	2.02e-40	142
Lygodium_japonicum_scaffold4215	AT1G17020.1	30.233	301	174	8	1339	506	51	338	1.69e-44	153
Lygodium_japonicum_scaffold4215	AT1G78550.1	31.290	310	165	9	1336	491	52	341	1.12e-43	151
Lygodium_japonicum_scaffold4215	AT4G25300.1	31.000	300	170	8	1336	506	51	336	1.45e-42	148
Lygodium_japonicum_scaffold4215	AT4G25310.1	32.130	277	154	8	1261	500	70	335	1.14e-41	145
Lygodium_japonicum_scaffold4215	AT1G17010.1	29.866	298	178	8	1336	503	53	339	1.69e-40	142
Lygodium_japonicum_scaffold4131	AT2G32440.1	21.222	311	193	11	550	1407	179	462	1.10e-08	51.6
Lygodium_japonicum_scaffold4131	AT1G05160.1	19.560	409	264	16	265	1407	94	465	4.25e-08	49.7
Lygodium_japonicum_scaffold4233	AT1G13630.4	23.140	242	142	8	1142	447	422	629	2.09e-12	63.2
Lygodium_japonicum_scaffold4233	AT1G13630.4	26.190	126	87	3	1085	723	514	638	3.78e-08	49.7
Lygodium_japonicum_scaffold4233	AT4G21880.1	27.536	138	90	5	1073	678	501	634	2.48e-10	56.6
Lygodium_japonicum_scaffold4233	AT4G21880.1	21.845	206	125	6	1064	453	434	605	1.24e-07	47.8
Lygodium_japonicum_scaffold4233	AT4G04790.1	20.710	169	121	3	1064	567	484	642	1.79e-07	47.4
Lygodium_japonicum_scaffold4234	AT1G13630.4	23.140	242	142	8	1142	447	422	629	1.54e-12	63.2
Lygodium_japonicum_scaffold4234	AT1G13630.4	26.190	126	87	3	1085	723	514	638	2.98e-08	49.7
Lygodium_japonicum_scaffold4234	AT4G21880.1	27.536	138	90	5	1073	678	501	634	2.00e-10	56.6
Lygodium_japonicum_scaffold4234	AT4G21880.1	21.845	206	125	6	1064	453	434	605	1.10e-07	47.8
Lygodium_japonicum_scaffold4234	AT4G04790.1	20.710	169	121	3	1064	567	484	642	1.42e-07	47.4
Lygodium_japonicum_scaffold4238	AT5G35410.1	28.780	205	126	8	1375	785	17	209	1.15e-10	57.8
Lygodium_japonicum_scaffold4238	AT2G26980.4	28.070	228	131	8	1375	746	30	242	2.12e-09	53.9
Lygodium_japonicum_scaffold4238	AT4G24400.1	26.601	203	133	8	1375	785	15	207	6.12e-09	52.4
Lygodium_japonicum_scaffold4238	AT1G30270.1	25.243	206	136	8	1375	782	37	232	2.36e-08	50.8
Lygodium_japonicum_scaffold4238	AT1G01140.3	26.047	215	137	9	1396	782	18	220	3.95e-07	46.6
Lygodium_japonicum_scaffold4238	AT5G21326.1	33.962	106	57	5	1024	719	132	228	1.62e-06	44.7
Lygodium_japonicum_scaffold4327	AT1G13630.4	32.895	76	47	1	6	221	554	629	1.74e-07	43.1
Lygodium_japonicum_scaffold4330	AT1G13630.4	28.387	155	100	3	514	80	395	548	1.12e-11	58.2
Lygodium_japonicum_scaffold4330	AT4G21880.1	26.718	131	87	5	478	98	501	626	7.86e-06	40.4
Lygodium_japonicum_scaffold4349	AT1G13630.4	25.333	450	306	12	20	1288	318	764	1.31e-25	105
Lygodium_japonicum_scaffold4349	AT1G13630.4	19.565	368	258	7	5	1072	454	795	6.66e-10	55.8
Lygodium_japonicum_scaffold4349	AT1G13630.4	20.833	408	282	11	251	1408	189	577	4.01e-07	46.6
Lygodium_japonicum_scaffold4349	AT4G21880.1	23.423	222	130	7	23	679	443	627	6.81e-10	55.8
Lygodium_japonicum_scaffold4349	AT4G21880.1	21.395	215	153	7	866	1501	490	691	6.03e-09	52.8
Lygodium_japonicum_scaffold4349	AT4G04790.1	26.380	163	83	6	905	1390	481	607	2.78e-09	53.5
Lygodium_japonicum_scaffold4349	AT3G61360.1	21.250	240	174	7	554	1234	194	431	3.95e-09	52.8
Lygodium_japonicum_scaffold4349	AT3G61360.1	24.473	237	136	9	77	709	134	353	2.24e-07	47.4
Lygodium_japonicum_scaffold4325	AT2G01980.1	25.134	374	237	14	1902	838	66	415	1.23e-12	65.1
Lygodium_japonicum_scaffold4325	AT1G14660.1	24.129	373	242	13	1902	838	64	413	3.61e-08	50.4
Lygodium_japonicum_scaffold4333	AT1G13630.4	28.378	148	95	3	818	405	395	541	2.28e-10	56.6
Lygodium_japonicum_scaffold4350	AT2G34630.2	30.286	175	103	4	366	866	147	310	3.96e-14	67.8
Lygodium_japonicum_scaffold4372	AT4G24400.1	40.864	301	153	8	1598	723	4	288	5.65e-65	214
Lygodium_japonicum_scaffold4372	AT5G21326.1	41.304	276	139	6	1598	804	8	271	1.94e-62	207
Lygodium_japonicum_scaffold4372	AT1G30270.1	37.785	307	156	7	1586	699	30	312	3.03e-62	208
Lygodium_japonicum_scaffold4372	AT2G26980.4	40.278	288	145	7	1598	774	19	292	3.75e-61	204
Lygodium_japonicum_scaffold4372	AT5G35410.1	41.091	275	139	6	1598	804	6	267	4.06e-61	204
Lygodium_japonicum_scaffold4372	AT1G01140.3	38.951	267	148	5	1583	804	19	277	7.90e-59	198
Lygodium_japonicum_scaffold4227	AT2G35635.1	100.000	70	0	0	152	361	7	76	7.94e-44	142
Lygodium_japonicum_scaffold4227	AT2G35635.1	54.217	83	38	0	119	367	72	154	4.35e-25	93.6
Lygodium_japonicum_scaffold4227	AT1G31340.1	100.000	70	0	0	152	361	7	76	1.04e-43	142
Lygodium_japonicum_scaffold4227	AT1G31340.1	56.098	82	36	0	119	364	72	153	8.29e-26	95.5
Lygodium_japonicum_scaffold4227	AT1G11980.1	50.667	75	37	0	137	361	2	76	8.23e-22	82.4
Lygodium_japonicum_scaffold4419	AT1G13630.4	20.497	161	124	1	7	477	439	599	1.12e-09	55.1
Lygodium_japonicum_scaffold4418	AT1G13630.4	20.497	161	124	1	7	477	439	599	1.03e-09	55.1
Lygodium_japonicum_scaffold4424	AT1G30270.1	27.723	202	129	7	1197	613	37	228	1.14e-14	71.6
Lygodium_japonicum_scaffold4424	AT5G35410.1	28.713	202	125	9	1197	613	17	206	2.54e-13	67.0
Lygodium_japonicum_scaffold4424	AT4G24400.1	27.228	202	128	8	1197	613	15	204	6.58e-13	65.9
Lygodium_japonicum_scaffold4424	AT1G01140.3	25.743	202	133	7	1197	613	25	216	7.50e-12	62.4
Lygodium_japonicum_scaffold4424	AT2G26980.4	23.762	202	137	7	1197	613	30	221	1.68e-11	61.2
Lygodium_japonicum_scaffold4424	AT5G21326.1	25.743	202	133	7	1197	613	19	210	6.62e-11	59.3
Lygodium_japonicum_scaffold4413	AT1G30270.1	28.897	263	167	6	1465	710	30	283	1.01e-29	117
Lygodium_japonicum_scaffold4413	AT5G35410.1	32.331	266	156	10	1465	704	10	263	6.92e-29	114
Lygodium_japonicum_scaffold4413	AT1G01140.3	28.986	276	176	6	1462	668	19	285	1.06e-28	114
Lygodium_japonicum_scaffold4413	AT4G24400.1	27.737	274	184	4	1465	665	8	274	1.11e-28	114
Lygodium_japonicum_scaffold4413	AT5G21326.1	30.078	256	159	6	1465	731	12	258	1.11e-27	110
Lygodium_japonicum_scaffold4413	AT2G26980.4	30.435	230	143	5	1465	809	23	246	1.73e-27	110
Lygodium_japonicum_scaffold4443	AT1G13630.4	28.829	111	78	1	1872	1543	319	429	3.39e-09	53.5
Lygodium_japonicum_scaffold4443	AT1G13630.4	25.000	192	118	5	1869	1369	531	721	3.23e-08	50.4
Lygodium_japonicum_scaffold4443	AT1G13630.4	25.862	116	86	0	1869	1522	426	541	2.92e-07	47.4
Lygodium_japonicum_scaffold4443	AT4G21880.1	27.966	118	82	2	1869	1516	479	593	1.03e-08	52.0
Lygodium_japonicum_scaffold4443	AT3G61360.1	25.000	104	72	2	1860	1558	299	399	5.09e-07	46.2
Lygodium_japonicum_scaffold4443	AT4G04790.1	23.232	99	69	2	1839	1549	434	527	5.92e-06	43.1
Lygodium_japonicum_scaffold4439	AT1G30270.1	28.839	267	162	10	1478	708	33	281	4.34e-20	88.2
Lygodium_japonicum_scaffold4439	AT2G26980.4	28.846	260	151	10	1478	735	26	263	9.74e-19	83.6
Lygodium_japonicum_scaffold4439	AT5G35410.1	27.165	254	167	9	1478	729	13	252	6.19e-18	80.9
Lygodium_japonicum_scaffold4439	AT1G01140.3	29.091	220	132	8	1490	858	17	221	1.75e-17	79.7
Lygodium_japonicum_scaffold4439	AT4G24400.1	29.439	214	133	8	1478	852	11	211	2.91e-17	79.0
Lygodium_japonicum_scaffold4439	AT5G21326.1	28.682	258	154	10	1478	735	15	252	2.50e-16	75.9
Lygodium_japonicum_scaffold4299	AT2G43770.1	25.969	258	178	8	410	1165	49	299	4.25e-19	82.4
Lygodium_japonicum_scaffold4299	AT2G43770.1	22.685	216	156	3	245	877	126	335	3.10e-11	58.5
Lygodium_japonicum_scaffold4299	AT2G43770.1	23.478	230	155	9	269	928	92	310	1.10e-10	57.0
Lygodium_japonicum_scaffold4299	AT2G43770.1	27.200	125	86	2	266	628	217	340	1.78e-07	47.0
Lygodium_japonicum_scaffold4299	AT3G49180.1	22.944	231	152	5	227	877	19	237	8.59e-15	70.1
Lygodium_japonicum_scaffold4299	AT3G49180.1	25.000	180	112	7	674	1165	118	290	1.24e-06	44.3
Lygodium_japonicum_scaffold4299	AT4G28450.1	23.567	314	209	13	269	1165	62	359	7.15e-09	51.6
Lygodium_japonicum_scaffold4299	AT1G27470.1	30.000	120	81	2	560	910	202	321	4.04e-06	43.1
Lygodium_japonicum_scaffold4430	AT1G01140.3	35.714	140	80	6	2	415	149	280	9.60e-13	65.1
Lygodium_japonicum_scaffold4430	AT1G30270.1	33.333	147	79	6	2	421	161	295	2.97e-12	63.5
Lygodium_japonicum_scaffold4430	AT5G21326.1	35.714	140	80	5	2	415	143	274	1.53e-11	61.2
Lygodium_japonicum_scaffold4430	AT2G26980.4	33.099	142	81	5	2	415	154	285	4.15e-11	59.7
Lygodium_japonicum_scaffold4430	AT5G35410.1	30.625	160	91	6	2	448	141	291	2.44e-09	54.3
Lygodium_japonicum_scaffold4430	AT4G24400.1	31.655	139	85	5	2	415	139	268	4.10e-09	53.5
Lygodium_japonicum_scaffold4469	AT2G28560.1	26.073	303	134	8	917	108	91	336	2.39e-15	70.9
Lygodium_japonicum_scaffold4468	AT2G28560.1	29.630	135	74	1	449	108	202	336	1.08e-08	50.1
Lygodium_japonicum_scaffold4496	AT4G15233.1	23.171	328	205	14	659	1549	729	1040	3.37e-09	53.9
Lygodium_japonicum_scaffold4496	AT4G15236.1	22.866	328	206	14	659	1549	727	1038	1.06e-08	52.4
Lygodium_japonicum_scaffold4496	AT3G53480.1	24.887	221	139	8	842	1471	859	1063	1.57e-08	51.6
Lygodium_japonicum_scaffold4496	AT4G15230.1	23.320	253	165	8	851	1552	807	1049	3.35e-08	50.8
Lygodium_japonicum_scaffold4496	AT4G15215.11	23.320	253	165	8	851	1552	804	1046	4.29e-08	50.4
Lygodium_japonicum_scaffold4496	AT2G37280.3	26.471	204	122	8	899	1471	867	1055	3.41e-06	44.3
Lygodium_japonicum_scaffold4513	AT1G13630.4	22.800	250	175	7	1593	871	225	465	5.07e-10	56.2
Lygodium_japonicum_scaffold4513	AT1G13630.4	22.857	245	175	6	1551	853	415	657	2.01e-08	50.8
Lygodium_japonicum_scaffold4513	AT1G13630.4	20.909	330	200	8	1674	862	440	767	8.83e-07	45.4
Lygodium_japonicum_scaffold4513	AT3G61360.1	26.203	187	115	7	1608	1099	226	406	1.82e-06	44.3
Lygodium_japonicum_scaffold4575	AT1G13630.4	23.708	329	235	6	323	1270	273	598	4.41e-19	83.6
Lygodium_japonicum_scaffold4575	AT1G13630.4	22.868	258	154	4	401	1150	409	629	1.20e-15	73.2
Lygodium_japonicum_scaffold4575	AT1G13630.4	23.934	305	169	9	98	844	519	816	3.25e-10	55.8
Lygodium_japonicum_scaffold4575	AT1G13630.4	20.104	383	247	7	176	1150	365	746	4.44e-06	42.7
Lygodium_japonicum_scaffold4575	AT4G21880.1	21.364	220	130	7	149	793	445	626	3.97e-08	49.3
Lygodium_japonicum_scaffold4591	AT1G13630.4	22.459	423	253	14	177	1373	364	735	3.81e-13	67.0
Lygodium_japonicum_scaffold4591	AT1G13630.4	19.861	433	237	14	6	1205	429	784	8.07e-06	43.1
Lygodium_japonicum_scaffold4591	AT4G04790.1	21.970	264	182	7	570	1310	338	594	2.43e-12	64.7
Lygodium_japonicum_scaffold4591	AT4G21880.1	21.053	304	199	9	477	1313	328	615	2.53e-08	51.6
Lygodium_japonicum_scaffold4590	AT5G64940.1	26.179	424	256	11	444	1598	229	634	4.90e-38	145
Lygodium_japonicum_scaffold4638	AT2G39450.1	55.030	338	147	2	251	1249	53	390	5.35e-96	290
Lygodium_japonicum_scaffold4646	AT1G17020.1	42.105	114	64	2	44	382	167	279	5.12e-25	96.3
Lygodium_japonicum_scaffold4646	AT4G25310.1	42.982	114	62	2	44	382	163	274	8.68e-24	92.8
Lygodium_japonicum_scaffold4646	AT1G78550.1	41.228	114	63	2	44	382	167	277	1.78e-22	89.4
Lygodium_japonicum_scaffold4646	AT1G17010.1	40.000	115	64	3	44	382	168	279	1.96e-22	89.4
Lygodium_japonicum_scaffold4646	AT4G25300.1	41.228	114	64	2	44	382	166	277	2.26e-21	86.3
Lygodium_japonicum_scaffold4645	AT1G17020.1	40.984	122	70	2	44	406	167	287	1.02e-25	98.6
Lygodium_japonicum_scaffold4645	AT4G25310.1	41.803	122	68	2	44	406	163	282	1.46e-24	95.5
Lygodium_japonicum_scaffold4645	AT1G17010.1	39.024	123	70	3	44	406	168	287	2.50e-24	91.3
Lygodium_japonicum_scaffold4645	AT1G17010.1	32.836	67	44	1	384	581	285	351	2.50e-24	32.3
Lygodium_japonicum_scaffold4645	AT1G78550.1	41.379	116	64	2	44	388	167	279	7.48e-23	90.5
Lygodium_japonicum_scaffold4645	AT4G25300.1	40.164	122	70	2	44	406	166	285	4.85e-22	88.2
Lygodium_japonicum_scaffold4635	AT5G63490.1	29.091	110	71	4	389	718	71	173	1.17e-09	53.9
Lygodium_japonicum_scaffold4635	AT3G52950.1	27.273	110	73	3	389	718	80	182	2.31e-08	50.1
Lygodium_japonicum_scaffold4635	AT2G36500.1	26.364	110	74	3	389	718	78	180	2.72e-08	49.7
Lygodium_japonicum_scaffold4635	AT5G50640.1	26.364	110	74	3	389	718	79	181	1.02e-07	47.8
Lygodium_japonicum_scaffold4635	AT5G50530.1	26.364	110	74	3	389	718	79	181	1.02e-07	47.8
Lygodium_japonicum_scaffold4676	AT5G60100.2	26.772	127	90	1	898	1278	62	185	1.44e-06	45.1
Lygodium_japonicum_scaffold4679	AT1G13630.4	24.638	276	183	8	63	818	491	765	2.91e-14	69.7
Lygodium_japonicum_scaffold4679	AT1G13630.4	21.032	252	160	4	12	743	403	623	8.89e-09	52.0
Lygodium_japonicum_scaffold4679	AT1G13630.4	21.739	161	122	1	84	554	221	381	4.24e-08	49.7
Lygodium_japonicum_scaffold4679	AT1G13630.4	25.339	221	143	8	42	641	589	808	1.12e-07	48.5
Lygodium_japonicum_scaffold4679	AT4G21880.1	25.180	139	96	4	99	506	492	625	1.82e-07	47.8
Lygodium_japonicum_scaffold4679	AT3G61360.1	18.018	222	173	3	42	680	180	401	2.29e-06	43.9
Lygodium_japonicum_scaffold4464	AT5G57420.1	31.111	90	52	2	1439	1708	79	158	5.76e-09	50.4
Lygodium_japonicum_scaffold4718	AT4G04790.1	33.846	65	39	2	561	367	504	564	7.24e-07	42.7
Lygodium_japonicum_scaffold4698	AT1G13630.4	22.128	235	167	6	2745	2074	407	636	7.05e-15	72.8
Lygodium_japonicum_scaffold4698	AT1G13630.4	22.222	279	201	8	2739	1933	338	610	4.49e-11	60.5
Lygodium_japonicum_scaffold4698	AT1G13630.4	22.761	268	194	6	2724	1951	308	572	1.31e-08	52.4
Lygodium_japonicum_scaffold4698	AT1G13630.4	21.605	162	121	3	2685	2212	649	808	1.77e-06	45.4
Lygodium_japonicum_scaffold4698	AT4G21880.1	29.032	93	62	1	2730	2452	500	588	4.14e-07	47.4
Lygodium_japonicum_scaffold4698	AT3G61360.1	21.642	268	176	7	2739	2014	209	468	3.04e-06	44.3
Lygodium_japonicum_scaffold4698	AT4G04790.1	26.316	133	85	3	2730	2350	480	605	3.17e-06	44.7
Lygodium_japonicum_scaffold4729	AT1G13630.4	31.325	83	57	0	132	380	283	365	2.61e-06	42.4
Lygodium_japonicum_scaffold4777	AT1G13630.4	26.115	157	105	4	9	449	414	569	1.06e-09	50.8
Lygodium_japonicum_scaffold4755	AT3G66658.2	29.329	283	185	8	1360	548	249	528	2.73e-21	90.5
Lygodium_japonicum_scaffold4805	AT3G53480.1	38.462	78	48	0	317	550	54	131	5.58e-10	53.5
Lygodium_japonicum_scaffold4805	AT2G37280.3	37.500	80	49	1	311	550	18	96	6.05e-10	53.5
Lygodium_japonicum_scaffold4805	AT4G15233.1	30.986	71	49	0	335	547	30	100	5.78e-07	44.3
Lygodium_japonicum_scaffold4805	AT4G15230.1	32.099	81	49	3	314	550	26	102	9.27e-07	43.9
Lygodium_japonicum_scaffold4805	AT4G15215.11	31.250	96	52	3	287	547	8	98	1.19e-06	43.5
Lygodium_japonicum_scaffold4802	AT3G51830.1	28.731	268	181	6	24	812	49	311	2.24e-25	105
Lygodium_japonicum_scaffold4802	AT3G51830.1	36.585	123	76	2	1111	1476	385	506	2.88e-17	80.1
Lygodium_japonicum_scaffold4802	AT3G51460.1	29.365	252	167	7	75	812	66	312	1.37e-24	103
Lygodium_japonicum_scaffold4802	AT3G51460.1	39.394	132	68	3	1099	1476	384	509	3.67e-19	86.3
Lygodium_japonicum_scaffold4802	AT5G66020.1	28.854	253	168	8	75	812	63	310	2.09e-22	96.7
Lygodium_japonicum_scaffold4802	AT5G66020.1	36.220	127	79	2	1099	1476	382	507	8.10e-18	82.0
Lygodium_japonicum_scaffold4861	AT5G55860.1	45.238	84	34	2	182	397	21	104	3.45e-12	56.6
Lygodium_japonicum_scaffold4861	AT1G12150.1	38.554	83	40	1	182	397	20	102	1.72e-11	54.3
Lygodium_japonicum_scaffold4847	AT1G13630.4	21.995	391	273	11	1758	670	353	739	2.17e-12	63.9
Lygodium_japonicum_scaffold4847	AT1G13630.4	20.500	400	267	10	1764	664	246	627	1.72e-11	60.8
Lygodium_japonicum_scaffold4847	AT4G04790.1	20.809	346	243	12	1758	784	387	722	7.50e-06	42.7
Lygodium_japonicum_scaffold4848	AT1G13630.4	21.588	403	284	11	1794	670	341	739	5.53e-13	65.9
Lygodium_japonicum_scaffold4848	AT1G13630.4	20.000	410	299	9	1827	664	225	627	1.36e-12	64.7
Lygodium_japonicum_scaffold4848	AT1G13630.4	20.325	369	263	11	1803	778	444	808	8.02e-08	49.3
Lygodium_japonicum_scaffold4848	AT4G04790.1	20.506	395	275	14	1881	784	338	722	6.34e-07	46.2
Lygodium_japonicum_scaffold4848	AT4G21880.1	24.176	91	66	1	1791	1519	501	588	1.61e-06	45.1
Lygodium_japonicum_scaffold4860	AT4G21880.1	19.403	201	146	5	215	802	501	690	1.13e-07	48.5
Lygodium_japonicum_scaffold4860	AT1G13630.4	20.642	218	152	5	2	595	548	764	1.09e-06	45.1
Lygodium_japonicum_scaffold4874	AT4G21880.1	22.794	136	99	3	2795	2394	497	628	4.25e-08	50.8
Lygodium_japonicum_scaffold4874	AT4G04790.1	24.800	125	85	4	2795	2436	477	597	8.91e-08	49.7
Lygodium_japonicum_scaffold4874	AT1G13630.4	26.190	126	88	2	2918	2553	691	815	4.66e-07	47.4
Lygodium_japonicum_scaffold4874	AT1G13630.4	24.088	137	96	4	2927	2532	467	600	7.21e-06	43.5
Lygodium_japonicum_scaffold4902	AT5G64940.1	36.986	73	46	0	19	237	348	420	1.53e-16	53.9
Lygodium_japonicum_scaffold4902	AT5G64940.1	55.172	29	13	0	233	319	430	458	1.53e-16	41.6
Lygodium_japonicum_scaffold4870	AT1G13630.4	25.519	337	234	7	47	1015	301	634	1.71e-27	110
Lygodium_japonicum_scaffold4870	AT1G13630.4	24.465	327	214	9	5	904	494	814	1.72e-16	76.3
Lygodium_japonicum_scaffold4870	AT1G13630.4	23.474	213	152	4	269	880	269	479	1.78e-11	60.1
Lygodium_japonicum_scaffold4870	AT4G04790.1	24.183	153	107	3	65	511	481	628	3.24e-10	56.2
Lygodium_japonicum_scaffold4870	AT4G04790.1	22.677	269	188	8	17	790	362	621	4.22e-08	49.3
Lygodium_japonicum_scaffold4870	AT4G04790.1	22.705	207	148	6	419	1018	392	593	1.29e-06	44.7
Lygodium_japonicum_scaffold4870	AT4G21880.1	23.973	146	104	3	65	493	501	642	7.38e-10	55.1
Lygodium_japonicum_scaffold4870	AT4G21880.1	26.923	156	103	5	338	790	492	641	5.12e-09	52.4
Lygodium_japonicum_scaffold4870	AT3G61360.1	21.978	182	101	4	50	478	174	353	1.87e-06	43.9
Lygodium_japonicum_scaffold4870	AT3G61360.1	23.464	179	124	6	362	877	176	348	2.97e-06	43.1
Lygodium_japonicum_scaffold4885	AT3G12740.1	64.688	337	106	5	361	1368	25	349	5.40e-152	438
Lygodium_japonicum_scaffold4885	AT1G16360.2	63.690	336	109	5	364	1368	25	348	2.46e-150	434
Lygodium_japonicum_scaffold4885	AT1G54320.1	64.201	338	106	6	361	1368	24	348	5.66e-148	428
Lygodium_japonicum_scaffold4885	AT1G79450.1	62.798	336	112	5	364	1368	25	348	1.01e-146	425
Lygodium_japonicum_scaffold4885	AT5G46150.1	56.587	334	129	6	364	1359	20	339	1.28e-128	378
Lygodium_japonicum_scaffold4889	AT2G43770.1	21.662	337	218	11	1453	449	46	338	2.25e-13	65.5
Lygodium_japonicum_scaffold4889	AT2G43770.1	24.057	212	131	7	1378	767	151	340	2.35e-13	65.5
Lygodium_japonicum_scaffold4889	AT2G43770.1	23.188	138	91	5	1444	1040	218	343	1.85e-08	50.1
Lygodium_japonicum_scaffold4889	AT2G43770.1	23.404	141	85	3	853	431	51	168	2.60e-06	43.5
Lygodium_japonicum_scaffold4889	AT3G49180.1	24.359	234	147	9	1120	437	81	290	3.66e-06	43.1
Lygodium_japonicum_scaffold4923	AT5G35410.1	29.524	210	133	8	1415	804	17	217	5.33e-15	70.9
Lygodium_japonicum_scaffold4923	AT1G30270.1	26.699	206	142	6	1415	810	37	237	7.95e-14	67.4
Lygodium_japonicum_scaffold4923	AT2G26980.4	29.327	208	134	8	1415	810	30	230	9.18e-13	63.9
Lygodium_japonicum_scaffold4923	AT4G24400.1	25.962	208	139	7	1415	810	15	213	6.23e-12	61.2
Lygodium_japonicum_scaffold4923	AT1G01140.3	26.291	213	148	6	1436	810	18	225	1.25e-10	57.0
Lygodium_japonicum_scaffold4923	AT5G21326.1	27.941	204	133	7	1397	810	22	219	3.51e-10	55.8
Lygodium_japonicum_scaffold4938	AT2G32440.1	29.032	310	215	3	129	1058	140	444	1.20e-40	146
Lygodium_japonicum_scaffold4938	AT1G05160.1	28.571	322	222	5	96	1058	133	447	2.70e-40	145
Lygodium_japonicum_scaffold4924	AT4G24400.1	27.805	205	136	7	1036	1641	15	210	1.49e-14	70.9
Lygodium_japonicum_scaffold4924	AT5G35410.1	28.641	206	135	6	1036	1644	17	213	2.29e-14	70.1
Lygodium_japonicum_scaffold4924	AT2G26980.4	28.444	225	141	9	1036	1695	30	239	1.55e-12	64.3
Lygodium_japonicum_scaffold4924	AT1G30270.1	26.337	243	157	9	1036	1728	37	269	1.86e-12	64.3
Lygodium_japonicum_scaffold4924	AT1G01140.3	27.523	218	146	7	1000	1641	13	222	8.35e-12	62.0
Lygodium_japonicum_scaffold4924	AT5G21326.1	27.536	207	138	7	1036	1644	19	217	2.94e-10	57.4
Lygodium_japonicum_scaffold4944	AT2G32440.1	32.500	40	27	0	687	568	349	388	1.31e-06	31.6
Lygodium_japonicum_scaffold4944	AT2G32440.1	34.146	41	27	0	551	429	422	462	1.31e-06	31.6
Lygodium_japonicum_scaffold4944	AT1G05160.1	28.261	46	33	0	705	568	345	390	1.75e-06	31.6
Lygodium_japonicum_scaffold4944	AT1G05160.1	34.146	41	27	0	551	429	425	465	1.75e-06	31.2
Lygodium_japonicum_scaffold4925	AT5G35410.1	29.187	209	130	7	431	1039	17	213	1.19e-15	72.8
Lygodium_japonicum_scaffold4925	AT4G24400.1	28.293	205	135	7	431	1036	15	210	3.41e-15	71.2
Lygodium_japonicum_scaffold4925	AT1G30270.1	27.706	231	133	10	428	1084	36	244	1.75e-12	63.2
Lygodium_japonicum_scaffold4925	AT1G01140.3	27.615	239	153	9	395	1096	13	236	2.73e-12	62.4
Lygodium_japonicum_scaffold4925	AT2G26980.4	26.446	242	157	10	386	1096	16	241	7.31e-12	60.8
Lygodium_japonicum_scaffold4925	AT5G21326.1	24.561	285	173	10	428	1234	18	276	2.91e-10	55.8
Lygodium_japonicum_scaffold4945	AT1G05160.1	25.558	403	261	15	1607	429	92	465	2.77e-18	82.0
Lygodium_japonicum_scaffold4945	AT2G32440.1	26.282	312	202	10	1346	429	173	462	6.17e-18	81.3
Lygodium_japonicum_scaffold4943	AT1G05160.1	25.558	403	261	15	1607	429	92	465	2.35e-18	82.4
Lygodium_japonicum_scaffold4943	AT2G32440.1	26.537	309	199	10	1337	429	176	462	5.05e-18	81.3
Lygodium_japonicum_scaffold4937	AT5G35410.1	25.806	186	125	6	1920	1390	25	206	8.02e-06	42.7
Lygodium_japonicum_scaffold4936	AT5G35410.1	25.806	186	125	6	1790	1260	25	206	7.43e-06	42.7
Lygodium_japonicum_scaffold5003	AT1G13630.4	21.991	432	273	12	150	1361	370	765	2.39e-16	76.3
Lygodium_japonicum_scaffold5003	AT1G13630.4	21.558	385	273	12	108	1184	427	808	1.65e-11	60.8
Lygodium_japonicum_scaffold5003	AT1G13630.4	17.257	226	175	3	429	1094	164	381	7.98e-07	45.8
Lygodium_japonicum_scaffold5003	AT4G21880.1	28.358	134	90	3	351	743	495	625	5.74e-11	58.9
Lygodium_japonicum_scaffold5003	AT4G21880.1	23.490	149	104	4	627	1052	482	627	1.42e-07	48.1
Lygodium_japonicum_scaffold5003	AT3G61360.1	20.588	238	177	6	468	1151	143	378	8.98e-11	58.2
Lygodium_japonicum_scaffold5003	AT4G04790.1	23.899	159	115	2	357	824	477	632	1.10e-07	48.5
Lygodium_japonicum_scaffold4999	AT1G13630.4	24.155	207	138	5	425	994	524	728	1.16e-09	54.3
Lygodium_japonicum_scaffold4999	AT1G13630.4	26.230	183	124	3	425	952	454	632	1.42e-08	50.8
Lygodium_japonicum_scaffold4999	AT1G13630.4	27.211	147	101	2	12	440	446	590	3.00e-08	50.1
Lygodium_japonicum_scaffold4999	AT4G21880.1	26.168	107	73	2	692	1009	495	596	5.40e-07	45.8
Lygodium_japonicum_scaffold4999	AT4G04790.1	21.963	214	149	5	440	1045	387	594	1.05e-06	45.1
Lygodium_japonicum_scaffold5005	AT5G35410.1	27.723	202	134	7	1226	630	17	209	5.00e-13	66.6
Lygodium_japonicum_scaffold5005	AT4G24400.1	26.887	212	139	7	1229	615	10	212	2.16e-10	58.2
Lygodium_japonicum_scaffold5005	AT1G30270.1	25.837	209	141	5	1229	624	32	233	4.48e-09	53.9
Lygodium_japonicum_scaffold5005	AT2G26980.4	27.014	211	136	7	1229	624	25	226	1.45e-08	52.4
Lygodium_japonicum_scaffold5005	AT5G21326.1	26.341	205	139	5	1226	624	19	215	2.36e-07	48.5
Lygodium_japonicum_scaffold5005	AT1G01140.3	23.039	204	147	4	1226	624	25	221	4.83e-07	47.4
Lygodium_japonicum_scaffold5051	AT4G04790.1	26.744	86	57	2	1026	769	481	560	2.25e-06	43.1
Lygodium_japonicum_scaffold4948	AT1G13630.4	24.937	397	220	12	1970	897	275	632	1.38e-14	71.2
Lygodium_japonicum_scaffold4948	AT4G21880.1	25.000	120	84	3	1235	882	500	615	7.76e-09	52.4
Lygodium_japonicum_scaffold4948	AT4G21880.1	24.113	141	99	4	1571	1158	491	626	9.90e-07	45.8
Lygodium_japonicum_scaffold4948	AT3G61360.1	23.849	239	168	8	1667	981	168	402	1.04e-07	48.5
Lygodium_japonicum_scaffold4948	AT4G04790.1	20.152	263	186	8	1625	888	338	593	1.06e-07	48.9
Lygodium_japonicum_scaffold5059	AT1G69010.1	30.000	100	62	2	1162	1458	10	102	4.08e-07	46.2
Lygodium_japonicum_scaffold5059	AT5G08130.8	38.776	49	30	0	1300	1446	285	333	3.52e-06	43.5
Lygodium_japonicum_scaffold5031	AT4G24400.1	30.734	218	132	8	688	1317	15	221	4.75e-16	74.7
Lygodium_japonicum_scaffold5031	AT5G35410.1	31.925	213	122	10	688	1296	17	216	1.37e-15	73.6
Lygodium_japonicum_scaffold5031	AT1G30270.1	28.571	210	127	8	685	1281	36	233	4.59e-14	68.9
Lygodium_japonicum_scaffold5031	AT1G01140.3	28.638	213	123	8	685	1281	24	221	1.27e-13	67.4
Lygodium_japonicum_scaffold5031	AT2G26980.4	25.692	253	160	9	685	1392	29	270	2.19e-12	63.5
Lygodium_japonicum_scaffold5031	AT5G21326.1	28.384	229	135	10	685	1338	18	228	1.16e-11	60.8
Lygodium_japonicum_scaffold5105	AT1G13630.4	36.709	79	46	1	277	53	475	553	1.69e-07	43.9
Lygodium_japonicum_scaffold5061	AT2G28000.1	23.894	226	154	6	106	765	55	268	3.69e-10	56.6
Lygodium_japonicum_scaffold5061	AT5G18820.1	28.283	99	64	2	145	429	55	150	4.74e-08	49.7
Lygodium_japonicum_scaffold5139	AT1G13630.4	25.000	144	102	3	1047	631	458	600	1.38e-07	42.7
Lygodium_japonicum_scaffold5139	AT1G13630.4	34.375	32	16	1	548	453	603	629	1.38e-07	24.3
Lygodium_japonicum_scaffold5101	AT4G14305.1	25.683	183	128	4	1080	538	9	185	1.36e-13	63.5
Lygodium_japonicum_scaffold5164	AT5G35410.1	27.315	216	138	11	868	1491	5	209	5.47e-11	58.5
Lygodium_japonicum_scaffold5164	AT2G26980.4	27.103	214	135	8	886	1497	24	226	2.32e-09	53.5
Lygodium_japonicum_scaffold5164	AT4G24400.1	24.444	225	139	9	865	1497	2	209	4.95e-09	52.4
Lygodium_japonicum_scaffold5164	AT1G01140.3	25.225	222	131	8	883	1497	18	221	1.98e-08	50.4
Lygodium_japonicum_scaffold5164	AT5G21326.1	27.103	214	137	10	883	1497	12	215	1.45e-07	47.8
Lygodium_japonicum_scaffold5164	AT1G30270.1	23.148	216	141	9	886	1497	31	233	2.89e-07	47.0
Lygodium_japonicum_scaffold5165	AT1G13630.4	21.244	579	383	13	4177	2546	225	765	1.17e-21	95.9
Lygodium_japonicum_scaffold5165	AT1G13630.4	22.822	241	177	3	4884	4189	360	600	2.54e-15	75.1
Lygodium_japonicum_scaffold5165	AT1G13630.4	21.067	375	262	9	4150	3113	410	779	4.72e-12	64.7
Lygodium_japonicum_scaffold5165	AT1G13630.4	19.162	501	345	9	4153	2732	338	805	6.63e-12	63.9
Lygodium_japonicum_scaffold5165	AT4G04790.1	25.483	259	157	9	4887	4177	498	742	8.89e-09	53.9
Lygodium_japonicum_scaffold5165	AT4G04790.1	28.571	119	75	3	2992	2657	453	568	1.28e-08	53.5
Lygodium_japonicum_scaffold5165	AT4G04790.1	22.271	229	166	4	4887	4228	393	618	5.01e-08	51.6
Lygodium_japonicum_scaffold5165	AT4G04790.1	22.477	218	152	5	4719	4102	340	552	4.12e-06	45.1
Lygodium_japonicum_scaffold5165	AT3G61360.1	25.424	177	125	2	3928	3419	180	356	1.01e-08	53.5
Lygodium_japonicum_scaffold5165	AT4G21880.1	20.787	178	139	2	4881	4351	450	626	1.28e-07	50.1
Lygodium_japonicum_scaffold5165	AT4G21880.1	25.210	119	79	3	2992	2657	473	588	5.62e-06	44.7
Lygodium_japonicum_scaffold5166	AT1G13630.4	21.244	579	383	13	4177	2546	225	765	1.20e-21	95.9
Lygodium_japonicum_scaffold5166	AT1G13630.4	21.067	375	262	9	4150	3113	410	779	4.82e-12	64.7
Lygodium_japonicum_scaffold5166	AT1G13630.4	19.162	501	345	9	4153	2732	338	805	6.76e-12	63.9
Lygodium_japonicum_scaffold5166	AT3G61360.1	25.424	177	125	2	3928	3419	180	356	1.03e-08	53.5
Lygodium_japonicum_scaffold5166	AT4G04790.1	28.571	119	75	3	2992	2657	453	568	1.30e-08	53.5
Lygodium_japonicum_scaffold5166	AT4G21880.1	25.210	119	79	3	2992	2657	473	588	5.72e-06	44.7
Lygodium_japonicum_scaffold4855	AT5G35410.1	34.375	192	115	6	1272	709	17	201	4.62e-20	86.7
Lygodium_japonicum_scaffold4855	AT5G21326.1	32.558	215	134	5	1272	643	19	227	2.00e-19	84.7
Lygodium_japonicum_scaffold4855	AT1G30270.1	33.163	196	118	6	1272	703	37	225	7.59e-19	83.2
Lygodium_japonicum_scaffold4855	AT4G24400.1	34.343	198	111	8	1272	703	15	201	1.30e-18	82.4
Lygodium_japonicum_scaffold4855	AT1G01140.3	32.653	196	119	6	1272	703	25	213	4.02e-18	80.9
Lygodium_japonicum_scaffold4855	AT2G26980.4	32.124	193	118	6	1272	712	30	215	9.78e-17	76.6
Lygodium_japonicum_scaffold5224	AT1G13630.4	20.282	355	226	6	35	1075	295	600	2.42e-12	62.4
Lygodium_japonicum_scaffold5224	AT1G13630.4	21.220	377	249	9	5	1054	355	710	3.52e-09	52.4
Lygodium_japonicum_scaffold5224	AT1G13630.4	19.380	387	252	8	5	1123	426	766	4.07e-08	48.9
Lygodium_japonicum_scaffold5224	AT3G61360.1	21.912	251	167	8	5	679	159	406	2.47e-06	43.1
Lygodium_japonicum_scaffold5217	AT1G30270.1	36.508	63	38	1	150	338	113	173	1.36e-07	45.8
Lygodium_japonicum_scaffold5217	AT1G01140.3	42.222	45	26	0	204	338	117	161	4.62e-07	43.9
Lygodium_japonicum_scaffold5217	AT5G35410.1	45.238	42	23	0	213	338	112	153	4.90e-07	43.9
Lygodium_japonicum_scaffold5217	AT2G26980.4	44.444	45	25	0	204	338	122	166	7.14e-07	43.5
Lygodium_japonicum_scaffold5217	AT5G21326.1	44.186	43	24	0	210	338	113	155	7.94e-07	43.5
Lygodium_japonicum_scaffold5217	AT4G24400.1	44.186	43	24	0	210	338	109	151	1.01e-06	43.1
Lygodium_japonicum_scaffold5258	AT5G21326.1	37.450	251	149	2	1753	1004	13	256	2.16e-45	162
Lygodium_japonicum_scaffold5258	AT1G30270.1	35.857	251	153	2	1753	1004	31	274	4.28e-45	162
Lygodium_japonicum_scaffold5258	AT4G24400.1	37.402	254	143	3	1753	1004	9	250	7.50e-45	160
Lygodium_japonicum_scaffold5258	AT5G35410.1	37.402	254	143	3	1753	1004	11	252	4.81e-43	155
Lygodium_japonicum_scaffold5258	AT2G26980.4	34.926	272	167	3	1813	1004	4	267	9.10e-43	154
Lygodium_japonicum_scaffold5258	AT1G01140.3	34.921	252	156	3	1756	1004	18	262	6.03e-41	149
Lygodium_japonicum_scaffold5259	AT5G21326.1	37.450	251	149	2	1753	1004	13	256	2.27e-45	162
Lygodium_japonicum_scaffold5259	AT1G30270.1	35.857	251	153	2	1753	1004	31	274	4.50e-45	162
Lygodium_japonicum_scaffold5259	AT4G24400.1	37.402	254	143	3	1753	1004	9	250	7.88e-45	160
Lygodium_japonicum_scaffold5259	AT5G35410.1	37.402	254	143	3	1753	1004	11	252	5.03e-43	155
Lygodium_japonicum_scaffold5259	AT2G26980.4	34.926	272	167	3	1813	1004	4	267	9.51e-43	154
Lygodium_japonicum_scaffold5259	AT1G01140.3	34.921	252	156	3	1756	1004	18	262	6.28e-41	149
Lygodium_japonicum_scaffold5270	AT1G13630.4	23.041	217	126	6	4	627	457	641	1.58e-07	47.8
Lygodium_japonicum_scaffold5270	AT1G13630.4	21.356	295	211	8	70	900	308	599	1.95e-06	44.3
Lygodium_japonicum_scaffold5320	AT1G13630.4	45.833	48	26	0	29	172	491	538	2.87e-08	38.5
Lygodium_japonicum_scaffold5320	AT1G13630.4	41.176	34	20	0	240	341	566	599	2.87e-08	28.9
Lygodium_japonicum_scaffold5124	AT5G35410.1	38.554	83	49	2	1669	1914	125	206	4.70e-16	52.4
Lygodium_japonicum_scaffold5124	AT5G35410.1	30.337	89	55	3	1310	1558	17	104	4.70e-16	45.4
Lygodium_japonicum_scaffold5124	AT5G21326.1	36.905	84	51	2	1669	1914	127	210	8.85e-12	47.0
Lygodium_japonicum_scaffold5124	AT5G21326.1	28.090	89	57	3	1310	1558	19	106	8.85e-12	36.2
Lygodium_japonicum_scaffold5124	AT4G24400.1	38.554	83	49	2	1669	1914	123	204	5.98e-09	52.8
Lygodium_japonicum_scaffold5124	AT2G26980.4	37.755	98	53	3	1669	1947	138	232	2.76e-08	50.8
Lygodium_japonicum_scaffold5124	AT1G01140.3	39.080	87	45	3	1669	1914	133	216	3.16e-08	50.4
Lygodium_japonicum_scaffold5124	AT1G01140.3	26.374	91	61	2	1289	1543	18	108	5.23e-06	43.5
Lygodium_japonicum_scaffold5124	AT1G30270.1	36.782	87	47	3	1669	1914	145	228	2.89e-07	47.4
Lygodium_japonicum_scaffold5343	AT5G65930.3	49.020	51	26	0	1104	952	1165	1215	1.37e-11	60.1
Lygodium_japonicum_scaffold5342	AT5G65930.3	49.020	51	26	0	1044	892	1165	1215	1.16e-11	60.1
Lygodium_japonicum_scaffold5334	AT1G13630.4	23.989	371	262	9	2021	960	269	636	1.94e-21	93.2
Lygodium_japonicum_scaffold5334	AT1G13630.4	23.739	337	223	9	2009	1083	414	744	1.79e-18	83.6
Lygodium_japonicum_scaffold5334	AT1G13630.4	19.830	353	242	6	2063	1029	220	539	1.15e-10	58.5
Lygodium_japonicum_scaffold5334	AT1G13630.4	22.222	333	233	7	2072	1098	494	808	2.09e-08	51.2
Lygodium_japonicum_scaffold5334	AT4G04790.1	22.300	287	198	10	1970	1158	354	631	2.28e-07	47.8
Lygodium_japonicum_scaffold5334	AT4G21880.1	24.806	129	90	4	2012	1635	501	625	1.35e-06	45.4
Lygodium_japonicum_scaffold5334	AT3G61360.1	21.453	289	170	10	2066	1287	192	452	4.96e-06	43.1
Lygodium_japonicum_scaffold5373	AT1G13630.4	28.814	59	42	0	177	1	514	572	5.22e-07	33.5
Lygodium_japonicum_scaffold5373	AT1G13630.4	26.667	75	53	2	436	215	433	506	5.22e-07	30.0
Lygodium_japonicum_scaffold5344	AT1G30270.1	63.023	430	146	6	1919	660	28	454	0.0	556
Lygodium_japonicum_scaffold5344	AT2G26980.4	60.047	428	163	4	1922	654	20	444	0.0	540
Lygodium_japonicum_scaffold5344	AT1G01140.3	59.819	443	169	4	1961	657	2	443	0.0	537
Lygodium_japonicum_scaffold5344	AT5G21326.1	59.112	428	167	4	1922	654	9	433	0.0	523
Lygodium_japonicum_scaffold5344	AT4G24400.1	55.035	427	181	5	1922	663	5	427	4.50e-167	484
Lygodium_japonicum_scaffold5344	AT5G35410.1	53.167	442	195	5	1940	639	1	438	2.10e-166	482
Lygodium_japonicum_scaffold5410	AT5G35410.1	31.852	270	174	3	1211	408	3	264	4.14e-42	151
Lygodium_japonicum_scaffold5410	AT1G30270.1	31.227	269	171	4	1202	408	28	286	1.06e-41	150
Lygodium_japonicum_scaffold5410	AT2G26980.4	30.909	275	180	3	1211	393	18	284	2.15e-41	149
Lygodium_japonicum_scaffold5410	AT4G24400.1	30.000	270	181	2	1208	399	4	265	1.79e-40	146
Lygodium_japonicum_scaffold5410	AT1G01140.3	29.391	279	183	4	1232	408	6	274	9.62e-39	142
Lygodium_japonicum_scaffold5410	AT5G21326.1	28.727	275	186	3	1211	393	7	273	3.94e-38	139
Lygodium_japonicum_scaffold5398	AT5G46250.1	41.333	75	42	1	1503	1285	103	177	1.49e-12	63.5
Lygodium_japonicum_scaffold5449	AT4G15215.11	35.789	95	56	3	221	490	938	1032	3.48e-08	51.2
Lygodium_japonicum_scaffold5449	AT4G15215.11	29.231	130	75	5	2036	2407	914	1032	1.53e-07	49.3
Lygodium_japonicum_scaffold5449	AT4G15233.1	22.145	289	184	11	1622	2407	753	1027	7.76e-08	50.1
Lygodium_japonicum_scaffold5449	AT4G15233.1	32.039	103	64	5	197	490	926	1027	1.69e-07	49.3
Lygodium_japonicum_scaffold5449	AT4G15236.1	32.039	103	64	5	197	490	924	1025	9.43e-08	50.1
Lygodium_japonicum_scaffold5449	AT4G15236.1	22.293	314	201	12	1553	2407	726	1025	1.02e-06	46.6
Lygodium_japonicum_scaffold5449	AT4G15230.1	33.684	95	58	4	221	490	941	1035	1.04e-07	49.7
Lygodium_japonicum_scaffold5449	AT4G15230.1	27.692	130	77	5	2036	2407	917	1035	1.12e-06	46.6
Lygodium_japonicum_scaffold5449	AT3G53480.1	40.000	80	45	3	197	430	984	1062	1.20e-07	49.7
Lygodium_japonicum_scaffold5449	AT3G53480.1	32.609	92	57	4	2147	2407	994	1085	9.22e-06	43.5
Lygodium_japonicum_scaffold5449	AT2G37280.3	30.702	114	75	3	101	430	941	1054	1.67e-07	49.3
Lygodium_japonicum_scaffold5479	AT1G13630.4	21.316	380	263	7	2102	1011	273	632	2.14e-18	84.3
Lygodium_japonicum_scaffold5479	AT1G13630.4	21.132	530	316	17	2492	1155	295	806	4.61e-12	63.9
Lygodium_japonicum_scaffold5479	AT4G04790.1	21.545	246	169	9	1769	1083	330	568	3.22e-10	57.8
Lygodium_japonicum_scaffold5479	AT3G61360.1	20.968	248	170	6	1802	1107	165	402	2.49e-08	51.2
Lygodium_japonicum_scaffold5479	AT4G21880.1	24.272	103	74	2	1370	1062	497	595	2.63e-07	48.1
Lygodium_japonicum_scaffold5463	AT5G21326.1	29.150	247	149	7	1346	642	19	251	4.00e-16	75.1
Lygodium_japonicum_scaffold5463	AT5G35410.1	28.326	233	152	8	1271	603	33	260	1.04e-14	70.5
Lygodium_japonicum_scaffold5463	AT4G24400.1	27.897	233	153	7	1271	603	31	258	4.06e-14	68.6
Lygodium_japonicum_scaffold5463	AT1G01140.3	27.602	221	142	7	1367	717	18	224	5.39e-14	68.6
Lygodium_japonicum_scaffold5463	AT2G26980.4	28.319	226	137	6	1271	642	46	262	2.53e-13	66.2
Lygodium_japonicum_scaffold5463	AT1G30270.1	26.939	245	157	8	1346	642	37	269	3.77e-13	65.9
Lygodium_japonicum_scaffold5507	AT4G15230.1	24.895	237	153	7	324	980	822	1051	2.59e-09	53.1
Lygodium_japonicum_scaffold5507	AT4G15215.11	24.638	207	109	5	324	860	819	1006	8.78e-09	51.2
Lygodium_japonicum_scaffold5507	AT4G15233.1	25.258	194	124	5	324	860	814	1001	1.82e-08	50.4
Lygodium_japonicum_scaffold5507	AT2G37280.3	28.492	179	105	7	372	860	880	1051	1.91e-08	50.4
Lygodium_japonicum_scaffold5507	AT3G53480.1	28.409	176	109	7	372	860	888	1059	1.47e-07	47.4
Lygodium_japonicum_scaffold5507	AT4G15236.1	23.834	193	128	5	324	860	812	999	4.02e-07	46.2
Lygodium_japonicum_scaffold5447	AT1G31340.1	80.921	152	29	0	894	439	1	152	2.37e-84	246
Lygodium_japonicum_scaffold5447	AT1G31340.1	69.444	108	33	0	978	655	49	156	5.81e-48	153
Lygodium_japonicum_scaffold5447	AT2G35635.1	80.263	152	30	0	894	439	1	152	1.57e-83	244
Lygodium_japonicum_scaffold5447	AT2G35635.1	70.476	105	31	0	978	664	49	153	3.11e-47	151
Lygodium_japonicum_scaffold5447	AT1G11980.1	54.545	77	35	0	894	664	1	77	1.44e-24	89.7
Lygodium_japonicum_scaffold5447	AT1G11980.1	55.263	76	34	0	666	439	1	76	1.63e-24	89.4
Lygodium_japonicum_scaffold5506	AT4G15230.1	26.490	151	100	3	399	818	901	1051	9.14e-09	50.8
Lygodium_japonicum_scaffold5506	AT4G15215.11	30.275	109	67	2	399	698	898	1006	2.41e-08	49.7
Lygodium_japonicum_scaffold5506	AT4G15233.1	34.426	61	40	0	516	698	941	1001	2.56e-07	46.2
Lygodium_japonicum_scaffold5506	AT2G37280.3	36.066	61	39	0	516	698	991	1051	4.74e-07	45.4
Lygodium_japonicum_scaffold5506	AT3G53480.1	36.066	61	39	0	516	698	999	1059	5.94e-07	45.1
Lygodium_japonicum_scaffold5506	AT4G15236.1	26.606	109	71	2	399	698	891	999	6.02e-07	45.1
Lygodium_japonicum_scaffold5540	AT3G49180.1	29.730	111	64	6	996	694	126	232	1.67e-06	43.5
Lygodium_japonicum_scaffold5540	AT3G49180.1	36.765	68	37	3	987	787	87	149	5.02e-06	42.0
Lygodium_japonicum_scaffold5560	AT1G13630.4	22.488	209	124	5	2	610	370	546	6.50e-09	48.9
Lygodium_japonicum_scaffold5560	AT4G21880.1	27.723	101	67	2	2	295	529	626	7.57e-07	42.7
Lygodium_japonicum_scaffold5560	AT4G21880.1	22.772	101	75	1	200	502	494	591	3.96e-06	40.8
Lygodium_japonicum_scaffold5539	AT3G49180.1	29.310	116	58	7	996	694	126	232	2.85e-06	43.5
Lygodium_japonicum_scaffold5539	AT3G49180.1	36.765	68	37	3	987	787	87	149	3.80e-06	43.1
Lygodium_japonicum_scaffold5543	AT4G04790.1	30.928	97	61	2	779	495	502	594	3.19e-07	45.4
Lygodium_japonicum_scaffold5543	AT4G21880.1	27.451	102	68	3	791	492	518	615	1.26e-06	43.5
Lygodium_japonicum_scaffold5558	AT5G67385.1	34.979	466	269	7	6	1391	92	527	3.75e-88	282
Lygodium_japonicum_scaffold5558	AT3G49970.1	32.285	477	233	11	6	1415	59	452	1.31e-70	233
Lygodium_japonicum_scaffold5559	AT5G67385.1	32.778	360	211	6	6	1073	92	424	6.88e-62	205
Lygodium_japonicum_scaffold5559	AT3G49970.1	32.500	360	180	7	6	1073	59	359	4.08e-56	187
Lygodium_japonicum_scaffold5546	AT1G13630.4	20.789	380	287	5	1729	629	248	626	8.82e-14	68.9
Lygodium_japonicum_scaffold5546	AT1G13630.4	22.936	327	206	8	1468	569	304	611	2.12e-12	64.3
Lygodium_japonicum_scaffold5546	AT1G13630.4	20.305	394	252	10	1732	626	458	814	5.06e-08	50.4
Lygodium_japonicum_scaffold5567	AT1G13630.4	20.782	486	313	16	171	1565	238	672	1.13e-08	52.8
Lygodium_japonicum_scaffold5624	AT5G21326.1	55.556	36	15	1	67	174	299	333	2.50e-06	38.9
Lygodium_japonicum_scaffold5619	AT1G30270.1	27.619	210	135	9	191	796	36	236	7.90e-12	61.6
Lygodium_japonicum_scaffold5619	AT1G01140.3	26.667	210	145	6	173	790	18	222	3.23e-11	59.7
Lygodium_japonicum_scaffold5619	AT4G24400.1	28.241	216	144	8	155	790	2	210	5.72e-11	58.9
Lygodium_japonicum_scaffold5619	AT5G35410.1	26.415	212	143	9	173	793	10	213	1.26e-10	57.8
Lygodium_japonicum_scaffold5619	AT5G21326.1	25.610	164	113	5	314	796	61	218	4.32e-09	51.2
Lygodium_japonicum_scaffold5619	AT5G21326.1	46.667	15	8	0	783	827	219	233	4.32e-09	21.9
Lygodium_japonicum_scaffold5619	AT2G26980.4	28.365	208	134	7	191	793	29	228	5.63e-09	52.4
Lygodium_japonicum_scaffold5641	AT1G05160.1	26.667	135	91	4	772	368	300	426	3.69e-06	42.4
Lygodium_japonicum_scaffold5674	AT1G13630.4	25.069	363	234	14	1551	535	271	619	2.39e-16	77.0
Lygodium_japonicum_scaffold5674	AT1G13630.4	20.517	580	396	16	2175	529	263	808	1.19e-13	68.6
Lygodium_japonicum_scaffold5674	AT1G13630.4	21.137	563	357	12	2382	769	295	795	4.98e-12	63.2
Lygodium_japonicum_scaffold5674	AT1G13630.4	20.253	237	179	4	1173	490	224	459	3.13e-08	50.8
Lygodium_japonicum_scaffold5674	AT1G13630.4	27.673	159	105	4	906	451	282	437	2.28e-06	44.7
Lygodium_japonicum_scaffold5674	AT3G61360.1	21.888	233	158	8	1260	613	206	431	2.94e-08	50.4
Lygodium_japonicum_scaffold5674	AT4G21880.1	25.000	140	95	3	2265	1861	497	631	1.08e-07	49.3
Lygodium_japonicum_scaffold5674	AT4G21880.1	27.451	102	69	2	1377	1072	492	588	2.41e-06	44.7
Lygodium_japonicum_scaffold5674	AT4G21880.1	25.342	146	101	4	1059	637	495	637	8.89e-06	42.7
Lygodium_japonicum_scaffold5648	AT3G61150.1	30.709	127	65	3	710	1021	110	236	4.50e-08	49.7
Lygodium_japonicum_scaffold5648	AT4G00730.1	27.200	125	70	2	710	1021	136	260	5.93e-06	43.1
Lygodium_japonicum_scaffold5718	AT2G43770.1	20.988	162	124	2	4	489	94	251	2.55e-11	57.0
Lygodium_japonicum_scaffold5717	AT2G43770.1	20.988	162	124	2	4	489	94	251	3.97e-11	57.0
Lygodium_japonicum_scaffold5681	AT4G15215.11	26.471	136	82	5	2935	2564	896	1025	9.15e-06	43.5
Lygodium_japonicum_scaffold5724	AT4G21880.1	25.714	140	96	4	1416	1012	501	637	4.84e-07	46.2
Lygodium_japonicum_scaffold5724	AT4G21880.1	22.581	155	108	5	1191	733	481	625	8.57e-06	42.0
Lygodium_japonicum_scaffold5724	AT4G04790.1	26.357	129	79	5	1191	805	461	573	1.92e-06	44.3
Lygodium_japonicum_scaffold5724	AT3G61360.1	19.712	208	157	5	1455	859	197	403	4.62e-06	42.7
Lygodium_japonicum_scaffold5753	AT1G13630.4	27.333	150	109	0	2	451	425	574	1.22e-10	56.2
Lygodium_japonicum_scaffold5753	AT1G13630.4	27.559	127	92	0	5	385	496	622	3.47e-08	48.5
Lygodium_japonicum_scaffold5753	AT1G13630.4	23.418	158	120	1	2	472	319	476	5.13e-08	48.1
Lygodium_japonicum_scaffold5753	AT4G21880.1	32.394	71	48	0	5	217	479	549	2.19e-07	46.2
Lygodium_japonicum_scaffold5776	AT1G13630.4	24.074	324	217	7	1838	936	414	731	2.50e-21	92.8
Lygodium_japonicum_scaffold5776	AT1G13630.4	22.021	386	250	8	1955	843	300	649	4.70e-21	91.7
Lygodium_japonicum_scaffold5776	AT3G61360.1	21.339	239	163	7	1625	957	180	409	1.69e-10	57.4
Lygodium_japonicum_scaffold5776	AT4G04790.1	23.188	276	182	10	1925	1158	340	605	1.07e-09	55.1
Lygodium_japonicum_scaffold5776	AT4G04790.1	26.214	103	66	3	1229	921	481	573	2.44e-06	44.3
Lygodium_japonicum_scaffold5776	AT4G04790.1	25.373	134	93	2	1853	1461	477	606	3.08e-06	43.9
Lygodium_japonicum_scaffold5776	AT4G21880.1	27.907	129	86	4	1535	1158	501	625	2.69e-09	53.9
Lygodium_japonicum_scaffold5776	AT4G21880.1	26.119	134	92	3	1853	1461	497	626	6.27e-09	52.8
Lygodium_japonicum_scaffold5776	AT4G21880.1	22.727	132	96	3	1229	840	501	628	4.00e-06	43.5
Lygodium_japonicum_scaffold5800	AT4G24400.1	27.368	285	166	9	1198	365	6	256	1.64e-24	100
Lygodium_japonicum_scaffold5800	AT1G30270.1	28.866	291	160	13	1198	359	28	282	1.72e-21	91.3
Lygodium_japonicum_scaffold5800	AT2G26980.4	27.451	306	171	12	1252	365	9	273	2.79e-21	90.5
Lygodium_japonicum_scaffold5800	AT5G21326.1	27.083	288	167	10	1198	362	10	263	1.79e-19	84.7
Lygodium_japonicum_scaffold5800	AT5G35410.1	24.912	285	173	10	1198	365	8	258	2.29e-18	81.3
Lygodium_japonicum_scaffold5800	AT1G01140.3	25.271	277	172	8	1174	359	24	270	9.65e-17	76.3
Lygodium_japonicum_scaffold5826	AT1G13630.4	21.451	317	227	6	1283	396	414	729	1.71e-16	75.9
Lygodium_japonicum_scaffold5826	AT1G13630.4	19.714	350	230	5	1289	387	271	618	7.59e-13	64.3
Lygodium_japonicum_scaffold5826	AT1G13630.4	21.201	283	198	6	1289	456	552	814	1.36e-06	44.3
Lygodium_japonicum_scaffold5826	AT4G21880.1	24.855	173	124	3	1286	777	501	670	2.16e-09	53.1
Lygodium_japonicum_scaffold5826	AT4G21880.1	24.286	140	98	3	983	579	501	637	1.36e-07	47.4
Lygodium_japonicum_scaffold5826	AT4G21880.1	22.727	132	97	2	680	291	501	629	7.91e-06	42.0
Lygodium_japonicum_scaffold5826	AT4G04790.1	21.642	402	253	14	1094	48	329	721	7.25e-09	51.6
Lygodium_japonicum_scaffold5826	AT4G04790.1	22.561	164	121	2	1286	804	481	641	1.67e-06	43.9
Lygodium_japonicum_scaffold5811	AT1G13630.4	24.000	175	89	4	2405	1908	496	635	1.11e-09	55.5
Lygodium_japonicum_scaffold5811	AT1G13630.4	23.626	182	132	4	2318	1791	353	533	4.45e-09	53.5
Lygodium_japonicum_scaffold5811	AT1G13630.4	21.963	214	141	5	2438	1809	555	746	9.42e-07	46.2
Lygodium_japonicum_scaffold5811	AT1G13630.4	21.782	202	148	6	2363	1779	409	607	7.28e-06	43.1
Lygodium_japonicum_scaffold5843	AT4G15233.1	33.333	99	61	4	271	552	933	1031	2.50e-07	48.5
Lygodium_japonicum_scaffold5843	AT4G15233.1	27.119	118	75	5	2182	2520	936	1047	1.50e-06	45.8
Lygodium_japonicum_scaffold5843	AT4G15236.1	32.323	99	62	4	271	552	931	1029	2.65e-07	48.5
Lygodium_japonicum_scaffold5843	AT4G15236.1	28.261	92	61	4	2182	2442	934	1025	4.91e-06	44.3
Lygodium_japonicum_scaffold5843	AT4G15215.11	37.500	72	43	2	271	480	938	1009	2.96e-07	48.1
Lygodium_japonicum_scaffold5843	AT4G15215.11	27.559	127	81	5	2182	2535	941	1065	1.13e-06	46.6
Lygodium_japonicum_scaffold5843	AT2G37280.3	32.323	99	62	4	271	552	983	1081	3.29e-07	48.1
Lygodium_japonicum_scaffold5843	AT2G37280.3	26.718	131	77	6	2182	2535	986	1110	4.10e-06	44.7
Lygodium_japonicum_scaffold5843	AT3G53480.1	32.323	99	62	4	271	552	991	1089	3.84e-07	48.1
Lygodium_japonicum_scaffold5843	AT3G53480.1	25.984	127	83	7	2182	2535	994	1118	1.60e-06	45.8
Lygodium_japonicum_scaffold5843	AT4G15230.1	31.818	88	56	3	271	522	941	1028	1.16e-06	46.2
Lygodium_japonicum_scaffold5843	AT4G15230.1	25.210	119	80	5	2182	2511	944	1062	1.64e-06	45.8
Lygodium_japonicum_scaffold5842	AT4G15215.11	27.559	127	81	5	1024	1377	941	1065	6.19e-07	46.6
Lygodium_japonicum_scaffold5842	AT3G53480.1	25.984	127	83	7	1024	1377	994	1118	8.17e-07	46.2
Lygodium_japonicum_scaffold5842	AT4G15233.1	27.119	118	75	5	1024	1362	936	1047	8.26e-07	45.8
Lygodium_japonicum_scaffold5842	AT4G15230.1	25.210	119	80	5	1024	1353	944	1062	9.00e-07	45.8
Lygodium_japonicum_scaffold5842	AT2G37280.3	26.718	131	77	6	1024	1377	986	1110	2.27e-06	44.7
Lygodium_japonicum_scaffold5842	AT4G15236.1	28.261	92	61	4	1024	1284	934	1025	2.72e-06	44.3
Lygodium_japonicum_scaffold5861	AT4G15215.11	33.721	86	53	3	817	572	941	1026	1.09e-07	47.8
Lygodium_japonicum_scaffold5861	AT4G15233.1	36.232	69	42	2	817	617	936	1004	4.41e-07	45.8
Lygodium_japonicum_scaffold5861	AT4G15230.1	36.364	77	47	2	841	617	936	1012	5.39e-07	45.4
Lygodium_japonicum_scaffold5861	AT4G15236.1	34.783	69	43	2	817	617	934	1002	6.57e-07	45.1
Lygodium_japonicum_scaffold5861	AT2G37280.3	33.333	69	44	2	817	617	986	1054	8.64e-07	44.7
Lygodium_japonicum_scaffold5861	AT3G53480.1	34.783	69	43	2	817	617	994	1062	2.30e-06	43.5
Lygodium_japonicum_scaffold5803	AT2G26980.4	30.568	229	129	8	1359	712	15	226	9.75e-19	83.2
Lygodium_japonicum_scaffold5803	AT4G24400.1	28.767	219	126	7	1332	712	9	209	1.35e-17	79.7
Lygodium_japonicum_scaffold5803	AT1G01140.3	29.204	226	130	8	1350	712	13	221	9.56e-17	77.0
Lygodium_japonicum_scaffold5803	AT1G30270.1	28.837	215	123	8	1317	712	36	233	3.09e-16	75.9
Lygodium_japonicum_scaffold5803	AT5G21326.1	28.947	228	132	8	1356	712	5	215	9.72e-16	73.9
Lygodium_japonicum_scaffold5803	AT5G35410.1	28.436	211	121	6	1314	718	17	209	2.12e-15	72.8
Lygodium_japonicum_scaffold5865	AT5G21326.1	29.710	138	75	6	407	27	19	145	3.17e-06	43.9
Lygodium_japonicum_scaffold5871	AT1G13630.4	22.000	200	149	3	307	894	404	600	2.75e-15	62.4
Lygodium_japonicum_scaffold5871	AT1G13630.4	33.333	48	30	1	57	200	338	383	2.75e-15	32.0
Lygodium_japonicum_scaffold5871	AT1G13630.4	22.648	287	193	8	274	1071	318	596	1.07e-12	61.6
Lygodium_japonicum_scaffold5871	AT1G13630.4	27.660	47	18	1	63	203	270	300	1.07e-12	23.9
Lygodium_japonicum_scaffold5871	AT1G13630.4	21.267	221	142	7	232	819	585	798	1.07e-10	41.2
Lygodium_japonicum_scaffold5871	AT1G13630.4	36.667	60	34	1	9	176	494	553	1.07e-10	37.4
Lygodium_japonicum_scaffold5871	AT1G13630.4	24.779	226	123	5	217	762	405	627	1.11e-09	54.7
Lygodium_japonicum_scaffold5871	AT4G04790.1	23.588	301	170	12	322	1083	477	764	8.03e-11	58.5
Lygodium_japonicum_scaffold5871	AT4G04790.1	20.000	175	102	5	412	936	437	573	4.40e-06	43.1
Lygodium_japonicum_scaffold5871	AT4G21880.1	24.000	150	104	6	322	756	497	641	4.94e-08	49.3
Lygodium_japonicum_scaffold5871	AT4G21880.1	21.296	216	126	7	394	1023	451	628	1.94e-07	47.4
Lygodium_japonicum_scaffold5871	AT3G61360.1	19.124	251	176	6	277	990	191	427	4.21e-07	46.2
Lygodium_japonicum_scaffold5875	AT4G21880.1	27.673	159	105	4	3	461	497	651	5.00e-08	50.4
Lygodium_japonicum_scaffold5875	AT4G04790.1	27.200	125	82	4	3	362	477	597	2.91e-07	47.8
Lygodium_japonicum_scaffold5875	AT1G13630.4	23.711	97	74	0	9	299	340	436	4.71e-07	47.4
Lygodium_japonicum_scaffold5888	AT1G30270.1	39.086	197	104	6	1394	819	101	286	5.66e-34	127
Lygodium_japonicum_scaffold5888	AT1G01140.3	38.776	196	106	5	1394	819	89	274	1.36e-33	125
Lygodium_japonicum_scaffold5888	AT2G26980.4	37.755	196	108	5	1394	819	94	279	9.22e-33	123
Lygodium_japonicum_scaffold5888	AT5G35410.1	40.415	193	99	9	1385	819	84	264	9.65e-33	123
Lygodium_japonicum_scaffold5888	AT5G21326.1	37.755	196	108	5	1394	819	83	268	1.38e-31	120
Lygodium_japonicum_scaffold5888	AT4G24400.1	38.144	194	106	5	1385	813	82	264	1.57e-31	120
Lygodium_japonicum_scaffold5934	AT5G55860.1	47.143	70	32	2	242	436	13	82	3.96e-09	50.8
Lygodium_japonicum_scaffold5934	AT1G12150.1	34.234	111	63	5	266	571	20	129	1.32e-06	42.7
Lygodium_japonicum_scaffold5939	AT1G13630.4	25.000	304	206	7	3	872	304	599	2.50e-21	88.2
Lygodium_japonicum_scaffold5939	AT1G13630.4	22.662	278	204	4	6	812	340	615	6.02e-18	78.2
Lygodium_japonicum_scaffold5939	AT1G13630.4	22.373	295	174	6	21	743	486	779	1.35e-10	55.8
Lygodium_japonicum_scaffold5939	AT1G13630.4	22.500	240	144	5	309	908	269	506	4.55e-10	54.3
Lygodium_japonicum_scaffold5939	AT4G04790.1	26.570	207	125	5	318	908	481	670	6.44e-13	63.2
Lygodium_japonicum_scaffold5939	AT4G21880.1	25.581	129	89	2	318	695	501	625	2.71e-09	52.0
Lygodium_japonicum_scaffold5939	AT4G21880.1	29.231	130	85	3	12	392	501	626	5.61e-08	47.8
Lygodium_japonicum_scaffold5939	AT4G21880.1	25.253	99	70	1	603	899	494	588	1.17e-07	46.6
Lygodium_japonicum_scaffold5939	AT3G61360.1	24.370	238	150	7	3	680	210	429	1.64e-06	43.1
Lygodium_japonicum_scaffold5917	AT2G35635.1	100.000	76	0	0	60	287	1	76	2.44e-49	155
Lygodium_japonicum_scaffold5917	AT2G35635.1	60.526	76	30	0	66	293	79	154	1.53e-26	96.3
Lygodium_japonicum_scaffold5917	AT1G31340.1	100.000	76	0	0	60	287	1	76	3.70e-49	155
Lygodium_japonicum_scaffold5917	AT1G31340.1	62.667	75	28	0	66	290	79	153	3.21e-27	98.2
Lygodium_japonicum_scaffold5917	AT1G11980.1	55.263	76	34	0	60	287	1	76	1.31e-24	89.0
Lygodium_japonicum_scaffold5997	AT3G61360.1	21.569	204	145	6	1726	1145	159	357	4.49e-09	53.1
Lygodium_japonicum_scaffold5997	AT1G13630.4	20.479	376	259	10	2164	1106	289	647	4.75e-09	53.5
Lygodium_japonicum_scaffold5997	AT4G21880.1	22.472	178	127	6	1279	761	496	667	5.23e-07	46.6
Lygodium_japonicum_scaffold5988	AT5G60100.2	55.319	47	21	0	560	420	469	515	5.44e-11	58.5
Lygodium_japonicum_scaffold5988	AT5G02810.1	54.545	44	20	0	560	429	669	712	1.66e-10	57.0
Lygodium_japonicum_scaffold6004	AT1G13630.4	22.157	510	353	14	2325	859	285	771	6.55e-21	92.0
Lygodium_japonicum_scaffold6004	AT1G13630.4	22.563	359	264	5	2169	1135	236	594	2.70e-19	86.7
Lygodium_japonicum_scaffold6004	AT1G13630.4	23.043	460	304	15	2298	1036	364	812	1.69e-18	84.0
Lygodium_japonicum_scaffold6004	AT1G13630.4	19.808	313	213	7	2364	1468	518	806	3.94e-09	53.9
Lygodium_japonicum_scaffold6004	AT1G13630.4	20.465	215	162	4	1599	976	225	437	1.85e-07	48.5
Lygodium_japonicum_scaffold6004	AT4G21880.1	20.611	131	99	2	1260	874	501	628	3.70e-06	44.3
Lygodium_japonicum_scaffold6004	AT4G04790.1	22.997	287	196	10	1716	919	311	593	4.70e-06	43.9
Lygodium_japonicum_scaffold5987	AT2G35635.1	85.526	76	1	1	533	336	1	76	1.35e-38	124
Lygodium_japonicum_scaffold5987	AT2G35635.1	53.846	78	26	1	539	336	75	152	1.78e-21	80.5
Lygodium_japonicum_scaffold5987	AT1G31340.1	85.526	76	1	1	533	336	1	76	1.90e-38	124
Lygodium_japonicum_scaffold5987	AT1G31340.1	55.128	78	25	1	539	336	75	152	1.64e-22	83.2
Lygodium_japonicum_scaffold5987	AT1G11980.1	48.684	76	29	1	533	336	1	76	6.34e-20	73.9
Lygodium_japonicum_scaffold6031	AT4G21880.1	25.735	136	95	3	1	402	497	628	8.74e-08	48.1
Lygodium_japonicum_scaffold6031	AT1G13630.4	26.471	136	89	3	7	393	340	471	6.65e-07	45.4
Lygodium_japonicum_scaffold6031	AT1G13630.4	24.806	129	78	3	1	354	514	634	1.92e-06	43.9
Lygodium_japonicum_scaffold6027	AT1G01140.3	25.728	206	108	10	1646	1062	18	189	5.83e-07	46.2
Lygodium_japonicum_scaffold6027	AT5G35410.1	28.346	127	79	5	1406	1041	65	184	6.26e-07	45.8
Lygodium_japonicum_scaffold6027	AT4G24400.1	25.758	198	110	8	1637	1062	11	177	1.26e-06	45.1
Lygodium_japonicum_scaffold6027	AT5G21326.1	25.743	202	111	8	1643	1062	13	183	2.85e-06	43.9
Lygodium_japonicum_scaffold6027	AT1G30270.1	26.829	123	62	5	1385	1062	92	201	5.20e-06	43.1
Lygodium_japonicum_scaffold6042	AT3G66658.2	30.070	429	287	7	180	1430	114	541	2.58e-43	158
Lygodium_japonicum_scaffold6078	AT1G30270.1	28.571	217	127	10	1338	718	37	235	2.13e-12	63.2
Lygodium_japonicum_scaffold6078	AT1G01140.3	28.700	223	131	10	1359	721	18	222	7.31e-12	61.6
Lygodium_japonicum_scaffold6078	AT2G26980.4	29.302	215	128	9	1338	718	30	228	3.60e-11	59.3
Lygodium_japonicum_scaffold6078	AT5G35410.1	28.037	214	130	10	1338	718	17	213	9.80e-11	57.8
Lygodium_japonicum_scaffold6078	AT4G24400.1	27.014	211	132	7	1338	724	15	209	1.02e-10	57.8
Lygodium_japonicum_scaffold6078	AT5G21326.1	27.907	215	131	10	1338	718	19	217	3.87e-10	55.8
Lygodium_japonicum_scaffold6076	AT5G57420.1	35.000	80	48	1	903	676	79	158	7.30e-11	55.5
Lygodium_japonicum_scaffold6121	AT1G13630.4	20.370	216	153	3	339	935	518	731	5.53e-13	52.8
Lygodium_japonicum_scaffold6121	AT1G13630.4	30.337	89	50	3	92	322	396	484	5.53e-13	33.5
Lygodium_japonicum_scaffold6120	AT1G13630.4	20.370	216	153	3	178	774	518	731	3.17e-09	52.8
Lygodium_japonicum_scaffold6106	AT3G03060.1	24.302	358	203	11	2889	1960	263	600	1.05e-10	59.3
Lygodium_japonicum_scaffold6106	AT2G18330.1	28.163	245	132	10	2574	1933	384	615	2.53e-10	58.2
Lygodium_japonicum_scaffold6106	AT4G36580.1	26.050	238	132	8	2574	1948	381	603	8.78e-10	56.2
Lygodium_japonicum_scaffold6106	AT5G16930.1	25.957	235	134	8	2634	2008	377	597	9.67e-10	56.2
Lygodium_japonicum_scaffold6129	AT3G61150.1	37.647	85	46	2	2481	2236	113	193	2.53e-10	57.8
Lygodium_japonicum_scaffold6129	AT4G00730.1	37.209	86	45	3	2481	2236	137	217	8.94e-10	55.8
Lygodium_japonicum_scaffold6128	AT3G61150.1	37.647	85	46	2	3088	2843	113	193	3.38e-10	57.8
Lygodium_japonicum_scaffold6128	AT4G00730.1	37.209	86	45	3	3088	2843	137	217	1.19e-09	55.8
Lygodium_japonicum_scaffold6070	AT2G35635.1	98.701	77	1	0	95	325	1	77	5.83e-49	155
Lygodium_japonicum_scaffold6070	AT2G35635.1	62.162	74	28	0	101	322	79	152	5.26e-26	95.5
Lygodium_japonicum_scaffold6070	AT1G31340.1	98.701	77	1	0	95	325	1	77	1.07e-48	154
Lygodium_japonicum_scaffold6070	AT1G31340.1	63.514	74	27	0	101	322	79	152	4.94e-27	98.2
Lygodium_japonicum_scaffold6070	AT1G11980.1	55.263	76	34	0	95	322	1	76	9.78e-25	89.7
Lygodium_japonicum_scaffold6150	AT1G01140.3	40.506	79	43	3	902	672	140	216	2.39e-09	51.6
Lygodium_japonicum_scaffold6150	AT5G21326.1	40.506	79	43	3	902	672	134	210	5.18e-09	50.8
Lygodium_japonicum_scaffold6150	AT1G30270.1	35.443	79	47	3	902	672	152	228	2.57e-08	48.5
Lygodium_japonicum_scaffold6150	AT2G26980.4	39.241	79	44	3	902	672	145	221	3.25e-08	48.1
Lygodium_japonicum_scaffold6150	AT5G35410.1	36.709	79	44	3	902	672	132	206	5.10e-08	47.8
Lygodium_japonicum_scaffold6150	AT4G24400.1	33.750	80	45	3	902	672	130	204	7.02e-06	40.8
Lygodium_japonicum_scaffold6151	AT4G14305.1	27.041	196	115	3	1394	810	6	174	2.51e-19	80.1
Lygodium_japonicum_scaffold6151	AT4G04470.1	26.316	190	112	3	1376	810	14	176	5.04e-16	70.5
Lygodium_japonicum_scaffold6172	AT1G13630.4	19.902	407	307	7	92	1270	221	622	1.46e-13	67.0
Lygodium_japonicum_scaffold6172	AT1G13630.4	20.822	365	182	9	80	1132	494	765	5.40e-09	52.4
Lygodium_japonicum_scaffold6172	AT4G21880.1	25.604	207	142	5	95	691	482	684	5.78e-08	49.3
Lygodium_japonicum_scaffold6172	AT3G61360.1	19.027	226	173	5	353	1003	180	404	1.23e-07	47.8
Lygodium_japonicum_scaffold6179	AT1G13630.4	30.189	106	65	2	308	625	292	388	6.76e-11	43.9
Lygodium_japonicum_scaffold6179	AT1G13630.4	31.818	44	30	0	144	275	237	280	6.76e-11	33.9
Lygodium_japonicum_scaffold6179	AT1G13630.4	28.571	112	67	2	317	622	572	680	1.33e-10	43.5
Lygodium_japonicum_scaffold6179	AT1G13630.4	27.273	77	55	1	72	299	494	570	1.33e-10	33.1
Lygodium_japonicum_scaffold6179	AT1G13630.4	30.000	100	65	1	335	634	543	637	1.57e-10	50.1
Lygodium_japonicum_scaffold6179	AT1G13630.4	22.581	93	72	0	33	311	446	538	1.57e-10	26.2
Lygodium_japonicum_scaffold6179	AT1G13630.4	31.944	72	49	0	66	281	422	493	4.13e-08	36.2
Lygodium_japonicum_scaffold6179	AT1G13630.4	22.115	104	76	1	314	625	501	599	4.13e-08	32.0
Lygodium_japonicum_scaffold6179	AT1G13630.4	24.528	106	76	1	311	628	359	460	1.03e-07	38.1
Lygodium_japonicum_scaffold6179	AT1G13630.4	28.049	82	55	2	33	272	270	349	1.03e-07	28.5
Lygodium_japonicum_scaffold6179	AT1G13630.4	23.404	94	66	2	317	595	255	343	2.79e-06	41.2
Lygodium_japonicum_scaffold6179	AT3G61360.1	32.609	46	31	0	341	478	310	355	7.02e-06	32.7
Lygodium_japonicum_scaffold6179	AT3G61360.1	28.986	69	47	2	120	323	240	307	7.02e-06	27.3
Lygodium_japonicum_scaffold6182	AT2G41790.1	42.120	349	175	2	1	1047	642	963	1.70e-85	284
Lygodium_japonicum_scaffold6182	AT3G57470.2	38.682	349	187	1	1	1047	644	965	6.84e-73	249
Lygodium_japonicum_scaffold6152	AT5G57420.1	32.911	79	45	2	1354	1139	80	157	2.67e-07	46.2
Lygodium_japonicum_scaffold6218	AT3G61360.1	21.659	217	152	7	1184	573	192	403	1.96e-10	56.2
Lygodium_japonicum_scaffold6218	AT1G13630.4	22.356	331	225	8	1352	441	440	765	6.85e-10	55.1
Lygodium_japonicum_scaffold6218	AT4G21880.1	26.797	153	102	5	1169	726	490	637	5.23e-09	52.4
Lygodium_japonicum_scaffold6218	AT4G21880.1	24.242	99	71	2	827	531	501	595	3.22e-06	43.1
Lygodium_japonicum_scaffold6218	AT4G04790.1	22.222	99	73	2	827	531	481	575	8.04e-06	42.0
Lygodium_japonicum_scaffold6215	AT4G15233.1	24.569	232	142	8	397	1059	818	1027	6.72e-11	58.9
Lygodium_japonicum_scaffold6215	AT2G37280.3	27.313	227	124	9	424	1059	877	1077	3.53e-10	56.6
Lygodium_japonicum_scaffold6215	AT3G53480.1	26.432	227	126	9	424	1059	885	1085	3.82e-09	53.1
Lygodium_japonicum_scaffold6215	AT4G15236.1	22.845	232	146	8	397	1059	816	1025	1.11e-08	52.0
Lygodium_japonicum_scaffold6215	AT4G15215.11	23.894	226	140	7	394	1041	822	1025	1.07e-07	48.5
Lygodium_japonicum_scaffold6215	AT4G15230.1	24.336	226	139	8	394	1041	825	1028	3.94e-07	46.6
Lygodium_japonicum_scaffold6235	AT4G04790.1	25.600	125	85	2	2067	1705	448	568	4.40e-06	43.5
Lygodium_japonicum_scaffold6235	AT1G13630.4	20.567	141	95	5	2070	1696	589	728	7.17e-06	43.1
Lygodium_japonicum_scaffold6273	AT1G13630.4	38.298	47	29	0	383	523	414	460	9.88e-07	42.0
Lygodium_japonicum_scaffold6279	AT2G28560.1	41.304	276	145	4	3	785	81	354	2.32e-69	221
Lygodium_japonicum_scaffold6313	AT4G21880.1	22.892	166	122	2	3	491	501	663	7.69e-09	48.1
Lygodium_japonicum_scaffold6313	AT4G21880.1	24.370	119	84	3	192	548	466	578	1.47e-07	44.7
Lygodium_japonicum_scaffold6313	AT1G13630.4	22.581	186	138	3	6	548	414	598	9.99e-09	48.1
Lygodium_japonicum_scaffold6313	AT1G13630.4	23.913	184	113	5	3	491	518	695	1.58e-06	41.6
Lygodium_japonicum_scaffold6313	AT4G04790.1	23.077	156	112	3	3	458	481	632	8.03e-06	39.3
Lygodium_japonicum_scaffold6294	AT1G22770.1	50.743	1009	435	20	110	3028	183	1165	0.0	761
Lygodium_japonicum_scaffold6352	AT5G67385.1	37.416	449	241	5	8	1354	73	481	2.87e-88	280
Lygodium_japonicum_scaffold6352	AT3G49970.1	31.616	427	220	6	8	1288	40	394	2.89e-63	211
Lygodium_japonicum_scaffold6353	AT1G13630.4	22.439	205	151	4	63	662	410	611	5.14e-15	71.6
Lygodium_japonicum_scaffold6353	AT1G13630.4	22.041	245	183	3	24	737	221	464	1.03e-12	64.3
Lygodium_japonicum_scaffold6353	AT1G13630.4	26.809	235	148	7	12	653	494	725	2.68e-12	63.2
Lygodium_japonicum_scaffold6353	AT4G04790.1	24.519	208	140	6	60	653	368	568	2.76e-07	47.0
Lygodium_japonicum_scaffold6362	AT1G13630.4	26.994	163	119	0	237	725	415	577	1.29e-12	63.5
Lygodium_japonicum_scaffold6362	AT1G13630.4	24.242	165	124	1	222	713	269	433	6.43e-10	54.7
Lygodium_japonicum_scaffold6362	AT1G13630.4	28.346	127	91	0	225	605	446	572	1.90e-08	50.1
Lygodium_japonicum_scaffold6362	AT1G13630.4	22.660	203	121	2	222	722	339	541	3.11e-07	46.2
Lygodium_japonicum_scaffold6362	AT1G13630.4	23.529	136	104	0	228	635	236	371	1.67e-06	43.9
Lygodium_japonicum_scaffold6362	AT1G13630.4	22.368	152	106	3	222	641	585	736	4.00e-06	42.7
Lygodium_japonicum_scaffold6362	AT1G13630.4	22.973	148	114	0	258	701	492	639	7.07e-06	42.0
Lygodium_japonicum_scaffold6362	AT3G61360.1	25.210	119	89	0	222	578	245	363	1.11e-07	47.4
Lygodium_japonicum_scaffold6369	AT5G02950.1	36.364	77	49	0	1088	858	548	624	3.47e-09	53.9
Lygodium_japonicum_scaffold6379	AT5G57420.1	37.500	80	44	1	657	436	79	158	1.76e-10	54.3
Lygodium_japonicum_scaffold6391	AT1G30270.1	29.008	262	167	9	1545	793	29	282	8.83e-17	77.0
Lygodium_japonicum_scaffold6391	AT2G26980.4	32.258	186	116	6	1545	997	22	200	1.18e-16	76.6
Lygodium_japonicum_scaffold6391	AT1G01140.3	29.771	262	165	9	1545	793	17	270	2.28e-15	72.4
Lygodium_japonicum_scaffold6391	AT4G24400.1	28.804	184	123	5	1545	997	7	183	3.18e-15	72.0
Lygodium_japonicum_scaffold6391	AT5G21326.1	33.690	187	112	7	1545	997	11	189	4.71e-15	71.6
Lygodium_japonicum_scaffold6391	AT5G35410.1	26.966	178	122	5	1545	1015	9	179	2.62e-12	62.8
Lygodium_japonicum_scaffold6375	AT5G53480.1	67.484	612	195	4	2358	529	260	869	0.0	798
Lygodium_japonicum_scaffold6375	AT3G08947.1	63.711	609	219	2	2355	532	47	654	0.0	746
Lygodium_japonicum_scaffold6375	AT3G08943.1	63.547	609	220	2	2355	532	263	870	0.0	741
Lygodium_japonicum_scaffold6410	AT4G21880.1	26.984	126	86	3	107	478	494	615	1.03e-07	48.5
Lygodium_japonicum_scaffold6412	AT5G35410.1	34.135	208	115	8	733	1326	11	206	1.88e-22	95.1
Lygodium_japonicum_scaffold6412	AT1G30270.1	27.609	297	162	11	733	1587	31	286	7.25e-22	93.6
Lygodium_japonicum_scaffold6412	AT2G26980.4	34.286	210	114	9	733	1326	24	221	5.16e-21	90.9
Lygodium_japonicum_scaffold6412	AT4G24400.1	31.731	208	120	7	733	1326	9	204	3.46e-20	88.2
Lygodium_japonicum_scaffold6412	AT5G21326.1	28.716	296	160	12	733	1587	13	268	3.16e-19	85.1
Lygodium_japonicum_scaffold6412	AT1G01140.3	30.144	209	126	7	730	1326	18	216	1.89e-18	82.8
Lygodium_japonicum_scaffold6436	AT5G67385.1	46.961	181	83	3	4	543	313	481	5.39e-47	164
Lygodium_japonicum_scaffold6436	AT3G49970.1	42.138	159	66	3	4	477	261	394	2.02e-32	122
Lygodium_japonicum_scaffold6440	AT3G58490.1	47.794	408	206	3	287	1504	14	416	9.43e-119	355
Lygodium_japonicum_scaffold6449	AT1G13630.4	17.620	437	316	6	21	1298	225	628	1.10e-10	57.4
Lygodium_japonicum_scaffold6449	AT3G61360.1	22.222	162	119	2	3	467	192	353	4.58e-09	52.0
Lygodium_japonicum_scaffold6449	AT4G21880.1	21.678	143	104	3	933	1352	492	629	2.33e-06	43.5
Lygodium_japonicum_scaffold6475	AT5G37260.1	75.000	72	18	0	52	267	14	85	3.82e-36	120
Lygodium_japonicum_scaffold6475	AT5G17300.1	81.818	66	12	0	70	267	39	104	1.15e-35	121
Lygodium_japonicum_scaffold6475	AT3G10113.1	79.032	62	13	0	82	267	53	114	1.17e-32	112
Lygodium_japonicum_scaffold6475	AT1G18330.2	79.032	62	13	0	82	267	64	125	2.48e-32	112
Lygodium_japonicum_scaffold6474	AT4G24400.1	33.846	130	84	2	79	465	81	209	5.38e-17	77.8
Lygodium_japonicum_scaffold6474	AT1G30270.1	27.434	226	140	9	79	714	103	318	6.32e-17	77.8
Lygodium_japonicum_scaffold6474	AT5G35410.1	34.286	140	80	4	79	480	83	216	5.76e-16	74.7
Lygodium_japonicum_scaffold6474	AT2G26980.4	34.507	142	83	5	79	492	96	231	1.21e-14	70.5
Lygodium_japonicum_scaffold6474	AT5G21326.1	33.099	142	85	5	79	492	85	220	1.33e-14	70.5
Lygodium_japonicum_scaffold6474	AT1G01140.3	30.075	133	87	4	79	465	91	221	7.03e-14	68.2
Lygodium_japonicum_scaffold6472	AT3G63170.1	51.152	217	100	3	1056	409	62	273	9.31e-72	223
Lygodium_japonicum_scaffold6510	AT1G13630.4	26.916	535	338	7	362	1810	233	766	6.24e-56	202
Lygodium_japonicum_scaffold6510	AT1G13630.4	25.321	545	352	11	269	1744	272	814	8.54e-40	152
Lygodium_japonicum_scaffold6510	AT1G13630.4	26.000	400	291	3	569	1753	231	630	3.28e-39	150
Lygodium_japonicum_scaffold6510	AT1G13630.4	23.379	509	337	8	275	1645	309	816	2.32e-35	138
Lygodium_japonicum_scaffold6510	AT1G13630.4	22.422	223	133	3	1247	1807	220	438	5.76e-16	76.3
Lygodium_japonicum_scaffold6510	AT3G61360.1	24.457	368	235	7	572	1648	134	467	2.01e-22	95.9
Lygodium_japonicum_scaffold6510	AT3G61360.1	23.828	256	193	1	1019	1780	186	441	6.88e-21	91.3
Lygodium_japonicum_scaffold6510	AT3G61360.1	23.032	343	212	8	302	1294	153	455	1.03e-18	84.3
Lygodium_japonicum_scaffold6510	AT3G61360.1	22.154	325	202	9	167	1111	180	463	7.18e-14	68.9
Lygodium_japonicum_scaffold6510	AT3G61360.1	21.652	351	257	9	386	1399	110	455	2.62e-13	67.0
Lygodium_japonicum_scaffold6510	AT4G04790.1	23.950	238	177	3	1088	1801	372	605	5.07e-14	70.1
Lygodium_japonicum_scaffold6510	AT4G21880.1	26.857	175	124	3	1151	1675	448	618	3.63e-12	63.9
Lygodium_japonicum_scaffold6510	AT4G21880.1	21.782	202	155	1	1187	1792	390	588	6.49e-09	53.5
Lygodium_japonicum_scaffold6510	AT4G21880.1	21.277	188	108	3	197	757	477	625	2.64e-06	45.1
Lygodium_japonicum_scaffold6517	AT3G57470.2	33.254	836	515	15	3	2447	151	964	7.89e-132	418
Lygodium_japonicum_scaffold6517	AT2G41790.1	32.246	828	516	15	3	2420	149	953	2.40e-131	417
Lygodium_japonicum_scaffold6539	AT1G13630.4	19.048	336	241	9	1493	555	334	661	1.42e-09	54.3
Lygodium_japonicum_scaffold6539	AT1G13630.4	21.495	214	162	4	1292	666	225	437	1.26e-07	48.1
Lygodium_japonicum_scaffold6539	AT1G13630.4	19.865	297	210	8	1493	666	440	729	1.86e-07	47.4
Lygodium_japonicum_scaffold6539	AT3G61360.1	21.762	193	142	3	1385	834	165	357	8.43e-07	45.1
Lygodium_japonicum_scaffold6539	AT4G21880.1	27.551	98	67	2	953	660	501	594	1.72e-06	44.3
Lygodium_japonicum_scaffold6539	AT4G04790.1	24.540	163	86	5	953	468	481	607	7.63e-06	42.4
Lygodium_japonicum_scaffold6551	AT4G15215.11	41.176	51	29	1	491	342	941	991	8.14e-07	42.0
Lygodium_japonicum_scaffold6551	AT3G53480.1	37.255	51	31	1	491	342	994	1044	1.82e-06	40.8
Lygodium_japonicum_scaffold6551	AT2G37280.3	35.294	51	32	1	491	342	986	1036	3.22e-06	40.0
Lygodium_japonicum_scaffold6551	AT4G15233.1	37.255	51	31	1	491	342	936	986	3.84e-06	40.0
Lygodium_japonicum_scaffold6551	AT4G15230.1	39.216	51	30	1	491	342	944	994	4.47e-06	39.7
Lygodium_japonicum_scaffold6551	AT4G15236.1	35.294	51	32	1	491	342	934	984	4.55e-06	39.7
Lygodium_japonicum_scaffold6563	AT4G04790.1	21.739	184	130	4	1749	1219	393	569	5.78e-10	55.8
Lygodium_japonicum_scaffold6563	AT1G13630.4	20.513	195	150	2	1797	1225	414	607	5.96e-10	55.8
Lygodium_japonicum_scaffold6563	AT4G21880.1	19.249	213	150	7	1749	1147	413	615	1.33e-07	48.1
Lygodium_japonicum_scaffold6563	AT4G21880.1	20.574	209	146	4	1800	1219	501	704	3.19e-07	47.0
Lygodium_japonicum_scaffold6569	AT1G13630.4	20.629	572	396	11	102	1736	225	765	9.34e-20	88.6
Lygodium_japonicum_scaffold6569	AT1G13630.4	20.588	408	286	9	141	1271	414	814	3.50e-08	50.8
Lygodium_japonicum_scaffold6569	AT4G04790.1	22.008	259	184	6	963	1697	340	594	2.18e-06	45.1
Lygodium_japonicum_scaffold6569	AT4G21880.1	23.308	133	94	4	1350	1739	501	628	4.57e-06	43.9
Lygodium_japonicum_scaffold6569	AT4G21880.1	24.294	177	121	5	600	1121	460	626	7.24e-06	43.5
Lygodium_japonicum_scaffold6564	AT1G20670.1	34.615	104	66	1	1309	1620	182	283	2.35e-11	61.6
Lygodium_japonicum_scaffold6564	AT1G76380.2	32.323	99	65	1	1309	1605	152	248	4.18e-10	57.4
Lygodium_japonicum_scaffold6582	AT1G13630.4	21.634	453	272	16	431	1723	226	617	1.08e-14	71.6
Lygodium_japonicum_scaffold6582	AT1G13630.4	21.813	353	250	8	824	1810	414	764	2.28e-13	67.4
Lygodium_japonicum_scaffold6582	AT1G13630.4	22.143	140	105	1	40	447	514	653	2.61e-07	47.8
Lygodium_japonicum_scaffold6582	AT3G61360.1	22.581	279	199	8	818	1612	141	416	5.50e-07	46.6
Lygodium_japonicum_scaffold6582	AT4G21880.1	25.828	151	102	5	1091	1528	492	637	1.86e-06	45.1
Lygodium_japonicum_scaffold6602	AT4G21880.1	24.219	128	91	3	2058	1681	501	624	8.95e-07	45.8
Lygodium_japonicum_scaffold6602	AT4G04790.1	29.545	88	58	2	2058	1795	481	564	1.90e-06	44.7
Lygodium_japonicum_scaffold6618	AT1G13630.4	19.872	624	403	12	2938	1142	177	728	1.11e-29	120
Lygodium_japonicum_scaffold6618	AT1G13630.4	24.757	412	274	10	2233	1091	273	679	6.92e-23	99.0
Lygodium_japonicum_scaffold6618	AT1G13630.4	20.000	480	330	6	3088	1721	225	674	4.69e-22	96.3
Lygodium_japonicum_scaffold6618	AT4G04790.1	24.900	249	159	8	1831	1124	340	573	8.29e-13	66.2
Lygodium_japonicum_scaffold6618	AT4G04790.1	22.745	255	187	3	2698	1955	393	644	3.70e-08	51.2
Lygodium_japonicum_scaffold6618	AT4G04790.1	23.372	261	176	4	2398	1658	392	642	4.02e-08	50.8
Lygodium_japonicum_scaffold6618	AT4G21880.1	26.147	218	151	4	2398	1766	412	626	5.10e-11	60.5
Lygodium_japonicum_scaffold6618	AT4G21880.1	20.370	270	196	6	1816	1037	368	628	2.20e-08	52.0
Lygodium_japonicum_scaffold6618	AT3G61360.1	21.711	304	165	10	1888	1064	194	453	1.68e-09	55.1
Lygodium_japonicum_scaffold6618	AT3G61360.1	25.862	174	119	5	2446	1952	179	351	3.75e-07	47.4
Lygodium_japonicum_scaffold6592	AT3G16110.1	26.087	92	68	0	685	410	411	502	6.23e-09	51.2
Lygodium_japonicum_scaffold6592	AT1G52260.1	29.348	92	64	1	685	413	412	503	7.19e-09	51.2
Lygodium_japonicum_scaffold6646	AT1G13630.4	24.444	315	215	9	1921	1040	417	729	1.51e-18	83.6
Lygodium_japonicum_scaffold6646	AT1G13630.4	18.651	252	188	5	1666	947	225	471	2.53e-06	44.3
Lygodium_japonicum_scaffold6646	AT4G21880.1	24.503	151	104	5	1663	1226	492	637	1.24e-07	48.5
Lygodium_japonicum_scaffold6646	AT4G21880.1	23.529	102	74	2	1339	1034	497	594	3.55e-06	43.9
Lygodium_japonicum_scaffold6646	AT4G04790.1	21.569	255	154	7	1579	836	393	608	2.19e-07	47.8
Lygodium_japonicum_scaffold6646	AT3G61360.1	17.840	213	167	3	1684	1070	192	404	2.50e-06	43.9
Lygodium_japonicum_scaffold6629	AT5G46210.1	33.708	712	422	15	295	2394	119	792	9.35e-106	343
Lygodium_japonicum_scaffold6667	AT1G13630.4	25.366	205	141	6	2438	1851	433	634	7.70e-12	62.8
Lygodium_japonicum_scaffold6668	AT1G13630.4	23.757	543	368	14	3	1520	281	814	1.53e-32	128
Lygodium_japonicum_scaffold6668	AT1G13630.4	20.261	612	378	15	21	1754	221	756	7.43e-23	97.8
Lygodium_japonicum_scaffold6668	AT1G13630.4	20.900	311	218	8	897	1778	273	572	1.64e-09	54.7
Lygodium_japonicum_scaffold6668	AT4G21880.1	27.612	134	90	3	363	755	497	626	2.18e-10	57.8
Lygodium_japonicum_scaffold6668	AT4G21880.1	28.889	135	87	4	57	449	497	626	7.40e-10	55.8
Lygodium_japonicum_scaffold6668	AT4G21880.1	26.761	142	93	4	648	1061	492	626	8.91e-09	52.4
Lygodium_japonicum_scaffold6668	AT4G21880.1	25.000	164	107	5	969	1436	495	650	1.94e-06	44.7
Lygodium_japonicum_scaffold6668	AT3G61360.1	25.000	188	127	5	558	1094	171	353	2.74e-10	57.0
Lygodium_japonicum_scaffold6668	AT3G61360.1	22.086	163	119	3	15	482	192	353	5.92e-06	43.1
Lygodium_japonicum_scaffold6668	AT4G04790.1	24.359	234	152	9	903	1556	340	564	6.44e-09	52.8
Lygodium_japonicum_scaffold6668	AT4G04790.1	29.577	142	89	4	648	1061	472	606	1.06e-08	52.0
Lygodium_japonicum_scaffold6668	AT4G04790.1	29.139	151	92	5	363	791	477	620	3.24e-08	50.4
Lygodium_japonicum_scaffold6668	AT4G04790.1	27.737	137	90	5	51	449	475	606	2.89e-07	47.4
Lygodium_japonicum_scaffold6688	AT5G21326.1	29.195	298	169	7	899	1783	11	269	9.57e-24	99.4
Lygodium_japonicum_scaffold6688	AT2G26980.4	30.342	234	152	6	896	1588	21	246	2.35e-21	92.0
Lygodium_japonicum_scaffold6688	AT1G01140.3	28.016	257	169	7	899	1660	17	260	6.06e-20	87.8
Lygodium_japonicum_scaffold6688	AT5G35410.1	32.243	214	122	6	896	1513	8	206	1.11e-19	87.0
Lygodium_japonicum_scaffold6688	AT4G24400.1	31.905	210	130	6	893	1513	5	204	1.83e-19	86.3
Lygodium_japonicum_scaffold6688	AT1G30270.1	26.609	233	160	6	899	1588	29	253	6.99e-18	81.6
Lygodium_japonicum_scaffold6708	AT1G13630.4	25.150	167	112	4	474	1	424	586	1.64e-10	55.5
Lygodium_japonicum_scaffold6708	AT4G04790.1	23.529	153	96	6	429	1	476	617	6.40e-08	47.4
Lygodium_japonicum_scaffold6708	AT3G61360.1	22.286	175	126	4	504	1	180	351	2.13e-06	42.7
Lygodium_japonicum_scaffold6690	AT4G24400.1	42.007	269	137	6	218	1000	8	265	1.14e-62	207
Lygodium_japonicum_scaffold6690	AT1G30270.1	38.079	302	159	7	218	1075	30	319	2.02e-61	205
Lygodium_japonicum_scaffold6690	AT5G21326.1	40.809	272	138	6	218	1000	12	271	5.70e-60	200
Lygodium_japonicum_scaffold6690	AT2G26980.4	40.074	272	140	6	218	1000	23	282	6.54e-60	201
Lygodium_japonicum_scaffold6690	AT5G35410.1	40.370	270	140	6	218	1000	10	267	4.21e-59	198
Lygodium_japonicum_scaffold6690	AT1G01140.3	38.889	270	142	6	221	997	19	276	6.32e-57	192
Lygodium_japonicum_scaffold6689	AT4G24400.1	42.007	269	137	6	205	987	8	265	9.13e-63	208
Lygodium_japonicum_scaffold6689	AT1G30270.1	38.079	302	159	7	205	1062	30	319	2.39e-61	205
Lygodium_japonicum_scaffold6689	AT5G21326.1	40.809	272	138	6	205	987	12	271	2.93e-60	201
Lygodium_japonicum_scaffold6689	AT2G26980.4	40.074	272	140	6	205	987	23	282	3.13e-60	201
Lygodium_japonicum_scaffold6689	AT5G35410.1	40.370	270	140	6	205	987	10	267	3.49e-59	198
Lygodium_japonicum_scaffold6689	AT1G01140.3	39.179	268	140	6	208	978	19	274	7.44e-57	192
Lygodium_japonicum_scaffold6722	AT4G04790.1	23.656	93	68	1	128	406	477	566	1.76e-06	41.2
Lygodium_japonicum_scaffold6722	AT3G61360.1	39.130	46	28	0	110	247	308	353	7.50e-06	39.3
Lygodium_japonicum_scaffold6733	AT1G01140.3	30.516	213	120	8	1418	816	25	221	3.80e-13	66.2
Lygodium_japonicum_scaffold6733	AT1G30270.1	28.155	206	138	5	1418	810	37	235	5.49e-13	65.9
Lygodium_japonicum_scaffold6733	AT4G24400.1	28.436	211	131	7	1418	807	15	212	1.13e-12	64.7
Lygodium_japonicum_scaffold6733	AT5G35410.1	29.778	225	134	10	1418	768	17	225	1.35e-12	64.7
Lygodium_japonicum_scaffold6733	AT2G26980.4	28.571	210	132	8	1418	810	30	228	1.91e-11	60.8
Lygodium_japonicum_scaffold6733	AT5G21326.1	28.837	215	125	8	1418	810	19	217	1.26e-09	55.1
Lygodium_japonicum_scaffold6734	AT1G01140.3	30.516	213	120	8	1418	816	25	221	3.01e-13	66.2
Lygodium_japonicum_scaffold6734	AT1G30270.1	28.155	206	138	5	1418	810	37	235	4.26e-13	65.9
Lygodium_japonicum_scaffold6734	AT4G24400.1	28.436	211	131	7	1418	807	15	212	8.99e-13	64.7
Lygodium_japonicum_scaffold6734	AT5G35410.1	29.778	225	134	10	1418	768	17	225	1.07e-12	64.7
Lygodium_japonicum_scaffold6734	AT2G26980.4	28.571	210	132	8	1418	810	30	228	1.53e-11	60.8
Lygodium_japonicum_scaffold6734	AT5G21326.1	28.837	215	125	8	1418	810	19	217	1.02e-09	55.1
Lygodium_japonicum_scaffold6760	AT3G61360.1	24.554	224	159	4	724	77	136	357	5.52e-12	61.2
Lygodium_japonicum_scaffold6760	AT1G13630.4	24.623	199	139	4	616	50	299	496	3.15e-10	56.2
Lygodium_japonicum_scaffold6760	AT1G13630.4	20.382	314	213	8	958	77	261	557	4.02e-08	49.3
Lygodium_japonicum_scaffold6760	AT1G13630.4	18.182	308	191	5	1189	299	514	771	4.32e-07	46.2
Lygodium_japonicum_scaffold6760	AT1G13630.4	20.968	186	138	4	538	2	224	407	2.39e-06	43.5
Lygodium_japonicum_scaffold6760	AT4G04790.1	21.875	192	130	4	589	62	338	525	4.84e-10	55.5
Lygodium_japonicum_scaffold6760	AT4G04790.1	22.105	190	132	4	589	50	447	630	8.74e-07	45.1
Lygodium_japonicum_scaffold6760	AT4G21880.1	24.074	162	111	5	544	86	482	640	7.34e-07	45.4
Lygodium_japonicum_scaffold6760	AT4G21880.1	20.635	189	132	4	589	68	358	543	8.65e-07	45.1
Lygodium_japonicum_scaffold6760	AT4G21880.1	20.426	235	159	7	997	332	442	661	4.77e-06	42.7
Lygodium_japonicum_scaffold6768	AT1G13630.4	20.652	368	276	5	2275	1220	239	606	2.10e-18	83.6
Lygodium_japonicum_scaffold6768	AT1G13630.4	21.756	262	182	4	2272	1556	521	782	8.61e-09	52.8
Lygodium_japonicum_scaffold6768	AT4G04790.1	23.790	248	173	4	2239	1526	390	631	2.41e-13	67.4
Lygodium_japonicum_scaffold6768	AT4G04790.1	20.172	233	176	3	1930	1253	392	621	1.82e-10	58.2
Lygodium_japonicum_scaffold6768	AT4G04790.1	22.556	266	184	6	2272	1520	484	742	8.15e-09	52.8
Lygodium_japonicum_scaffold6768	AT4G21880.1	21.429	266	195	4	2239	1469	410	670	1.75e-11	61.2
Lygodium_japonicum_scaffold6768	AT4G21880.1	28.682	129	84	3	2275	1901	503	627	5.27e-09	53.1
Lygodium_japonicum_scaffold6768	AT4G21880.1	19.178	219	165	3	2032	1403	373	588	2.16e-08	51.2
Lygodium_japonicum_scaffold6768	AT4G21880.1	27.551	98	67	1	1372	1079	501	594	1.34e-06	45.4
Lygodium_japonicum_scaffold6768	AT3G61360.1	20.988	162	121	2	1729	1265	192	353	1.22e-06	45.4
Lygodium_japonicum_scaffold6737	AT2G28000.1	80.688	523	101	0	2061	493	44	566	0.0	781
Lygodium_japonicum_scaffold6737	AT5G18820.1	64.952	525	183	1	2064	493	30	554	0.0	602
Lygodium_japonicum_scaffold6736	AT2G28000.1	80.665	481	93	0	1935	493	86	566	0.0	714
Lygodium_japonicum_scaffold6736	AT5G18820.1	64.706	476	167	1	1917	493	79	554	0.0	544
Lygodium_japonicum_scaffold6723	AT2G35635.1	100.000	31	0	0	431	339	46	76	4.33e-16	66.6
Lygodium_japonicum_scaffold6723	AT2G35635.1	64.516	31	11	0	431	339	122	152	1.48e-06	40.4
Lygodium_japonicum_scaffold6723	AT1G31340.1	100.000	31	0	0	431	339	46	76	5.11e-16	66.6
Lygodium_japonicum_scaffold6723	AT1G31340.1	67.742	31	10	0	431	339	122	152	1.18e-07	43.5
Lygodium_japonicum_scaffold6723	AT1G11980.1	58.065	31	13	0	431	339	46	76	6.18e-06	37.4
Lygodium_japonicum_scaffold6822	AT3G66658.2	24.205	409	268	16	1680	514	144	530	1.10e-12	64.7
Lygodium_japonicum_scaffold6809	AT3G17920.1	29.457	129	86	4	1357	980	145	271	3.62e-10	57.4
Lygodium_japonicum_scaffold6809	AT1G48540.1	30.159	126	83	4	1357	989	145	268	3.69e-09	53.9
Lygodium_japonicum_scaffold6850	AT4G24400.1	35.196	179	112	3	1281	754	31	208	6.64e-25	101
Lygodium_japonicum_scaffold6850	AT2G26980.4	33.663	202	118	6	1293	712	42	235	7.74e-24	98.6
Lygodium_japonicum_scaffold6850	AT5G35410.1	32.787	183	119	3	1293	754	29	210	1.03e-22	95.1
Lygodium_japonicum_scaffold6850	AT5G21326.1	31.795	195	123	5	1281	712	35	224	2.51e-22	93.6
Lygodium_japonicum_scaffold6850	AT1G30270.1	27.600	250	166	7	1293	559	49	288	1.26e-21	92.0
Lygodium_japonicum_scaffold6850	AT1G01140.3	28.455	246	161	6	1281	559	41	276	4.56e-21	90.1
Lygodium_japonicum_scaffold6815	AT1G30270.1	30.872	149	81	6	1184	741	113	240	8.95e-11	58.2
Lygodium_japonicum_scaffold6815	AT4G24400.1	25.463	216	118	5	1247	663	69	262	9.45e-11	58.2
Lygodium_japonicum_scaffold6815	AT5G35410.1	32.174	115	57	5	1121	780	112	206	8.53e-10	55.1
Lygodium_japonicum_scaffold6815	AT5G21326.1	28.834	163	94	6	1247	765	73	215	2.95e-09	53.5
Lygodium_japonicum_scaffold6815	AT2G26980.4	35.593	118	57	5	1130	780	122	221	3.35e-09	53.1
Lygodium_japonicum_scaffold6815	AT1G01140.3	30.508	118	63	2	1130	780	117	216	4.27e-09	52.8
Lygodium_japonicum_scaffold6870	AT1G13630.4	23.510	302	211	7	27	890	324	619	6.44e-13	65.1
Lygodium_japonicum_scaffold6870	AT1G13630.4	19.231	390	297	8	45	1175	225	609	1.45e-12	63.9
Lygodium_japonicum_scaffold6870	AT1G13630.4	19.497	318	231	7	12	893	491	807	5.70e-11	58.9
Lygodium_japonicum_scaffold6870	AT4G21880.1	22.703	185	130	4	15	539	475	656	3.12e-09	53.5
Lygodium_japonicum_scaffold6870	AT3G61360.1	23.125	160	117	2	69	530	244	403	1.07e-06	45.1
Lygodium_japonicum_scaffold6870	AT4G04790.1	19.149	235	174	5	294	962	338	568	2.09e-06	44.3
Lygodium_japonicum_scaffold6870	AT4G04790.1	20.556	180	133	3	12	530	454	630	6.54e-06	42.7
Lygodium_japonicum_scaffold6862	AT1G52260.1	30.612	98	60	3	476	745	64	161	8.79e-07	44.7
Lygodium_japonicum_scaffold6867	AT1G13630.4	23.599	339	243	7	37	1014	301	636	1.21e-18	84.7
Lygodium_japonicum_scaffold6867	AT1G13630.4	21.267	221	138	3	352	1002	269	457	3.90e-08	50.4
Lygodium_japonicum_scaffold6867	AT4G21880.1	26.154	130	89	3	55	435	501	626	5.65e-07	46.6
Lygodium_japonicum_scaffold6867	AT3G61360.1	21.097	237	174	6	271	951	180	413	1.16e-06	45.4
Lygodium_japonicum_scaffold6892	AT5G21326.1	31.963	219	110	7	654	13	30	214	9.28e-26	99.4
Lygodium_japonicum_scaffold6892	AT4G24400.1	31.963	219	108	7	654	13	26	208	1.58e-25	99.0
Lygodium_japonicum_scaffold6892	AT5G35410.1	31.507	219	111	6	660	13	28	210	8.41e-25	97.1
Lygodium_japonicum_scaffold6892	AT1G30270.1	30.631	222	109	8	654	13	48	232	1.73e-23	93.2
Lygodium_japonicum_scaffold6892	AT2G26980.4	31.532	222	107	8	654	13	41	225	2.95e-23	92.4
Lygodium_japonicum_scaffold6892	AT1G01140.3	27.835	194	104	5	585	13	60	220	7.42e-20	82.8
Lygodium_japonicum_scaffold6893	AT1G13630.4	25.203	369	236	11	2327	1302	279	634	5.40e-23	98.6
Lygodium_japonicum_scaffold6893	AT1G13630.4	24.259	371	255	9	2315	1272	393	760	3.49e-19	86.3
Lygodium_japonicum_scaffold6893	AT1G13630.4	23.263	331	192	9	2336	1416	522	814	2.04e-13	67.8
Lygodium_japonicum_scaffold6893	AT3G61360.1	23.592	284	176	10	2003	1245	192	465	4.32e-09	53.1
Lygodium_japonicum_scaffold6893	AT4G04790.1	26.087	92	64	2	1655	1380	477	564	7.58e-06	43.1
Lygodium_japonicum_scaffold6908	AT2G26980.4	31.225	253	138	8	1728	1018	30	262	1.53e-15	73.6
Lygodium_japonicum_scaffold6908	AT5G21326.1	28.514	249	150	7	1728	1018	19	251	2.38e-14	69.7
Lygodium_japonicum_scaffold6908	AT5G35410.1	30.097	206	124	8	1728	1123	17	206	2.22e-13	66.6
Lygodium_japonicum_scaffold6908	AT1G01140.3	26.484	219	143	5	1749	1105	18	222	4.97e-13	65.5
Lygodium_japonicum_scaffold6908	AT4G24400.1	28.774	212	131	7	1728	1105	15	210	6.13e-13	65.1
Lygodium_japonicum_scaffold6908	AT1G30270.1	26.214	206	134	5	1728	1123	37	228	2.54e-11	60.1
Lygodium_japonicum_scaffold6913	AT1G13630.4	20.975	472	326	12	335	1621	265	732	2.71e-18	83.6
Lygodium_japonicum_scaffold6913	AT1G13630.4	21.629	356	265	5	608	1636	265	619	4.81e-14	69.7
Lygodium_japonicum_scaffold6913	AT3G61360.1	21.687	249	174	7	1013	1705	164	409	1.64e-08	51.6
Lygodium_japonicum_scaffold6913	AT3G61360.1	22.599	177	124	5	737	1237	180	353	1.57e-06	45.1
Lygodium_japonicum_scaffold6913	AT4G21880.1	22.277	202	137	5	638	1207	434	627	6.11e-08	50.1
Lygodium_japonicum_scaffold6933	AT1G13630.4	40.625	64	34	1	421	242	494	557	1.92e-07	43.1
Lygodium_japonicum_scaffold6933	AT1G13630.4	32.877	73	44	2	427	224	422	494	2.09e-06	40.4
Lygodium_japonicum_scaffold6935	AT3G10113.1	42.105	57	28	3	315	485	59	110	3.84e-08	48.5
Lygodium_japonicum_scaffold6935	AT1G18330.2	42.105	57	28	3	315	485	70	121	3.86e-08	48.5
Lygodium_japonicum_scaffold6935	AT5G37260.1	39.437	71	33	4	294	491	18	83	9.51e-08	47.0
Lygodium_japonicum_scaffold6935	AT5G17300.1	38.596	57	30	3	315	485	49	100	6.05e-07	45.1
Lygodium_japonicum_scaffold6928	AT4G24400.1	26.446	121	75	4	1268	921	119	230	1.74e-06	44.7
Lygodium_japonicum_scaffold6928	AT1G30270.1	28.455	123	64	5	1265	930	142	251	2.02e-06	44.7
Lygodium_japonicum_scaffold6928	AT5G21326.1	31.000	100	58	3	1268	990	123	218	6.32e-06	43.1
Lygodium_japonicum_scaffold6928	AT5G35410.1	28.814	118	70	4	1268	930	121	229	8.12e-06	42.7
Lygodium_japonicum_scaffold6953	AT5G64940.1	28.824	340	205	9	1881	904	194	510	2.35e-38	145
Lygodium_japonicum_scaffold6954	AT3G66658.2	26.588	425	280	14	1718	516	103	519	5.38e-31	122
Lygodium_japonicum_scaffold6955	AT2G43770.1	24.915	293	194	10	1471	629	65	343	3.04e-17	77.4
Lygodium_japonicum_scaffold6955	AT2G43770.1	23.264	288	196	10	1378	548	54	327	2.24e-14	68.6
Lygodium_japonicum_scaffold6955	AT2G43770.1	19.831	237	167	8	1276	593	45	267	4.74e-10	55.1
Lygodium_japonicum_scaffold6955	AT2G43770.1	27.273	121	81	4	901	545	37	152	8.89e-08	48.1
Lygodium_japonicum_scaffold6955	AT4G28450.1	25.137	183	120	7	1129	608	66	240	6.28e-09	52.0
Lygodium_japonicum_scaffold6955	AT4G28450.1	21.519	316	204	12	1489	611	73	367	3.71e-07	46.6
Lygodium_japonicum_scaffold6955	AT3G49180.1	24.091	220	133	9	1207	608	6	211	2.46e-07	47.0
Lygodium_japonicum_scaffold6972	AT1G01140.3	26.761	213	130	8	1218	616	18	216	2.50e-14	69.3
Lygodium_japonicum_scaffold6972	AT5G35410.1	30.392	204	122	8	1203	616	15	206	6.78e-14	67.8
Lygodium_japonicum_scaffold6972	AT1G30270.1	27.586	203	127	8	1197	616	37	228	7.13e-14	67.8
Lygodium_japonicum_scaffold6972	AT2G26980.4	25.191	262	165	10	1242	487	15	255	1.28e-11	60.8
Lygodium_japonicum_scaffold6972	AT4G24400.1	29.697	165	99	7	1098	616	53	204	1.68e-11	60.5
Lygodium_japonicum_scaffold6972	AT5G21326.1	27.189	217	138	8	1239	616	5	210	4.54e-11	58.9
Lygodium_japonicum_scaffold6975	AT1G13630.4	24.551	167	109	4	995	543	529	694	2.68e-09	52.4
Lygodium_japonicum_scaffold6975	AT4G04790.1	26.471	102	65	2	830	525	481	572	3.77e-06	42.4
Lygodium_japonicum_scaffold6990	AT2G43770.1	30.222	225	138	8	2042	1383	41	251	2.04e-16	75.5
Lygodium_japonicum_scaffold6990	AT2G43770.1	28.099	121	85	2	716	357	49	168	5.10e-10	55.8
Lygodium_japonicum_scaffold6990	AT2G43770.1	26.708	161	103	6	872	417	168	322	1.39e-08	51.2
Lygodium_japonicum_scaffold6990	AT2G43770.1	25.180	139	91	3	875	486	209	343	1.54e-08	51.2
Lygodium_japonicum_scaffold6990	AT4G28450.1	28.431	102	64	4	782	489	264	360	4.99e-06	43.5
Lygodium_japonicum_scaffold7032	AT5G56290.1	29.630	81	49	2	184	423	595	668	1.57e-07	43.5
Lygodium_japonicum_scaffold7045	AT4G24400.1	37.778	135	68	7	1	390	87	210	1.26e-11	57.0
Lygodium_japonicum_scaffold7045	AT5G35410.1	38.793	116	56	6	121	462	124	226	2.29e-11	56.2
Lygodium_japonicum_scaffold7045	AT1G30270.1	32.331	133	80	5	1	390	109	234	1.30e-10	53.9
Lygodium_japonicum_scaffold7045	AT5G21326.1	40.698	86	47	3	142	390	132	216	4.38e-10	52.4
Lygodium_japonicum_scaffold7045	AT2G26980.4	43.023	86	45	3	142	390	143	227	4.96e-10	52.4
Lygodium_japonicum_scaffold7045	AT1G01140.3	39.583	96	49	5	115	390	132	222	7.91e-10	51.6
Lygodium_japonicum_scaffold7036	AT1G05160.1	23.753	421	279	16	1729	500	79	468	3.62e-18	81.6
Lygodium_japonicum_scaffold7036	AT2G32440.1	28.169	213	139	6	1141	518	250	453	5.14e-18	81.3
Lygodium_japonicum_scaffold7062	AT3G61150.1	58.947	95	36	1	539	264	149	243	8.72e-33	117
Lygodium_japonicum_scaffold7062	AT4G00730.1	55.319	94	39	1	539	267	173	266	7.85e-31	111
Lygodium_japonicum_scaffold7058	AT4G21880.1	24.096	83	59	1	444	196	501	579	3.22e-08	44.3
Lygodium_japonicum_scaffold7058	AT4G21880.1	41.176	34	18	1	131	36	603	636	3.22e-08	23.5
Lygodium_japonicum_scaffold7058	AT1G13630.4	26.087	46	34	0	152	15	407	452	1.75e-06	33.1
Lygodium_japonicum_scaffold7058	AT1G13630.4	28.125	64	46	0	447	256	306	369	1.75e-06	28.5
Lygodium_japonicum_scaffold7058	AT1G13630.4	29.545	88	61	1	456	193	514	600	5.34e-06	39.3
Lygodium_japonicum_scaffold7058	AT1G13630.4	34.091	44	29	0	146	15	514	557	9.65e-06	38.5
Lygodium_japonicum_scaffold7058	AT4G04790.1	22.892	83	60	1	444	196	481	559	5.66e-06	38.1
Lygodium_japonicum_scaffold7058	AT4G04790.1	41.667	24	14	0	131	60	583	606	5.66e-06	21.9
Lygodium_japonicum_scaffold7064	AT1G13630.4	28.226	124	77	4	1263	916	338	457	1.33e-06	44.3
Lygodium_japonicum_scaffold7064	AT1G13630.4	22.680	97	74	1	1257	967	411	506	2.35e-06	43.5
Lygodium_japonicum_scaffold7067	AT1G01140.3	33.838	198	119	5	837	1412	23	214	1.57e-22	95.5
Lygodium_japonicum_scaffold7067	AT1G30270.1	33.333	198	120	5	837	1412	35	226	3.66e-22	94.7
Lygodium_japonicum_scaffold7067	AT4G24400.1	32.984	191	120	4	837	1400	13	198	2.36e-21	91.7
Lygodium_japonicum_scaffold7067	AT5G35410.1	29.514	288	160	9	837	1685	15	264	4.70e-21	90.9
Lygodium_japonicum_scaffold7067	AT5G21326.1	31.818	198	123	5	837	1412	17	208	6.17e-21	90.5
Lygodium_japonicum_scaffold7067	AT2G26980.4	30.808	198	125	5	837	1412	28	219	1.45e-19	86.3
Lygodium_japonicum_scaffold7086	AT4G24400.1	36.449	107	62	3	731	1048	103	204	1.12e-11	57.0
Lygodium_japonicum_scaffold7086	AT4G24400.1	20.000	55	44	0	489	653	40	94	1.12e-11	25.0
Lygodium_japonicum_scaffold7086	AT1G30270.1	39.286	84	49	2	803	1048	145	228	7.86e-10	55.1
Lygodium_japonicum_scaffold7086	AT5G35410.1	41.860	86	46	3	794	1048	124	206	8.25e-10	55.1
Lygodium_japonicum_scaffold7086	AT1G01140.3	35.714	84	52	2	803	1048	133	216	7.41e-09	52.0
Lygodium_japonicum_scaffold7086	AT2G26980.4	39.286	84	49	2	803	1048	138	221	1.22e-08	51.2
Lygodium_japonicum_scaffold7086	AT5G21326.1	38.095	84	50	2	803	1048	127	210	1.29e-08	51.2
Lygodium_japonicum_scaffold7107	AT5G35410.1	29.703	202	127	7	486	1073	17	209	9.41e-12	60.8
Lygodium_japonicum_scaffold7107	AT1G30270.1	26.000	250	159	10	486	1214	37	267	1.22e-11	60.5
Lygodium_japonicum_scaffold7107	AT2G26980.4	29.126	206	125	9	486	1073	30	224	2.24e-09	53.1
Lygodium_japonicum_scaffold7107	AT1G01140.3	28.638	213	131	9	465	1073	18	219	6.69e-09	51.6
Lygodium_japonicum_scaffold7107	AT5G21326.1	29.258	229	130	11	486	1136	19	227	2.50e-08	50.1
Lygodium_japonicum_scaffold7107	AT4G24400.1	27.228	202	132	8	486	1073	15	207	6.47e-08	48.5
Lygodium_japonicum_scaffold7117	AT1G13630.4	17.460	441	296	7	122	1372	224	620	3.54e-16	76.3
Lygodium_japonicum_scaffold7117	AT1G13630.4	22.166	397	278	13	170	1279	416	808	8.46e-16	74.7
Lygodium_japonicum_scaffold7117	AT4G21880.1	25.342	146	99	4	128	553	492	631	2.09e-09	54.3
Lygodium_japonicum_scaffold7117	AT4G21880.1	23.144	229	137	6	500	1171	443	637	2.02e-08	51.2
Lygodium_japonicum_scaffold7117	AT3G61360.1	23.630	292	162	9	410	1222	192	443	7.16e-09	52.4
Lygodium_japonicum_scaffold7117	AT4G04790.1	19.018	326	214	8	656	1591	329	618	2.94e-08	50.4
Lygodium_japonicum_scaffold7120	AT2G20570.2	47.893	261	122	7	1318	2073	172	427	7.00e-43	156
Lygodium_japonicum_scaffold7120	AT5G44190.1	45.455	264	99	7	1318	2073	150	380	9.92e-41	148
Lygodium_japonicum_scaffold7120	AT5G60100.2	25.600	125	79	1	4	336	64	188	4.75e-10	56.6
Lygodium_japonicum_scaffold7120	AT5G02810.1	25.410	122	77	1	4	327	78	199	3.45e-09	53.9
Lygodium_japonicum_scaffold7112	AT2G32440.1	27.517	149	100	4	1333	1770	299	442	5.02e-10	56.2
Lygodium_japonicum_scaffold7112	AT1G05160.1	24.260	169	116	4	1333	1821	300	462	1.00e-08	52.0
Lygodium_japonicum_scaffold7144	AT1G69010.1	39.655	58	34	1	1477	1307	50	107	2.28e-07	46.6
Lygodium_japonicum_scaffold7144	AT5G08130.8	42.857	49	27	1	1477	1334	285	333	7.77e-06	42.4
Lygodium_japonicum_scaffold7145	AT2G43770.1	28.507	221	138	6	1860	1213	49	254	3.64e-18	80.5
Lygodium_japonicum_scaffold7145	AT3G49180.1	26.180	233	106	11	1815	1225	89	291	2.57e-08	50.4
Lygodium_japonicum_scaffold7151	AT5G35410.1	67.808	438	139	1	392	1705	5	440	0.0	609
Lygodium_japonicum_scaffold7151	AT4G24400.1	68.837	430	131	2	386	1675	1	427	0.0	597
Lygodium_japonicum_scaffold7151	AT1G30270.1	63.573	431	154	2	401	1687	28	457	0.0	571
Lygodium_japonicum_scaffold7151	AT2G26980.4	63.448	435	155	2	380	1684	14	444	0.0	569
Lygodium_japonicum_scaffold7151	AT5G21326.1	62.014	437	162	2	389	1699	6	438	0.0	565
Lygodium_japonicum_scaffold7151	AT1G01140.3	60.181	442	167	3	368	1678	5	442	0.0	546
Lygodium_japonicum_scaffold7173	AT1G13630.4	21.975	314	235	3	1415	501	302	614	1.58e-16	76.6
Lygodium_japonicum_scaffold7173	AT1G13630.4	20.000	460	291	12	1670	390	318	733	3.23e-09	53.5
Lygodium_japonicum_scaffold7173	AT1G13630.4	23.204	181	131	3	1676	1152	422	600	1.13e-06	45.1
Lygodium_japonicum_scaffold7173	AT3G61360.1	22.642	159	116	2	1142	687	195	353	1.45e-10	57.4
Lygodium_japonicum_scaffold7173	AT4G04790.1	20.667	300	210	8	1484	645	340	631	1.51e-09	54.3
Lygodium_japonicum_scaffold7173	AT4G04790.1	25.532	141	93	3	1682	1278	488	622	2.98e-09	53.5
Lygodium_japonicum_scaffold7173	AT4G21880.1	21.429	140	100	3	1682	1278	508	642	6.96e-07	45.8
Lygodium_japonicum_scaffold7174	AT1G13630.4	21.975	314	235	3	1479	565	302	614	1.72e-16	76.6
Lygodium_japonicum_scaffold7174	AT1G13630.4	20.000	460	291	12	1734	454	318	733	3.43e-09	53.5
Lygodium_japonicum_scaffold7174	AT1G13630.4	23.204	181	131	3	1740	1216	422	600	1.19e-06	45.1
Lygodium_japonicum_scaffold7174	AT3G61360.1	22.642	159	116	2	1206	751	195	353	1.54e-10	57.4
Lygodium_japonicum_scaffold7174	AT4G04790.1	20.667	300	210	8	1548	709	340	631	1.60e-09	54.3
Lygodium_japonicum_scaffold7174	AT4G04790.1	25.532	141	93	3	1746	1342	488	622	3.16e-09	53.5
Lygodium_japonicum_scaffold7174	AT4G21880.1	21.429	140	100	3	1746	1342	508	642	7.35e-07	45.8
Lygodium_japonicum_scaffold7183	AT1G13630.4	23.768	345	239	9	2769	1780	168	503	4.13e-14	70.1
Lygodium_japonicum_scaffold7183	AT1G13630.4	23.121	346	239	10	2760	1783	269	607	1.02e-11	62.4
Lygodium_japonicum_scaffold7183	AT1G13630.4	18.018	333	249	5	2781	1846	479	808	1.70e-08	52.0
Lygodium_japonicum_scaffold7183	AT4G21880.1	23.377	154	104	5	2430	1981	483	626	1.53e-06	45.8
Lygodium_japonicum_scaffold7198	AT1G13630.4	23.265	245	166	6	1244	570	487	729	6.76e-14	68.2
Lygodium_japonicum_scaffold7198	AT1G13630.4	21.603	287	183	7	1388	552	369	621	1.58e-10	57.4
Lygodium_japonicum_scaffold7198	AT4G04790.1	22.090	335	209	10	1250	291	338	635	1.45e-12	63.9
Lygodium_japonicum_scaffold7198	AT4G21880.1	27.132	129	88	3	857	477	501	625	4.07e-10	56.2
Lygodium_japonicum_scaffold7198	AT4G21880.1	24.157	178	124	6	1274	756	466	637	3.08e-09	53.5
Lygodium_japonicum_scaffold7198	AT3G61360.1	21.116	251	184	7	1322	600	158	404	6.40e-09	52.0
Lygodium_japonicum_scaffold7209	AT1G13630.4	25.132	378	258	11	19	1095	261	632	1.16e-22	96.7
Lygodium_japonicum_scaffold7209	AT1G13630.4	21.246	353	230	9	118	1137	224	541	6.08e-13	65.5
Lygodium_japonicum_scaffold7209	AT4G21880.1	26.761	142	97	4	217	633	492	629	4.79e-07	46.6
Lygodium_japonicum_scaffold7215	AT1G13630.4	22.409	357	250	9	24	1022	407	760	6.88e-20	87.8
Lygodium_japonicum_scaffold7215	AT1G13630.4	23.792	269	194	3	30	803	338	606	2.02e-16	76.6
Lygodium_japonicum_scaffold7215	AT1G13630.4	20.672	387	253	9	33	1037	269	653	6.33e-16	75.1
Lygodium_japonicum_scaffold7215	AT1G13630.4	21.111	360	245	5	3	1061	224	551	1.95e-15	73.6
Lygodium_japonicum_scaffold7215	AT4G04790.1	25.166	151	107	3	348	791	481	628	4.16e-09	53.1
Lygodium_japonicum_scaffold7215	AT4G21880.1	28.125	96	66	1	348	635	501	593	7.85e-09	52.4
Lygodium_japonicum_scaffold7215	AT4G21880.1	27.481	131	88	4	42	425	501	627	3.55e-08	50.1
Lygodium_japonicum_scaffold7215	AT3G61360.1	20.922	282	185	10	258	1013	180	453	6.48e-07	45.8
Lygodium_japonicum_scaffold7215	AT3G61360.1	21.951	205	148	5	6	596	198	398	4.46e-06	43.1
Lygodium_japonicum_scaffold7220	AT4G15230.1	24.020	204	129	7	914	354	917	1111	6.85e-09	52.8
Lygodium_japonicum_scaffold7220	AT4G15215.11	24.359	234	137	9	914	306	914	1138	1.75e-08	51.2
Lygodium_japonicum_scaffold7220	AT4G15233.1	28.105	153	86	5	914	459	909	1038	7.04e-08	49.3
Lygodium_japonicum_scaffold7220	AT4G15236.1	29.060	117	67	4	803	459	934	1036	2.95e-07	47.4
Lygodium_japonicum_scaffold7220	AT2G37280.3	31.250	96	61	4	803	531	986	1081	8.76e-07	45.8
Lygodium_japonicum_scaffold7220	AT3G53480.1	32.292	96	60	4	803	531	994	1089	9.07e-07	45.8
Lygodium_japonicum_scaffold7232	AT1G13630.4	22.439	205	151	4	55	654	410	611	4.71e-16	71.2
Lygodium_japonicum_scaffold7232	AT1G13630.4	25.106	235	152	7	4	645	494	725	4.74e-13	62.4
Lygodium_japonicum_scaffold7232	AT1G13630.4	22.511	231	161	5	4	660	424	648	5.01e-11	56.2
Lygodium_japonicum_scaffold7232	AT1G13630.4	25.595	168	119	3	106	597	649	814	9.11e-10	52.4
Lygodium_japonicum_scaffold7232	AT4G04790.1	26.966	89	61	2	379	645	484	568	4.27e-07	44.3
Lygodium_japonicum_scaffold7232	AT4G21880.1	21.849	119	87	3	370	720	501	615	9.49e-07	43.1
Lygodium_japonicum_scaffold7230	AT1G01140.3	31.418	261	166	6	209	973	22	275	1.29e-34	132
Lygodium_japonicum_scaffold7230	AT1G30270.1	30.189	265	172	6	197	973	30	287	4.36e-34	131
Lygodium_japonicum_scaffold7230	AT4G24400.1	30.980	255	167	6	197	952	8	256	1.96e-31	122
Lygodium_japonicum_scaffold7230	AT5G35410.1	31.727	249	161	6	197	934	10	252	1.26e-29	117
Lygodium_japonicum_scaffold7230	AT5G21326.1	28.679	265	176	6	197	973	12	269	1.64e-29	116
Lygodium_japonicum_scaffold7230	AT2G26980.4	28.302	265	177	6	197	973	23	280	2.07e-29	116
Lygodium_japonicum_scaffold7250	AT1G13630.4	24.484	339	232	7	1274	309	279	610	4.45e-21	89.7
Lygodium_japonicum_scaffold7250	AT1G13630.4	24.000	275	184	6	1262	510	494	767	5.84e-14	67.8
Lygodium_japonicum_scaffold7250	AT4G21880.1	30.597	134	85	5	1214	825	497	626	3.68e-09	52.4
Lygodium_japonicum_scaffold7250	AT4G21880.1	27.612	134	90	3	911	519	497	626	9.00e-09	51.2
Lygodium_japonicum_scaffold7250	AT4G04790.1	23.629	237	161	8	1091	414	413	640	8.74e-08	48.1
Lygodium_japonicum_scaffold7250	AT4G04790.1	24.516	155	111	3	1214	759	477	628	3.18e-07	46.2
Lygodium_japonicum_scaffold7250	AT3G61360.1	24.314	255	159	8	1256	540	192	428	1.23e-07	47.4
Lygodium_japonicum_scaffold871	AT1G17010.1	35.048	311	196	5	1213	296	29	338	1.06e-67	215
Lygodium_japonicum_scaffold871	AT1G17020.1	36.429	280	173	4	1147	320	52	330	1.99e-67	214
Lygodium_japonicum_scaffold871	AT1G78550.1	35.197	304	193	4	1213	311	29	331	8.18e-67	213
Lygodium_japonicum_scaffold871	AT4G25300.1	36.458	288	169	5	1150	311	50	331	7.72e-64	204
Lygodium_japonicum_scaffold871	AT4G25310.1	34.967	306	182	6	1213	320	29	325	7.70e-62	199
Lygodium_japonicum_scaffold7266	AT1G68640.1	42.593	54	28	1	831	679	165	218	4.01e-06	43.5
Lygodium_japonicum_scaffold7267	AT1G68640.1	42.593	54	28	1	975	823	165	218	4.41e-06	43.5
Lygodium_japonicum_scaffold3520	AT4G24400.1	29.057	265	175	5	271	1056	10	264	1.09e-28	113
Lygodium_japonicum_scaffold3520	AT5G35410.1	29.008	262	173	5	271	1047	12	263	6.16e-27	107
Lygodium_japonicum_scaffold3520	AT2G26980.4	34.146	205	123	5	271	861	25	225	1.08e-25	103
Lygodium_japonicum_scaffold3520	AT1G30270.1	31.373	204	130	5	271	861	32	232	2.69e-23	97.1
Lygodium_japonicum_scaffold3520	AT1G01140.3	27.778	288	185	8	217	1056	4	276	4.51e-23	96.3
Lygodium_japonicum_scaffold3520	AT5G21326.1	30.693	202	134	4	271	861	14	214	3.21e-22	93.6
Lygodium_japonicum_scaffold7320	AT2G20570.2	59.184	49	19	1	3	149	176	223	3.65e-10	55.1
Lygodium_japonicum_scaffold7320	AT5G44190.1	52.941	51	23	1	3	155	154	203	5.86e-10	54.3
Lygodium_japonicum_scaffold7344	AT4G21880.1	22.826	184	126	5	76	597	473	650	4.69e-07	46.2
Lygodium_japonicum_scaffold7361	AT4G04790.1	31.707	82	52	2	132	377	497	574	1.02e-07	47.0
Lygodium_japonicum_scaffold7361	AT4G21880.1	23.469	98	71	2	84	377	501	594	1.85e-06	43.1
Lygodium_japonicum_scaffold7362	AT4G04790.1	27.211	147	70	5	132	569	497	607	2.26e-08	50.4
Lygodium_japonicum_scaffold7362	AT4G21880.1	23.469	98	71	2	84	377	501	594	8.53e-06	42.0
Lygodium_japonicum_scaffold7370	AT5G53480.1	71.778	450	123	4	1524	181	355	802	0.0	677
Lygodium_japonicum_scaffold7370	AT3G08947.1	65.101	447	155	1	1524	187	140	586	0.0	618
Lygodium_japonicum_scaffold7370	AT3G08943.1	64.000	450	161	1	1524	178	356	805	0.0	613
Lygodium_japonicum_scaffold7371	AT5G53480.1	71.778	450	123	4	2790	1447	355	802	0.0	677
Lygodium_japonicum_scaffold7371	AT5G53480.1	55.072	69	31	0	1459	1253	798	866	3.76e-17	80.1
Lygodium_japonicum_scaffold7371	AT3G08947.1	65.463	443	152	1	2790	1465	140	582	0.0	618
Lygodium_japonicum_scaffold7371	AT3G08947.1	46.970	66	35	0	1447	1250	588	653	1.84e-13	67.8
Lygodium_japonicum_scaffold7371	AT3G08943.1	64.000	450	161	1	2790	1444	356	805	0.0	613
Lygodium_japonicum_scaffold7371	AT3G08943.1	46.269	67	36	0	1447	1247	804	870	1.01e-12	65.9
Lygodium_japonicum_scaffold7381	AT1G05160.1	24.409	254	156	8	918	1673	226	445	2.86e-10	57.0
Lygodium_japonicum_scaffold7442	AT1G13630.4	22.277	404	301	4	2269	1094	407	809	3.12e-21	93.2
Lygodium_japonicum_scaffold7442	AT1G13630.4	24.279	416	304	7	2308	1073	257	665	4.23e-20	89.4
Lygodium_japonicum_scaffold7442	AT1G13630.4	23.750	320	200	4	2062	1106	167	443	2.50e-17	80.5
Lygodium_japonicum_scaffold7442	AT1G13630.4	22.709	251	173	6	2347	1643	522	767	8.55e-07	46.2
Lygodium_japonicum_scaffold7442	AT3G61360.1	23.411	299	207	10	1927	1052	182	465	9.44e-12	62.0
Lygodium_japonicum_scaffold7442	AT4G21880.1	22.283	184	110	3	2107	1652	444	626	5.70e-07	47.0
Lygodium_japonicum_scaffold7411	AT1G52260.1	28.736	87	61	1	515	772	417	503	2.29e-06	43.9
Lygodium_japonicum_scaffold7411	AT3G16110.1	24.138	87	66	0	515	775	416	502	3.46e-06	43.1
Lygodium_japonicum_scaffold7461	AT1G01140.3	37.838	74	43	2	858	643	144	216	1.41e-06	43.1
Lygodium_japonicum_scaffold7461	AT5G35410.1	33.333	72	47	1	858	643	136	206	9.22e-06	40.4
Lygodium_japonicum_scaffold7473	AT1G13630.4	20.985	548	320	12	1676	348	225	764	1.64e-23	99.0
Lygodium_japonicum_scaffold7473	AT4G21880.1	26.531	147	100	4	1055	630	494	637	1.76e-07	47.8
Lygodium_japonicum_scaffold7473	AT4G21880.1	25.806	186	111	8	764	267	492	670	5.02e-07	46.2
Lygodium_japonicum_scaffold7473	AT4G04790.1	24.868	189	127	6	992	453	387	569	2.37e-07	47.4
Lygodium_japonicum_scaffold7473	AT3G61360.1	19.681	188	137	3	1145	624	166	353	1.09e-06	45.1
Lygodium_japonicum_scaffold7487	AT5G44190.1	53.623	69	32	0	926	720	146	214	6.20e-20	85.9
Lygodium_japonicum_scaffold7487	AT2G20570.2	56.250	64	28	0	917	726	171	234	7.37e-18	80.1
Lygodium_japonicum_scaffold7512	AT1G13630.4	23.529	323	217	9	2067	1159	322	634	2.23e-18	83.2
Lygodium_japonicum_scaffold7512	AT1G13630.4	23.413	252	170	7	1854	1135	221	461	1.39e-11	61.6
Lygodium_japonicum_scaffold7512	AT1G13630.4	22.324	327	226	9	2079	1171	424	746	2.17e-11	60.8
Lygodium_japonicum_scaffold7512	AT4G04790.1	21.970	132	96	2	1809	1423	480	607	3.97e-06	43.9
Lygodium_japonicum_scaffold7510	AT2G43770.1	25.221	226	141	9	1397	726	52	251	5.07e-10	55.1
Lygodium_japonicum_scaffold7510	AT2G43770.1	25.455	165	97	11	1187	723	154	302	3.46e-06	43.1
Lygodium_japonicum_scaffold7510	AT4G28450.1	23.394	218	131	10	1241	618	107	298	6.18e-08	48.9
Lygodium_japonicum_scaffold7507	AT4G15233.1	28.436	211	134	8	1014	406	819	1020	2.90e-12	63.9
Lygodium_japonicum_scaffold7507	AT4G15233.1	25.203	246	136	11	1014	406	155	395	7.60e-07	46.2
Lygodium_japonicum_scaffold7507	AT4G15236.1	27.488	211	136	8	1014	406	817	1018	3.10e-11	60.5
Lygodium_japonicum_scaffold7507	AT4G15236.1	24.390	246	138	10	1014	406	153	393	2.98e-07	47.8
Lygodium_japonicum_scaffold7507	AT4G15215.11	27.692	195	124	7	990	430	832	1017	5.53e-10	56.6
Lygodium_japonicum_scaffold7507	AT4G15230.1	26.267	217	131	8	1014	406	827	1028	1.30e-09	55.5
Lygodium_japonicum_scaffold7507	AT3G53480.1	27.064	218	128	9	1014	406	877	1078	1.63e-09	55.1
Lygodium_japonicum_scaffold7507	AT2G37280.3	26.000	200	133	7	984	406	879	1070	2.73e-07	47.8
Lygodium_japonicum_scaffold7497	AT3G11270.1	30.634	284	180	6	287	1099	7	286	2.46e-33	124
Lygodium_japonicum_scaffold7497	AT5G05780.1	29.537	281	187	5	287	1099	7	286	8.87e-33	122
Lygodium_japonicum_scaffold7540	AT1G13630.4	21.671	383	238	7	1977	994	224	599	1.45e-17	81.3
Lygodium_japonicum_scaffold7540	AT1G13630.4	20.274	365	243	5	2064	1114	265	629	1.52e-14	71.2
Lygodium_japonicum_scaffold7540	AT1G13630.4	24.068	295	191	6	2004	1153	496	768	2.98e-11	60.8
Lygodium_japonicum_scaffold7540	AT4G21880.1	25.309	162	87	4	1473	988	454	581	7.96e-10	56.2
Lygodium_japonicum_scaffold7540	AT4G04790.1	20.779	231	162	5	1635	988	337	561	4.79e-08	50.4
Lygodium_japonicum_scaffold7549	AT3G49970.1	40.984	61	36	0	241	59	224	284	4.34e-07	45.4
Lygodium_japonicum_scaffold7549	AT5G67385.1	42.308	52	30	0	241	86	276	327	6.42e-06	42.0
Lygodium_japonicum_scaffold7554	AT4G28450.1	65.929	452	154	0	1980	625	1	452	0.0	635
Lygodium_japonicum_scaffold7554	AT2G43770.1	26.198	313	200	16	1806	907	46	340	2.77e-11	59.3
Lygodium_japonicum_scaffold7554	AT2G43770.1	22.222	90	70	0	1149	880	42	131	4.96e-06	42.7
Lygodium_japonicum_scaffold7554	AT3G49180.1	23.427	286	164	10	1821	991	66	305	2.68e-09	53.5
Lygodium_japonicum_scaffold7545	AT5G35410.1	32.692	208	118	8	593	1186	11	206	9.96e-21	89.7
Lygodium_japonicum_scaffold7545	AT1G30270.1	27.273	297	163	11	593	1447	31	286	2.03e-20	89.0
Lygodium_japonicum_scaffold7545	AT2G26980.4	29.293	297	157	15	593	1447	24	279	2.74e-19	85.5
Lygodium_japonicum_scaffold7545	AT4G24400.1	31.731	208	120	8	593	1186	9	204	3.78e-19	84.7
Lygodium_japonicum_scaffold7545	AT5G21326.1	27.483	302	168	12	593	1465	13	274	9.21e-19	83.6
Lygodium_japonicum_scaffold7545	AT1G01140.3	30.806	211	122	8	590	1186	18	216	6.52e-18	80.9
Lygodium_japonicum_scaffold7525	AT1G69010.1	42.593	54	30	1	1073	915	50	103	1.25e-07	47.8
Lygodium_japonicum_scaffold7525	AT5G08130.8	44.898	49	26	1	1073	930	285	333	9.05e-07	45.8
Lygodium_japonicum_scaffold3884	AT2G43770.1	26.887	212	134	6	1630	995	49	239	2.88e-10	56.2
Lygodium_japonicum_scaffold7639	AT4G21880.1	30.208	96	62	2	232	507	544	638	8.50e-09	40.8
Lygodium_japonicum_scaffold7639	AT4G21880.1	24.561	57	43	0	63	233	495	551	8.50e-09	30.4
Lygodium_japonicum_scaffold7639	AT4G21880.1	28.682	129	86	3	397	774	501	626	3.62e-08	48.1
Lygodium_japonicum_scaffold7639	AT1G13630.4	22.778	180	122	3	307	807	273	448	4.62e-07	44.7
Lygodium_japonicum_scaffold7640	AT1G78550.1	27.869	305	187	10	1207	302	51	325	5.47e-27	105
Lygodium_japonicum_scaffold7640	AT1G17020.1	28.470	281	172	8	1201	365	53	306	1.16e-24	98.6
Lygodium_japonicum_scaffold7640	AT1G17010.1	26.510	298	183	10	1210	332	51	317	9.77e-22	90.1
Lygodium_japonicum_scaffold7640	AT4G25300.1	27.660	282	172	7	1201	365	52	304	1.01e-21	89.7
Lygodium_japonicum_scaffold7640	AT4G25310.1	26.820	261	171	7	1111	329	73	313	7.77e-21	87.0
Lygodium_japonicum_scaffold7657	AT1G30270.1	32.824	131	77	5	1003	626	109	233	1.68e-10	57.4
Lygodium_japonicum_scaffold7657	AT1G01140.3	27.473	182	114	6	1012	506	94	270	1.37e-09	54.3
Lygodium_japonicum_scaffold7657	AT4G24400.1	29.787	141	85	5	901	512	119	256	2.31e-09	53.5
Lygodium_japonicum_scaffold7657	AT5G21326.1	29.240	171	99	8	1012	545	88	251	5.65e-09	52.4
Lygodium_japonicum_scaffold7657	AT5G35410.1	25.980	204	128	8	1207	632	17	209	1.11e-08	51.2
Lygodium_japonicum_scaffold7657	AT2G26980.4	27.273	132	87	4	1015	632	98	224	5.26e-08	49.3
Lygodium_japonicum_scaffold7672	AT1G13630.4	25.217	115	79	3	222	548	487	600	3.25e-06	43.1
Lygodium_japonicum_scaffold7672	AT1G13630.4	25.907	193	133	4	3	560	345	534	3.74e-06	42.7
Lygodium_japonicum_scaffold7676	AT3G49180.1	24.719	89	62	1	1295	1029	77	160	7.69e-06	42.4
Lygodium_japonicum_scaffold7688	AT5G35410.1	27.586	174	117	5	1245	1751	37	206	1.45e-13	67.4
Lygodium_japonicum_scaffold7688	AT4G24400.1	26.220	164	115	3	1281	1766	50	209	1.55e-12	64.3
Lygodium_japonicum_scaffold7688	AT1G30270.1	27.545	167	105	6	1275	1751	70	228	1.76e-11	61.2
Lygodium_japonicum_scaffold7688	AT2G26980.4	25.466	161	108	4	1302	1766	72	226	1.17e-10	58.2
Lygodium_japonicum_scaffold7688	AT1G01140.3	25.000	168	114	4	1281	1766	60	221	6.16e-10	56.2
Lygodium_japonicum_scaffold7688	AT5G21326.1	28.387	155	101	5	1302	1751	61	210	2.39e-09	54.3
Lygodium_japonicum_scaffold7718	AT1G13630.4	23.955	359	253	7	82	1110	265	619	9.53e-24	100
Lygodium_japonicum_scaffold7718	AT1G13630.4	20.466	386	279	6	1	1134	449	814	4.53e-15	72.4
Lygodium_japonicum_scaffold7718	AT1G13630.4	19.272	467	342	10	4	1311	309	771	2.54e-13	66.6
Lygodium_japonicum_scaffold7718	AT4G21880.1	21.831	284	202	7	199	999	354	634	1.12e-11	61.6
Lygodium_japonicum_scaffold7718	AT4G04790.1	24.747	198	107	8	673	1248	434	595	8.95e-10	55.5
Lygodium_japonicum_scaffold7744	AT4G04790.1	24.390	164	108	5	1995	1525	491	645	1.40e-06	45.1
Lygodium_japonicum_scaffold7744	AT1G13630.4	29.915	117	59	4	1992	1666	388	489	1.44e-06	45.1
Lygodium_japonicum_scaffold7746	AT4G04790.1	18.000	150	115	3	17	454	423	568	4.82e-06	45.1
Lygodium_japonicum_scaffold7766	AT5G35410.1	32.524	206	127	7	1514	906	17	213	2.10e-17	79.0
Lygodium_japonicum_scaffold7766	AT4G24400.1	28.295	258	151	9	1514	786	15	253	3.33e-16	75.1
Lygodium_japonicum_scaffold7766	AT1G01140.3	27.917	240	143	8	1550	861	13	232	4.51e-14	68.6
Lygodium_japonicum_scaffold7766	AT1G30270.1	27.679	224	144	7	1517	858	36	245	7.45e-14	68.2
Lygodium_japonicum_scaffold7766	AT2G26980.4	27.885	208	138	7	1517	906	29	228	4.45e-12	62.4
Lygodium_japonicum_scaffold7766	AT5G21326.1	26.908	249	150	9	1517	822	18	251	4.83e-11	58.9
Lygodium_japonicum_scaffold7772	AT5G21326.1	28.912	294	156	10	413	1261	17	268	4.58e-23	95.9
Lygodium_japonicum_scaffold7772	AT1G30270.1	32.828	198	119	7	413	985	35	225	5.26e-23	96.3
Lygodium_japonicum_scaffold7772	AT4G24400.1	33.668	199	114	7	413	985	13	201	8.43e-23	95.1
Lygodium_japonicum_scaffold7772	AT1G01140.3	31.818	198	121	7	413	985	23	213	2.21e-21	90.9
Lygodium_japonicum_scaffold7772	AT5G35410.1	32.673	202	108	7	413	979	15	201	2.50e-21	90.9
Lygodium_japonicum_scaffold7772	AT2G26980.4	32.143	196	117	7	413	976	28	215	4.05e-21	90.1
Lygodium_japonicum_scaffold7788	AT1G20670.1	36.559	93	57	1	943	1221	183	273	4.61e-11	59.7
Lygodium_japonicum_scaffold7788	AT1G76380.2	35.484	93	55	2	979	1257	165	252	2.32e-10	57.4
Lygodium_japonicum_scaffold7785	AT1G13630.4	21.033	542	368	10	5	1546	251	760	2.01e-22	97.1
Lygodium_japonicum_scaffold7785	AT1G13630.4	20.390	461	318	8	218	1549	221	649	5.04e-22	95.9
Lygodium_japonicum_scaffold7785	AT4G04790.1	22.581	186	134	3	179	715	448	630	2.33e-10	58.2
Lygodium_japonicum_scaffold7785	AT4G21880.1	23.153	203	101	5	32	604	454	613	1.18e-08	52.4
Lygodium_japonicum_scaffold7785	AT3G61360.1	20.565	248	180	5	656	1363	133	375	9.48e-07	46.2
Lygodium_japonicum_scaffold7785	AT3G61360.1	20.488	205	117	6	197	676	150	353	8.49e-06	43.1
Lygodium_japonicum_scaffold7812	AT4G21880.1	28.571	119	79	3	705	355	501	615	6.56e-10	53.9
Lygodium_japonicum_scaffold7812	AT4G04790.1	31.532	111	70	3	684	358	488	594	2.66e-09	52.0
Lygodium_japonicum_scaffold7807	AT5G35410.1	26.500	200	130	8	795	1376	17	205	1.45e-10	57.4
Lygodium_japonicum_scaffold7807	AT4G24400.1	24.757	206	138	8	795	1394	15	209	2.43e-09	53.5
Lygodium_japonicum_scaffold7807	AT2G26980.4	25.561	223	145	9	795	1436	30	240	1.85e-08	50.8
Lygodium_japonicum_scaffold7807	AT1G30270.1	24.186	215	148	7	795	1421	37	242	5.82e-08	49.3
Lygodium_japonicum_scaffold7807	AT1G01140.3	26.238	202	130	10	795	1376	25	215	5.42e-07	46.2
Lygodium_japonicum_scaffold7808	AT5G35410.1	26.500	200	130	8	795	1376	17	205	1.40e-10	57.4
Lygodium_japonicum_scaffold7808	AT4G24400.1	24.757	206	138	8	795	1394	15	209	2.35e-09	53.5
Lygodium_japonicum_scaffold7808	AT2G26980.4	25.561	223	145	9	795	1436	30	240	1.79e-08	50.8
Lygodium_japonicum_scaffold7808	AT1G30270.1	24.186	215	148	7	795	1421	37	242	5.64e-08	49.3
Lygodium_japonicum_scaffold7808	AT1G01140.3	26.238	202	130	10	795	1376	25	215	5.26e-07	46.2
Lygodium_japonicum_scaffold7793	AT3G66658.2	30.233	473	310	9	360	1736	62	528	6.88e-59	205
Lygodium_japonicum_scaffold7828	AT2G36450.1	54.386	57	25	1	198	365	15	71	9.49e-08	45.4
Lygodium_japonicum_scaffold7828	AT5G52020.1	53.448	58	26	1	198	371	65	121	3.95e-07	44.3
Lygodium_japonicum_scaffold7828	AT1G12630.1	55.172	58	25	1	198	371	19	75	7.82e-07	43.1
Lygodium_japonicum_scaffold7834	AT1G30270.1	23.282	262	165	9	4	777	53	282	3.36e-13	63.5
Lygodium_japonicum_scaffold7834	AT2G26980.4	24.651	215	139	7	7	639	47	242	8.20e-13	62.0
Lygodium_japonicum_scaffold7834	AT5G21326.1	25.248	202	129	6	7	600	36	219	4.58e-12	59.7
Lygodium_japonicum_scaffold7834	AT1G01140.3	25.556	180	115	6	64	600	64	225	1.36e-11	58.5
Lygodium_japonicum_scaffold7834	AT4G24400.1	30.252	119	75	4	283	639	115	225	1.77e-11	58.2
Lygodium_japonicum_scaffold7834	AT5G35410.1	24.138	203	130	8	4	600	33	215	2.03e-11	57.8
Lygodium_japonicum_scaffold7856	AT3G61360.1	27.381	84	61	0	321	70	276	359	1.70e-09	48.9
Lygodium_japonicum_scaffold7856	AT1G13630.4	22.000	100	78	0	375	76	528	627	1.00e-07	43.9
Lygodium_japonicum_scaffold7851	AT5G35410.1	34.400	125	74	3	1526	1170	127	249	1.19e-10	58.2
Lygodium_japonicum_scaffold7851	AT5G21326.1	26.396	197	115	6	1829	1242	53	220	8.55e-10	55.5
Lygodium_japonicum_scaffold7851	AT1G30270.1	24.378	201	122	5	1817	1218	75	246	1.78e-09	54.3
Lygodium_japonicum_scaffold7851	AT2G26980.4	25.000	188	115	5	1829	1269	64	226	1.88e-09	54.3
Lygodium_japonicum_scaffold7851	AT4G24400.1	31.159	138	84	5	1565	1170	115	247	3.36e-09	53.5
Lygodium_japonicum_scaffold7851	AT1G01140.3	30.435	138	87	3	1565	1170	125	259	7.68e-09	52.4
Lygodium_japonicum_scaffold7862	AT2G32440.1	25.229	218	138	8	476	1087	238	444	2.37e-10	56.6
Lygodium_japonicum_scaffold7862	AT1G05160.1	25.339	221	142	6	467	1087	236	447	3.63e-10	55.8
Lygodium_japonicum_scaffold7849	AT4G21790.1	69.963	273	81	1	252	1067	19	291	1.65e-112	335
Lygodium_japonicum_scaffold7849	AT2G02180.1	63.273	275	100	1	246	1067	29	303	5.24e-95	290
Lygodium_japonicum_scaffold7849	AT1G14530.2	61.455	275	105	1	246	1067	19	293	1.15e-82	257
Lygodium_japonicum_scaffold7870	AT5G21326.1	31.841	201	121	6	1878	2459	19	210	1.26e-14	71.2
Lygodium_japonicum_scaffold7870	AT2G26980.4	30.500	200	125	5	1878	2459	30	221	2.06e-14	70.9
Lygodium_japonicum_scaffold7870	AT1G01140.3	31.336	217	135	8	1878	2513	25	232	5.59e-14	69.3
Lygodium_japonicum_scaffold7870	AT4G24400.1	31.336	217	133	9	1878	2513	15	220	1.36e-13	68.2
Lygodium_japonicum_scaffold7870	AT1G30270.1	27.638	199	132	5	1878	2459	37	228	4.45e-13	66.6
Lygodium_japonicum_scaffold7870	AT5G35410.1	29.146	199	127	8	1878	2459	17	206	7.88e-12	62.8
Lygodium_japonicum_scaffold7888	AT1G13630.4	31.140	228	156	1	4	684	385	612	1.18e-30	120
Lygodium_japonicum_scaffold7888	AT1G13630.4	29.167	216	153	0	1	648	420	635	6.21e-30	118
Lygodium_japonicum_scaffold7888	AT1G13630.4	29.646	226	158	1	13	687	353	578	7.37e-27	108
Lygodium_japonicum_scaffold7888	AT1G13630.4	28.947	228	161	1	1	681	244	471	2.04e-25	104
Lygodium_japonicum_scaffold7888	AT1G13630.4	27.753	227	152	2	1	645	490	716	1.86e-22	95.1
Lygodium_japonicum_scaffold7888	AT1G13630.4	29.091	220	144	2	4	627	561	780	1.04e-21	92.8
Lygodium_japonicum_scaffold7888	AT1G13630.4	34.459	148	97	0	187	630	236	383	1.21e-21	92.8
Lygodium_japonicum_scaffold7888	AT1G13630.4	26.263	198	134	1	43	600	609	806	1.76e-17	79.7
Lygodium_japonicum_scaffold7888	AT1G13630.4	27.848	158	112	1	34	501	653	810	2.86e-15	72.4
Lygodium_japonicum_scaffold7888	AT1G13630.4	25.362	138	96	1	247	660	193	323	3.10e-10	56.6
Lygodium_japonicum_scaffold7888	AT1G13630.4	23.529	119	91	0	1	357	677	795	9.64e-07	45.1
Lygodium_japonicum_scaffold7888	AT3G61360.1	28.000	200	141	2	43	642	167	363	3.27e-23	96.7
Lygodium_japonicum_scaffold7888	AT3G61360.1	30.000	210	143	3	1	621	255	463	3.75e-16	74.7
Lygodium_japonicum_scaffold7888	AT3G61360.1	27.381	168	121	1	181	684	176	342	8.76e-13	64.3
Lygodium_japonicum_scaffold7888	AT4G21880.1	20.225	178	135	3	148	669	413	587	4.19e-08	49.7
Lygodium_japonicum_scaffold7888	AT4G21880.1	19.565	230	181	3	1	690	403	628	4.23e-08	49.7
Lygodium_japonicum_scaffold7905	AT1G13630.4	22.287	341	234	7	2817	1876	435	771	1.64e-18	84.7
Lygodium_japonicum_scaffold7905	AT1G13630.4	20.656	305	197	5	2814	2032	330	633	1.12e-08	52.8
Lygodium_japonicum_scaffold7905	AT4G21880.1	23.103	290	181	14	2661	1894	470	751	1.11e-08	52.8
Lygodium_japonicum_scaffold7905	AT3G61360.1	22.917	240	133	6	2670	2095	180	415	2.15e-07	48.1
Lygodium_japonicum_scaffold7905	AT4G04790.1	20.853	211	157	5	2622	2002	364	568	8.13e-07	46.6
Lygodium_japonicum_scaffold7916	AT4G39100.1	30.645	124	71	3	887	516	27	135	1.78e-10	55.5
Lygodium_japonicum_scaffold7916	AT4G22140.1	29.457	129	75	4	902	516	30	142	2.72e-09	52.0
Lygodium_japonicum_scaffold7916	AT4G04260.2	31.461	89	58	2	893	627	8	93	1.83e-07	46.2
Lygodium_japonicum_scaffold7915	AT4G39100.1	30.645	124	71	3	1084	713	27	135	2.03e-10	55.5
Lygodium_japonicum_scaffold7915	AT4G22140.1	29.457	129	75	4	1099	713	30	142	3.10e-09	52.0
Lygodium_japonicum_scaffold7915	AT4G04260.2	31.461	89	58	2	1090	824	8	93	2.07e-07	46.2
Lygodium_japonicum_scaffold7969	AT3G53480.1	50.000	422	210	1	1854	589	1030	1450	6.39e-118	377
Lygodium_japonicum_scaffold7969	AT3G53480.1	21.866	343	245	10	1764	775	405	737	1.98e-12	64.3
Lygodium_japonicum_scaffold7969	AT2G37280.3	48.578	422	216	1	1854	589	1022	1442	5.28e-114	366
Lygodium_japonicum_scaffold7969	AT2G37280.3	22.157	343	244	11	1764	775	399	731	9.37e-15	71.6
Lygodium_japonicum_scaffold7969	AT4G15215.11	48.974	390	198	1	1854	685	977	1365	4.56e-111	357
Lygodium_japonicum_scaffold7969	AT4G15215.11	23.410	346	236	12	1764	775	369	701	7.44e-17	78.6
Lygodium_japonicum_scaffold7969	AT4G15233.1	48.462	390	200	1	1854	685	972	1360	1.10e-107	348
Lygodium_japonicum_scaffold7969	AT4G15233.1	22.254	346	240	11	1764	775	371	703	3.55e-15	73.2
Lygodium_japonicum_scaffold7969	AT4G15236.1	48.718	390	199	1	1854	685	970	1358	1.87e-107	347
Lygodium_japonicum_scaffold7969	AT4G15236.1	23.429	350	231	12	1764	775	369	701	1.98e-16	77.0
Lygodium_japonicum_scaffold7969	AT4G15230.1	46.667	390	207	1	1854	685	980	1368	2.71e-106	344
Lygodium_japonicum_scaffold7969	AT4G15230.1	20.520	346	254	9	1764	763	372	708	5.75e-15	72.4
Lygodium_japonicum_scaffold7967	AT1G13630.4	26.712	146	93	3	1026	631	411	556	1.69e-07	47.4
Lygodium_japonicum_scaffold7983	AT4G24400.1	25.551	227	134	9	285	935	49	250	1.47e-12	64.7
Lygodium_japonicum_scaffold7983	AT5G35410.1	27.368	190	110	6	285	845	51	215	1.80e-12	64.7
Lygodium_japonicum_scaffold7983	AT5G21326.1	26.882	186	106	6	285	827	53	213	4.20e-11	60.1
Lygodium_japonicum_scaffold7983	AT1G30270.1	23.276	232	141	7	285	944	71	277	6.14e-11	59.7
Lygodium_japonicum_scaffold7983	AT1G01140.3	26.126	222	117	7	276	923	56	236	1.19e-10	58.9
Lygodium_japonicum_scaffold7983	AT2G26980.4	24.731	186	110	5	285	827	64	224	3.42e-10	57.4
Lygodium_japonicum_scaffold7984	AT4G24400.1	25.551	227	134	9	285	935	49	250	1.68e-12	64.7
Lygodium_japonicum_scaffold7984	AT5G35410.1	27.368	190	110	6	285	845	51	215	2.06e-12	64.7
Lygodium_japonicum_scaffold7984	AT5G21326.1	26.882	186	106	6	285	827	53	213	4.79e-11	60.1
Lygodium_japonicum_scaffold7984	AT1G30270.1	23.276	232	141	7	285	944	71	277	7.00e-11	59.7
Lygodium_japonicum_scaffold7984	AT1G01140.3	26.126	222	117	7	276	923	56	236	1.35e-10	58.9
Lygodium_japonicum_scaffold7984	AT2G26980.4	24.731	186	110	5	285	827	64	224	3.89e-10	57.4
Lygodium_japonicum_scaffold7965	AT5G16930.1	29.126	206	112	9	777	1310	397	596	3.00e-15	73.9
Lygodium_japonicum_scaffold7965	AT5G16930.1	30.000	160	104	6	1581	2057	392	544	6.78e-13	66.2
Lygodium_japonicum_scaffold7965	AT2G18330.1	33.333	144	89	6	777	1202	384	522	5.14e-15	73.2
Lygodium_japonicum_scaffold7965	AT2G18330.1	30.612	147	94	6	1593	2030	383	522	1.47e-13	68.2
Lygodium_japonicum_scaffold7965	AT3G03060.1	30.872	149	98	4	777	1220	385	529	1.17e-14	71.6
Lygodium_japonicum_scaffold7965	AT3G03060.1	28.750	160	106	6	1581	2057	380	532	1.60e-12	65.1
Lygodium_japonicum_scaffold7965	AT4G36580.1	32.639	144	90	6	777	1202	381	519	3.33e-14	70.5
Lygodium_japonicum_scaffold7965	AT4G36580.1	26.389	216	123	8	1581	2141	376	584	3.51e-13	67.0
Lygodium_japonicum_scaffold8001	AT1G13630.4	23.507	268	185	4	97	840	407	674	9.03e-19	80.1
Lygodium_japonicum_scaffold8001	AT1G13630.4	21.754	285	210	4	25	840	273	557	1.50e-11	58.5
Lygodium_japonicum_scaffold8001	AT1G13630.4	20.382	157	121	1	382	840	225	381	1.90e-06	42.7
Lygodium_japonicum_scaffold8001	AT4G21880.1	28.313	166	113	3	115	603	501	663	2.66e-12	60.8
Lygodium_japonicum_scaffold8001	AT4G04790.1	25.806	155	109	2	115	570	481	632	8.34e-10	53.1
Lygodium_japonicum_scaffold8001	AT4G04790.1	25.758	132	94	1	469	852	393	524	4.93e-06	41.6
Lygodium_japonicum_scaffold8009	AT1G13630.4	22.822	241	176	4	1850	1155	393	632	3.74e-13	66.2
Lygodium_japonicum_scaffold8009	AT3G61360.1	23.140	242	175	6	1709	1011	176	415	5.79e-10	55.5
Lygodium_japonicum_scaffold8009	AT3G61360.1	21.320	197	145	3	1772	1212	220	416	3.02e-07	47.0
Lygodium_japonicum_scaffold8009	AT4G21880.1	26.866	134	90	5	1397	1005	501	629	4.04e-08	50.1
Lygodium_japonicum_scaffold8009	AT4G21880.1	23.611	144	102	4	1712	1296	497	637	2.30e-07	47.8
Lygodium_japonicum_scaffold8009	AT4G04790.1	20.253	237	167	7	1793	1128	337	566	1.86e-06	44.7
Lygodium_japonicum_scaffold8024	AT5G21326.1	28.774	212	128	8	1120	494	78	269	5.68e-17	77.4
Lygodium_japonicum_scaffold8024	AT1G30270.1	27.442	215	127	7	1120	494	96	287	9.40e-16	73.9
Lygodium_japonicum_scaffold8024	AT4G24400.1	32.544	169	86	9	1096	614	82	230	3.74e-15	71.6
Lygodium_japonicum_scaffold8024	AT1G01140.3	26.887	212	132	6	1120	494	84	275	4.73e-15	71.6
Lygodium_japonicum_scaffold8024	AT2G26980.4	29.442	197	106	9	1120	554	89	260	5.03e-15	71.2
Lygodium_japonicum_scaffold8024	AT5G35410.1	27.941	204	122	7	1096	494	84	265	3.70e-14	68.6
Lygodium_japonicum_scaffold8054	AT1G13630.4	24.490	98	70	1	192	473	480	577	6.30e-06	30.8
Lygodium_japonicum_scaffold8054	AT1G13630.4	37.500	40	19	1	98	199	405	444	6.30e-06	28.9
Lygodium_japonicum_scaffold8056	AT1G13630.4	23.881	201	146	4	85	672	414	612	1.89e-11	60.5
Lygodium_japonicum_scaffold8056	AT1G13630.4	23.162	272	183	8	25	768	495	764	3.18e-10	56.6
Lygodium_japonicum_scaffold8056	AT1G13630.4	21.963	214	161	3	46	672	225	437	2.31e-08	50.4
Lygodium_japonicum_scaffold8056	AT4G04790.1	22.711	273	170	7	67	870	371	607	4.47e-09	52.8
Lygodium_japonicum_scaffold8056	AT4G21880.1	20.635	252	160	7	67	711	391	639	1.42e-07	47.8
Lygodium_japonicum_scaffold8030	AT3G53480.1	24.466	421	264	9	922	2124	997	1383	6.50e-44	128
Lygodium_japonicum_scaffold8030	AT3G53480.1	32.500	120	78	2	557	910	877	995	6.50e-44	63.2
Lygodium_japonicum_scaffold8030	AT3G53480.1	22.957	514	353	15	931	2421	344	831	1.94e-28	117
Lygodium_japonicum_scaffold8030	AT3G53480.1	25.455	165	90	3	557	952	189	353	1.92e-11	62.0
Lygodium_japonicum_scaffold8030	AT2G37280.3	24.760	416	267	11	922	2121	989	1374	4.54e-43	125
Lygodium_japonicum_scaffold8030	AT2G37280.3	32.500	120	78	2	557	910	869	987	4.54e-43	62.8
Lygodium_japonicum_scaffold8030	AT2G37280.3	23.616	542	369	15	886	2445	323	841	1.70e-31	127
Lygodium_japonicum_scaffold8030	AT2G37280.3	26.804	194	80	5	557	952	154	347	6.59e-10	57.0
Lygodium_japonicum_scaffold8030	AT4G15233.1	24.706	425	256	13	925	2124	940	1325	6.03e-42	117
Lygodium_japonicum_scaffold8030	AT4G15233.1	31.655	139	92	2	500	910	800	937	6.03e-42	67.0
Lygodium_japonicum_scaffold8030	AT4G15233.1	25.240	416	281	8	886	2094	295	693	4.73e-32	129
Lygodium_japonicum_scaffold8030	AT4G15233.1	26.875	160	84	4	533	913	147	306	2.04e-09	55.5
Lygodium_japonicum_scaffold8030	AT4G15230.1	24.578	415	269	10	925	2124	948	1333	8.75e-42	115
Lygodium_japonicum_scaffold8030	AT4G15230.1	32.540	126	82	2	539	910	821	945	8.75e-42	68.6
Lygodium_japonicum_scaffold8030	AT4G15230.1	24.818	411	289	7	886	2094	296	694	8.89e-27	112
Lygodium_japonicum_scaffold8030	AT4G15230.1	26.590	173	93	4	497	913	135	307	8.30e-11	60.1
Lygodium_japonicum_scaffold8030	AT4G15215.11	24.686	478	297	13	925	2295	945	1380	2.09e-40	110
Lygodium_japonicum_scaffold8030	AT4G15215.11	32.540	126	82	2	539	910	818	942	2.09e-40	69.7
Lygodium_japonicum_scaffold8030	AT4G15215.11	25.666	413	283	11	886	2094	293	691	9.86e-25	105
Lygodium_japonicum_scaffold8030	AT4G15215.11	28.313	166	86	4	515	913	139	304	7.82e-11	60.1
Lygodium_japonicum_scaffold8030	AT4G15236.1	23.881	536	364	12	886	2439	293	802	3.58e-31	126
Lygodium_japonicum_scaffold8030	AT4G15236.1	25.587	426	251	14	925	2124	938	1323	1.36e-29	121
Lygodium_japonicum_scaffold8030	AT4G15236.1	31.373	153	102	2	500	952	798	949	1.47e-14	72.0
Lygodium_japonicum_scaffold8030	AT4G15236.1	29.412	153	75	4	554	913	152	304	4.71e-10	57.4
Lygodium_japonicum_scaffold8080	AT4G21880.1	26.718	131	93	1	1406	1014	482	609	3.36e-09	53.1
Lygodium_japonicum_scaffold8080	AT1G13630.4	26.812	138	99	1	1454	1047	483	620	4.97e-09	52.8
Lygodium_japonicum_scaffold8080	AT1G13630.4	21.959	296	190	5	1454	684	307	600	3.88e-08	49.7
Lygodium_japonicum_scaffold8080	AT1G13630.4	25.439	114	85	0	1460	1119	516	629	1.47e-07	47.8
Lygodium_japonicum_scaffold8080	AT1G13630.4	22.619	336	203	11	1259	390	302	626	1.02e-06	45.1
Lygodium_japonicum_scaffold8080	AT4G04790.1	28.571	119	77	2	1406	1050	462	572	1.37e-07	48.1
Lygodium_japonicum_scaffold8080	AT3G61360.1	25.225	111	73	2	1454	1137	248	353	2.73e-07	47.0
Lygodium_japonicum_scaffold8083	AT4G24400.1	24.895	237	142	8	1535	870	15	230	6.97e-13	64.3
Lygodium_japonicum_scaffold8083	AT5G35410.1	24.891	229	146	8	1535	879	17	229	2.93e-11	59.3
Lygodium_japonicum_scaffold8083	AT2G26980.4	28.780	205	124	7	1535	957	30	224	2.30e-10	56.6
Lygodium_japonicum_scaffold8083	AT1G30270.1	24.454	229	147	8	1535	882	37	250	4.81e-10	55.5
Lygodium_japonicum_scaffold8083	AT5G21326.1	26.794	209	129	7	1544	957	16	213	9.78e-10	54.3
Lygodium_japonicum_scaffold8083	AT1G01140.3	27.317	205	127	7	1535	957	25	219	8.41e-08	48.5
Lygodium_japonicum_scaffold8091	AT5G35410.1	27.000	200	126	6	529	1101	58	246	1.27e-13	66.6
Lygodium_japonicum_scaffold8091	AT1G30270.1	28.326	233	130	10	427	1074	37	249	6.23e-13	64.7
Lygodium_japonicum_scaffold8091	AT1G01140.3	28.636	220	113	10	427	1020	25	222	3.49e-12	62.0
Lygodium_japonicum_scaffold8091	AT4G24400.1	26.486	185	108	7	490	1020	46	210	3.21e-10	55.8
Lygodium_japonicum_scaffold8091	AT2G26980.4	26.977	215	123	10	427	1020	30	227	3.87e-10	55.5
Lygodium_japonicum_scaffold8091	AT5G21326.1	27.907	172	95	7	529	1011	60	213	8.77e-09	51.2
Lygodium_japonicum_scaffold8093	AT1G30270.1	28.302	265	162	10	1282	533	30	281	6.93e-29	114
Lygodium_japonicum_scaffold8093	AT4G24400.1	29.070	258	165	8	1282	536	8	256	7.52e-28	111
Lygodium_japonicum_scaffold8093	AT5G21326.1	29.885	261	163	8	1282	533	12	263	1.56e-25	104
Lygodium_japonicum_scaffold8093	AT2G26980.4	29.615	260	163	9	1282	536	23	273	1.92e-25	103
Lygodium_japonicum_scaffold8093	AT1G01140.3	28.517	263	165	9	1273	518	21	271	4.31e-24	100
Lygodium_japonicum_scaffold8093	AT5G35410.1	26.562	256	162	9	1282	554	10	252	3.14e-23	97.4
Lygodium_japonicum_scaffold8133	AT3G03060.1	33.333	156	84	7	1932	1486	387	529	6.29e-09	52.8
Lygodium_japonicum_scaffold8133	AT3G03060.1	27.607	163	107	6	1161	676	377	529	2.19e-08	50.8
Lygodium_japonicum_scaffold8133	AT4G36580.1	30.625	160	71	7	1932	1504	383	519	8.10e-08	49.3
Lygodium_japonicum_scaffold8133	AT5G16930.1	31.818	154	89	7	1932	1486	399	541	8.59e-08	48.9
Lygodium_japonicum_scaffold8133	AT5G16930.1	25.463	216	141	9	1311	676	342	541	1.00e-06	45.4
Lygodium_japonicum_scaffold8133	AT2G18330.1	32.886	149	82	8	1932	1504	386	522	1.27e-07	48.5
Lygodium_japonicum_scaffold8133	AT2G18330.1	25.503	149	100	5	1137	694	384	522	1.12e-06	45.4
Lygodium_japonicum_scaffold8135	AT5G65930.3	39.623	265	148	4	14	787	956	1215	3.46e-45	166
Lygodium_japonicum_scaffold8140	AT1G13630.4	22.600	500	340	13	102	1484	273	764	8.76e-23	98.2
Lygodium_japonicum_scaffold8140	AT3G61360.1	21.296	216	154	5	744	1355	192	403	1.90e-10	57.8
Lygodium_japonicum_scaffold8140	AT4G21880.1	25.000	168	115	6	714	1202	476	637	1.51e-08	52.0
Lygodium_japonicum_scaffold8140	AT4G21880.1	26.154	130	88	4	1101	1481	501	625	3.87e-07	47.4
Lygodium_japonicum_scaffold8140	AT4G21880.1	28.682	129	86	4	192	569	501	626	1.63e-06	45.4
Lygodium_japonicum_scaffold8140	AT4G04790.1	24.031	129	92	4	1101	1481	481	605	1.66e-06	45.4
Lygodium_japonicum_scaffold8123	AT1G30270.1	29.493	217	124	10	457	1074	37	235	9.60e-13	64.7
Lygodium_japonicum_scaffold8123	AT1G01140.3	28.125	224	130	9	436	1071	18	222	2.75e-12	63.2
Lygodium_japonicum_scaffold8123	AT2G26980.4	29.767	215	126	9	457	1074	30	228	2.99e-11	59.7
Lygodium_japonicum_scaffold8123	AT4G24400.1	28.436	211	128	8	457	1068	15	209	4.85e-11	58.9
Lygodium_japonicum_scaffold8123	AT5G35410.1	29.439	214	126	10	457	1074	17	213	7.79e-11	58.5
Lygodium_japonicum_scaffold8123	AT5G21326.1	28.767	219	130	11	445	1074	16	217	8.10e-10	55.1
Lygodium_japonicum_scaffold8170	AT4G04790.1	23.567	157	99	5	480	64	497	650	4.93e-09	50.1
Lygodium_japonicum_scaffold8170	AT4G21880.1	22.321	112	83	2	480	148	517	625	2.98e-08	47.4
Lygodium_japonicum_scaffold8162	AT1G13630.4	24.631	203	134	5	2416	1856	529	728	5.85e-10	56.6
Lygodium_japonicum_scaffold8162	AT1G13630.4	21.390	187	142	2	2404	1856	426	611	1.13e-08	52.4
Lygodium_japonicum_scaffold8162	AT1G13630.4	20.000	190	144	3	2407	1856	319	506	8.33e-06	43.1
Lygodium_japonicum_scaffold8162	AT4G04790.1	22.652	181	132	2	2395	1865	392	568	1.68e-07	48.5
Lygodium_japonicum_scaffold8162	AT4G04790.1	27.143	140	94	3	2407	2000	493	628	7.78e-07	46.6
Lygodium_japonicum_scaffold8162	AT4G21880.1	21.277	188	140	2	2416	1865	405	588	8.72e-06	43.1
Lygodium_japonicum_scaffold8130	AT5G60100.2	47.541	122	64	0	1831	1466	64	185	4.06e-31	122
Lygodium_japonicum_scaffold8130	AT5G60100.2	46.000	100	38	3	529	278	412	511	3.16e-17	79.3
Lygodium_japonicum_scaffold8130	AT5G02810.1	45.902	122	66	0	1831	1466	78	199	1.20e-28	116
Lygodium_japonicum_scaffold8130	AT5G02810.1	73.585	53	11	1	433	275	663	712	3.38e-18	83.2
Lygodium_japonicum_scaffold8171	AT2G26980.4	29.148	223	132	12	2	634	72	280	3.22e-16	75.5
Lygodium_japonicum_scaffold8171	AT5G21326.1	27.841	176	114	8	2	511	61	229	2.90e-15	72.4
Lygodium_japonicum_scaffold8171	AT5G35410.1	28.070	171	112	8	2	502	59	222	2.35e-14	69.3
Lygodium_japonicum_scaffold8171	AT1G30270.1	25.424	236	147	12	2	655	79	303	2.87e-14	69.3
Lygodium_japonicum_scaffold8171	AT1G01140.3	31.515	165	96	9	164	634	120	275	3.92e-14	68.9
Lygodium_japonicum_scaffold8171	AT4G24400.1	27.647	170	114	7	2	502	57	220	7.38e-14	67.8
Lygodium_japonicum_scaffold8203	AT1G13630.4	22.260	292	214	5	61	900	267	557	3.73e-14	66.6
Lygodium_japonicum_scaffold8203	AT1G13630.4	22.671	322	218	6	19	903	358	675	1.20e-13	65.1
Lygodium_japonicum_scaffold8203	AT1G13630.4	19.601	301	225	6	25	903	162	453	1.14e-11	59.3
Lygodium_japonicum_scaffold8203	AT1G13630.4	21.622	296	205	8	16	834	498	789	2.14e-07	45.8
Lygodium_japonicum_scaffold8203	AT4G21880.1	30.702	114	69	3	19	345	517	625	7.85e-09	50.4
Lygodium_japonicum_scaffold8203	AT4G21880.1	26.923	130	89	3	274	654	501	627	5.42e-08	47.8
Lygodium_japonicum_scaffold8203	AT3G61360.1	21.538	260	166	6	130	843	164	407	1.26e-08	49.7
Lygodium_japonicum_scaffold8203	AT3G61360.1	21.774	124	93	1	34	393	234	357	7.72e-07	43.9
Lygodium_japonicum_scaffold8203	AT4G04790.1	21.267	221	157	5	196	840	355	564	3.55e-08	48.5
Lygodium_japonicum_scaffold8205	AT4G04790.1	21.285	249	166	8	1495	806	338	575	2.37e-10	57.8
Lygodium_japonicum_scaffold8205	AT4G21880.1	19.592	245	175	6	1495	806	358	595	1.97e-08	51.2
Lygodium_japonicum_scaffold8201	AT1G13630.4	20.468	342	242	7	123	1070	428	765	6.31e-14	68.9
Lygodium_japonicum_scaffold8201	AT1G13630.4	21.203	316	235	5	18	926	318	632	3.56e-12	63.5
Lygodium_japonicum_scaffold8201	AT1G13630.4	19.298	342	215	8	66	935	268	600	2.35e-10	57.4
Lygodium_japonicum_scaffold8201	AT1G13630.4	19.554	404	238	11	345	1322	225	619	9.88e-07	45.8
Lygodium_japonicum_scaffold8201	AT4G04790.1	25.581	129	90	3	684	1064	481	605	1.63e-08	51.6
Lygodium_japonicum_scaffold8201	AT4G21880.1	24.031	129	92	3	684	1064	501	625	1.76e-08	51.6
Lygodium_japonicum_scaffold8235	AT1G13630.4	23.794	311	227	4	1911	1006	302	611	1.90e-23	99.4
Lygodium_japonicum_scaffold8235	AT1G13630.4	21.615	384	256	10	1911	793	267	616	3.37e-22	95.5
Lygodium_japonicum_scaffold8235	AT1G13630.4	22.946	353	211	10	1911	1027	337	686	4.81e-15	72.4
Lygodium_japonicum_scaffold8235	AT3G61360.1	23.355	304	141	11	1947	1087	193	421	1.69e-12	63.9
Lygodium_japonicum_scaffold8235	AT3G61360.1	24.380	242	163	8	1593	910	106	341	1.35e-08	51.2
Lygodium_japonicum_scaffold8235	AT4G21880.1	28.188	149	97	4	1941	1516	482	627	3.71e-10	56.6
Lygodium_japonicum_scaffold8235	AT4G04790.1	23.129	294	188	9	1941	1135	462	742	5.76e-09	52.8
Lygodium_japonicum_scaffold8256	AT1G13630.4	29.464	112	74	2	609	289	388	499	1.99e-09	50.4
Lygodium_japonicum_scaffold8283	AT2G43770.1	24.569	232	139	10	887	198	33	230	4.98e-10	54.7
Lygodium_japonicum_scaffold8283	AT2G43770.1	25.118	211	116	8	923	402	51	256	5.62e-09	51.6
Lygodium_japonicum_scaffold8283	AT4G28450.1	23.629	237	123	10	953	255	54	236	4.53e-07	45.8
Lygodium_japonicum_scaffold8284	AT2G43770.1	24.569	232	139	10	1103	414	33	230	6.58e-10	54.7
Lygodium_japonicum_scaffold8284	AT2G43770.1	25.118	211	116	8	1139	618	51	256	7.99e-09	51.2
Lygodium_japonicum_scaffold8284	AT4G28450.1	23.629	237	123	10	1169	471	54	236	5.65e-07	45.8
Lygodium_japonicum_scaffold8284	AT3G49180.1	26.122	245	130	13	1199	543	102	321	9.78e-06	41.6
Lygodium_japonicum_scaffold8276	AT1G30270.1	68.384	427	131	2	364	1635	28	453	0.0	594
Lygodium_japonicum_scaffold8276	AT1G01140.3	65.977	435	140	3	355	1644	13	444	0.0	580
Lygodium_japonicum_scaffold8276	AT2G26980.4	62.247	445	165	2	304	1638	1	442	0.0	568
Lygodium_japonicum_scaffold8276	AT5G21326.1	62.005	429	160	2	352	1638	6	431	0.0	538
Lygodium_japonicum_scaffold8276	AT4G24400.1	56.941	425	181	1	361	1635	5	427	1.13e-171	491
Lygodium_japonicum_scaffold8276	AT5G35410.1	57.042	426	180	2	361	1635	7	430	8.90e-170	486
Lygodium_japonicum_scaffold8321	AT2G43770.1	29.412	204	127	7	588	1187	109	299	9.81e-19	82.8
Lygodium_japonicum_scaffold8321	AT2G43770.1	30.108	93	63	2	810	1085	56	147	4.04e-06	43.9
Lygodium_japonicum_scaffold8292	AT3G10700.1	24.762	420	219	14	437	1624	32	378	3.52e-11	59.3
Lygodium_japonicum_scaffold8325	AT2G35635.1	36.765	68	43	0	139	342	3	70	1.30e-09	52.0
Lygodium_japonicum_scaffold8325	AT2G35635.1	34.783	69	45	0	136	342	78	146	2.69e-08	48.1
Lygodium_japonicum_scaffold8325	AT1G31340.1	36.765	68	43	0	139	342	3	70	1.33e-09	52.0
Lygodium_japonicum_scaffold8325	AT1G31340.1	34.783	69	45	0	136	342	78	146	4.13e-08	47.4
Lygodium_japonicum_scaffold8325	AT1G11980.1	32.353	68	46	0	139	342	3	70	1.01e-07	44.3
Lygodium_japonicum_scaffold8341	AT1G13630.4	23.324	343	190	13	9	848	304	636	5.05e-09	50.8
Lygodium_japonicum_scaffold8341	AT1G13630.4	21.429	252	175	6	63	761	428	675	5.25e-07	44.7
Lygodium_japonicum_scaffold8351	AT1G13630.4	21.348	178	125	2	10	498	514	691	3.18e-07	47.4
Lygodium_japonicum_scaffold8324	AT2G35635.1	36.765	68	43	0	139	342	3	70	1.20e-09	52.0
Lygodium_japonicum_scaffold8324	AT2G35635.1	34.783	69	45	0	136	342	78	146	2.48e-08	48.1
Lygodium_japonicum_scaffold8324	AT1G31340.1	36.765	68	43	0	139	342	3	70	1.22e-09	52.0
Lygodium_japonicum_scaffold8324	AT1G31340.1	34.783	69	45	0	136	342	78	146	3.80e-08	47.4
Lygodium_japonicum_scaffold8324	AT1G11980.1	32.353	68	46	0	139	342	3	70	9.34e-08	44.3
Lygodium_japonicum_scaffold8360	AT2G18330.1	34.932	146	87	5	666	1100	384	522	3.39e-16	75.9
Lygodium_japonicum_scaffold8360	AT5G16930.1	30.928	194	120	8	552	1118	357	541	8.37e-16	74.7
Lygodium_japonicum_scaffold8360	AT3G03060.1	31.953	169	101	6	666	1151	385	546	3.09e-15	72.8
Lygodium_japonicum_scaffold8360	AT4G36580.1	31.609	174	111	5	666	1184	381	547	1.12e-14	71.2
Lygodium_japonicum_scaffold8403	AT5G65930.3	50.781	128	62	1	2275	1892	1122	1248	5.34e-29	118
Lygodium_japonicum_scaffold8397	AT5G56290.1	29.091	110	78	0	2499	2170	579	688	2.72e-07	47.8
Lygodium_japonicum_scaffold8397	AT5G56290.1	29.091	110	76	2	2601	2275	579	687	4.82e-07	47.0
Lygodium_japonicum_scaffold8397	AT5G56290.1	22.179	257	181	4	2556	1810	461	706	2.04e-06	45.1
Lygodium_japonicum_scaffold8397	AT5G56290.1	26.316	114	84	0	2616	2275	608	721	3.15e-06	44.3
Lygodium_japonicum_scaffold8415	AT1G13630.4	22.266	256	181	5	2348	1632	358	612	5.36e-12	63.2
Lygodium_japonicum_scaffold8415	AT4G21880.1	24.476	143	102	3	2393	1974	502	641	1.16e-07	48.9
Lygodium_japonicum_scaffold8415	AT3G61360.1	27.219	169	110	6	2237	1755	164	327	1.61e-06	45.1
Lygodium_japonicum_scaffold8416	AT1G13630.4	22.266	256	181	5	2418	1702	358	612	5.60e-12	63.2
Lygodium_japonicum_scaffold8416	AT4G21880.1	24.476	143	102	3	2463	2044	502	641	1.20e-07	48.9
Lygodium_japonicum_scaffold8416	AT3G61360.1	27.219	169	110	6	2307	1825	164	327	1.67e-06	45.1
Lygodium_japonicum_scaffold8433	AT1G13630.4	22.699	489	267	13	1573	317	318	765	2.63e-19	85.5
Lygodium_japonicum_scaffold8433	AT1G13630.4	21.359	309	203	11	1129	227	193	469	1.64e-08	50.8
Lygodium_japonicum_scaffold8433	AT4G21880.1	26.174	149	101	5	1363	926	484	626	3.01e-07	47.0
Lygodium_japonicum_scaffold8433	AT4G21880.1	22.857	140	100	3	1033	623	492	626	1.74e-06	44.3
Lygodium_japonicum_scaffold8433	AT4G21880.1	20.863	139	102	4	715	311	495	629	8.02e-06	42.4
Lygodium_japonicum_scaffold8433	AT4G04790.1	20.968	248	171	7	1114	428	325	566	2.87e-06	43.5
Lygodium_japonicum_scaffold8433	AT3G61360.1	21.951	123	89	3	793	443	282	403	9.73e-06	41.6
Lygodium_japonicum_scaffold8437	AT1G13630.4	28.986	138	94	1	135	536	418	555	3.13e-07	47.0
Lygodium_japonicum_scaffold8443	AT2G28560.1	28.736	261	154	8	997	293	89	343	1.36e-18	81.3
Lygodium_japonicum_scaffold8450	AT3G49180.1	27.419	124	76	3	2911	2582	81	204	7.53e-08	49.7
Lygodium_japonicum_scaffold8468	AT1G13630.4	26.818	220	151	4	1	636	417	634	4.20e-15	71.2
Lygodium_japonicum_scaffold8468	AT1G13630.4	22.311	251	184	5	1	729	311	558	1.95e-07	47.0
Lygodium_japonicum_scaffold8468	AT1G13630.4	24.631	203	133	6	1	558	522	721	3.42e-07	46.2
Lygodium_japonicum_scaffold8468	AT4G04790.1	24.684	158	105	7	283	738	477	626	8.12e-07	45.1
Lygodium_japonicum_scaffold8496	AT1G13630.4	22.801	307	197	8	117	1016	265	538	7.72e-11	58.5
Lygodium_japonicum_scaffold8496	AT1G13630.4	19.399	366	256	9	21	1022	369	727	4.18e-08	49.7
Lygodium_japonicum_scaffold8496	AT4G21880.1	22.388	134	98	4	426	818	497	627	1.36e-06	44.7
Lygodium_japonicum_scaffold8505	AT1G13630.4	21.053	304	226	7	1921	1040	363	662	1.51e-11	61.2
Lygodium_japonicum_scaffold8505	AT1G13630.4	25.728	206	131	8	1966	1403	524	725	6.27e-07	46.2
Lygodium_japonicum_scaffold8498	AT5G65930.3	42.339	248	132	5	3	737	976	1215	1.96e-47	175
Lygodium_japonicum_scaffold8534	AT5G57420.1	35.526	76	42	2	1003	797	83	158	4.34e-08	47.0
Lygodium_japonicum_scaffold8532	AT1G69010.1	43.137	51	29	0	669	517	50	100	3.80e-08	49.3
Lygodium_japonicum_scaffold8532	AT5G08130.8	39.216	51	31	0	669	517	285	335	1.03e-06	45.1
Lygodium_japonicum_scaffold8533	AT1G69010.1	43.137	51	29	0	669	517	50	100	3.49e-08	49.3
Lygodium_japonicum_scaffold8533	AT5G08130.8	39.216	51	31	0	669	517	285	335	9.43e-07	45.1
Lygodium_japonicum_scaffold8543	AT5G35410.1	27.670	206	137	7	1926	1327	69	268	6.07e-12	62.0
Lygodium_japonicum_scaffold8543	AT1G30270.1	31.944	144	89	5	1926	1510	89	228	7.59e-12	61.6
Lygodium_japonicum_scaffold8543	AT4G24400.1	27.136	199	127	8	1926	1357	67	256	4.46e-10	55.8
Lygodium_japonicum_scaffold8543	AT2G26980.4	29.911	224	127	10	1926	1297	82	289	8.61e-10	55.1
Lygodium_japonicum_scaffold8543	AT1G01140.3	31.544	149	83	6	1926	1510	77	216	1.13e-09	54.7
Lygodium_japonicum_scaffold8543	AT5G21326.1	29.861	144	92	5	1926	1510	71	210	3.07e-08	50.1
Lygodium_japonicum_scaffold8529	AT1G13630.4	21.237	485	317	13	45	1373	285	746	5.22e-15	73.2
Lygodium_japonicum_scaffold8529	AT1G13630.4	21.354	384	260	10	546	1658	269	623	2.07e-12	64.7
Lygodium_japonicum_scaffold8529	AT1G13630.4	20.233	257	192	6	1236	1973	338	592	4.78e-06	44.3
Lygodium_japonicum_scaffold8529	AT3G61360.1	20.939	277	202	9	999	1799	132	401	2.11e-10	57.8
Lygodium_japonicum_scaffold8529	AT3G61360.1	20.419	191	127	5	114	662	180	353	6.41e-06	43.5
Lygodium_japonicum_scaffold8529	AT4G04790.1	21.229	179	127	4	1296	1811	392	563	5.66e-08	50.4
Lygodium_japonicum_scaffold8529	AT4G04790.1	20.231	346	221	8	429	1409	326	635	3.09e-06	44.7
Lygodium_japonicum_scaffold8552	AT4G24400.1	31.321	265	169	6	500	1282	13	268	7.05e-29	114
Lygodium_japonicum_scaffold8552	AT5G35410.1	31.154	260	158	7	500	1255	15	261	7.92e-26	105
Lygodium_japonicum_scaffold8552	AT1G30270.1	29.730	259	165	7	500	1255	35	283	8.81e-26	105
Lygodium_japonicum_scaffold8552	AT2G26980.4	29.870	231	145	7	500	1177	28	246	5.09e-25	102
Lygodium_japonicum_scaffold8552	AT1G01140.3	31.188	202	132	4	500	1096	23	220	2.10e-23	97.8
Lygodium_japonicum_scaffold8552	AT5G21326.1	27.068	266	183	6	497	1282	16	274	9.94e-20	86.3
Lygodium_japonicum_scaffold8572	AT1G13630.4	28.571	168	98	4	516	25	408	557	5.06e-14	63.2
Lygodium_japonicum_scaffold8572	AT1G13630.4	23.333	180	117	4	513	37	444	623	6.19e-07	42.4
Lygodium_japonicum_scaffold8572	AT1G13630.4	25.874	143	79	4	456	49	322	444	7.32e-06	39.3
Lygodium_japonicum_scaffold8564	AT1G30270.1	28.788	264	162	9	802	1551	30	281	3.61e-30	119
Lygodium_japonicum_scaffold8564	AT4G24400.1	29.921	254	168	8	802	1548	8	256	5.69e-29	114
Lygodium_japonicum_scaffold8564	AT5G21326.1	28.295	258	173	6	802	1554	12	264	1.93e-26	107
Lygodium_japonicum_scaffold8564	AT2G26980.4	28.906	256	170	8	802	1548	23	273	1.13e-25	104
Lygodium_japonicum_scaffold8564	AT1G01140.3	28.346	254	170	8	811	1551	21	269	4.57e-25	102
Lygodium_japonicum_scaffold8564	AT5G35410.1	27.016	248	171	7	802	1530	10	252	5.10e-24	99.8
Lygodium_japonicum_scaffold8638	AT1G13630.4	22.118	321	221	10	2014	1130	491	808	1.24e-12	64.7
Lygodium_japonicum_scaffold8638	AT1G13630.4	20.879	364	237	7	2035	1091	238	599	2.59e-11	60.5
Lygodium_japonicum_scaffold8638	AT3G61360.1	22.222	261	182	10	1816	1085	147	403	3.91e-08	50.1
Lygodium_japonicum_scaffold8638	AT3G61360.1	20.349	172	130	2	2029	1535	182	353	1.89e-06	44.7
Lygodium_japonicum_scaffold8638	AT4G21880.1	23.148	216	117	9	1582	959	451	625	1.51e-07	48.5
Lygodium_japonicum_scaffold8638	AT4G04790.1	26.380	163	96	7	1411	947	463	609	2.20e-07	47.8
Lygodium_japonicum_scaffold8630	AT5G35410.1	40.104	192	105	6	1815	1249	85	269	1.53e-37	139
Lygodium_japonicum_scaffold8630	AT1G30270.1	37.879	198	107	7	1815	1243	105	293	3.11e-37	139
Lygodium_japonicum_scaffold8630	AT1G01140.3	38.265	196	108	7	1815	1243	93	280	2.29e-36	135
Lygodium_japonicum_scaffold8630	AT5G21326.1	37.500	192	108	6	1815	1255	87	271	4.64e-36	134
Lygodium_japonicum_scaffold8630	AT2G26980.4	37.949	195	109	6	1812	1243	99	286	1.93e-35	133
Lygodium_japonicum_scaffold8630	AT4G24400.1	38.421	190	107	5	1815	1255	83	265	3.20e-33	126
Lygodium_japonicum_scaffold8660	AT1G69010.1	43.137	51	29	0	465	617	50	100	8.35e-08	47.4
Lygodium_japonicum_scaffold8660	AT5G08130.8	34.091	88	48	3	381	617	249	335	1.27e-06	44.3
Lygodium_japonicum_scaffold8651	AT4G28450.1	25.352	213	133	8	1078	455	107	298	3.09e-10	56.2
Lygodium_japonicum_scaffold8651	AT2G43770.1	22.543	173	112	9	1051	560	143	302	1.46e-07	47.4
Lygodium_japonicum_scaffold8651	AT2G43770.1	22.553	235	154	9	1096	392	45	251	2.86e-07	46.6
Lygodium_japonicum_scaffold8690	AT4G24400.1	28.972	214	120	7	1377	775	15	209	1.50e-15	72.8
Lygodium_japonicum_scaffold8690	AT5G35410.1	28.767	219	126	6	1377	757	17	217	3.17e-15	72.0
Lygodium_japonicum_scaffold8690	AT2G26980.4	29.596	223	139	8	1422	775	15	226	3.53e-15	72.0
Lygodium_japonicum_scaffold8690	AT1G30270.1	28.837	215	121	8	1377	775	37	233	6.91e-15	70.9
Lygodium_japonicum_scaffold8690	AT1G01140.3	29.091	220	138	8	1413	775	13	221	1.09e-14	70.5
Lygodium_japonicum_scaffold8690	AT5G21326.1	29.279	222	139	8	1419	775	5	215	2.98e-14	68.9
Lygodium_japonicum_scaffold8601	AT5G02810.1	43.133	415	195	10	316	1479	66	466	1.60e-77	263
Lygodium_japonicum_scaffold8601	AT5G02810.1	73.333	60	16	0	2405	2584	661	720	9.42e-23	98.2
Lygodium_japonicum_scaffold8601	AT5G60100.2	41.371	423	156	11	316	1479	52	417	2.71e-76	254
Lygodium_japonicum_scaffold8601	AT5G60100.2	75.472	53	11	1	2399	2557	461	511	3.71e-19	85.9
Lygodium_japonicum_scaffold8671	AT5G35410.1	33.654	208	116	8	1781	1188	11	206	4.86e-21	90.9
Lygodium_japonicum_scaffold8671	AT1G30270.1	27.609	297	162	11	1781	927	31	286	6.81e-21	90.9
Lygodium_japonicum_scaffold8671	AT2G26980.4	33.333	210	116	9	1781	1188	24	221	4.80e-19	84.7
Lygodium_japonicum_scaffold8671	AT5G21326.1	28.378	296	161	12	1781	927	13	268	1.82e-18	82.8
Lygodium_japonicum_scaffold8671	AT4G24400.1	31.250	208	121	7	1781	1188	9	204	1.89e-18	82.8
Lygodium_japonicum_scaffold8671	AT1G01140.3	30.622	209	125	7	1784	1188	18	216	5.54e-18	81.3
Lygodium_japonicum_scaffold8697	AT1G18330.2	36.538	52	27	1	1577	1422	79	124	5.63e-06	42.7
Lygodium_japonicum_scaffold8697	AT3G10113.1	36.538	52	27	1	1577	1422	68	113	5.88e-06	42.7
Lygodium_japonicum_scaffold8715	AT5G35410.1	29.412	204	125	7	564	1151	17	209	2.33e-12	63.2
Lygodium_japonicum_scaffold8715	AT1G30270.1	24.535	269	157	11	564	1301	37	282	1.29e-11	60.8
Lygodium_japonicum_scaffold8715	AT1G01140.3	25.362	276	160	11	543	1301	18	270	2.90e-10	56.6
Lygodium_japonicum_scaffold8715	AT4G24400.1	27.586	203	130	8	564	1151	15	207	9.88e-10	55.1
Lygodium_japonicum_scaffold8715	AT2G26980.4	27.962	211	121	9	564	1151	30	224	3.10e-09	53.5
Lygodium_japonicum_scaffold8715	AT5G21326.1	27.203	261	144	13	564	1298	19	249	2.48e-07	47.4
Lygodium_japonicum_scaffold8730	AT1G13630.4	19.463	447	295	11	2244	1057	168	600	2.08e-07	48.1
Lygodium_japonicum_scaffold8730	AT1G13630.4	19.634	382	275	12	2193	1123	388	762	2.00e-06	45.1
Lygodium_japonicum_scaffold8734	AT4G21880.1	27.465	142	96	3	32	448	501	638	1.74e-11	59.3
Lygodium_japonicum_scaffold8734	AT4G04790.1	24.845	161	85	5	32	511	481	606	6.62e-10	54.3
Lygodium_japonicum_scaffold8734	AT3G61360.1	28.889	90	62	2	20	283	314	403	6.81e-06	41.2
Lygodium_japonicum_scaffold8738	AT2G43770.1	28.571	98	68	2	53	343	111	207	7.78e-08	48.9
Lygodium_japonicum_scaffold8738	AT2G43770.1	36.145	83	48	2	11	250	54	134	4.47e-07	46.2
Lygodium_japonicum_scaffold8738	AT2G43770.1	35.294	51	33	0	71	223	201	251	1.57e-06	44.7
Lygodium_japonicum_scaffold8738	AT3G49180.1	32.653	49	33	0	80	226	102	150	1.96e-06	44.7
Lygodium_japonicum_scaffold8738	AT4G28450.1	40.741	54	32	0	62	223	85	138	7.70e-06	42.7
Lygodium_japonicum_scaffold8757	AT1G13630.4	21.901	242	167	7	1180	503	223	458	1.02e-09	54.3
Lygodium_japonicum_scaffold8757	AT4G21880.1	23.490	149	100	5	1144	722	499	641	1.01e-07	47.8
Lygodium_japonicum_scaffold8757	AT4G04790.1	21.192	151	109	4	1156	722	475	621	4.26e-06	42.7
Lygodium_japonicum_scaffold8766	AT4G24400.1	29.108	213	138	7	1344	724	4	209	4.64e-17	78.2
Lygodium_japonicum_scaffold8766	AT1G30270.1	32.000	200	119	8	1317	745	35	226	7.30e-17	77.8
Lygodium_japonicum_scaffold8766	AT5G35410.1	30.542	203	128	7	1344	754	6	201	3.16e-16	75.5
Lygodium_japonicum_scaffold8766	AT2G26980.4	30.317	221	135	9	1356	724	15	226	2.22e-15	72.8
Lygodium_japonicum_scaffold8766	AT1G01140.3	30.952	210	118	8	1332	745	18	214	1.25e-14	70.5
Lygodium_japonicum_scaffold8766	AT5G21326.1	31.019	216	124	9	1353	745	5	208	1.46e-13	67.0
Lygodium_japonicum_scaffold8768	AT4G24400.1	29.493	217	140	6	784	1419	13	221	8.01e-16	74.3
Lygodium_japonicum_scaffold8768	AT5G35410.1	32.093	215	125	10	784	1401	15	217	1.96e-15	73.2
Lygodium_japonicum_scaffold8768	AT1G30270.1	27.885	208	133	7	784	1383	35	233	9.93e-15	71.2
Lygodium_japonicum_scaffold8768	AT1G01140.3	26.699	206	138	6	784	1383	23	221	3.25e-13	66.2
Lygodium_japonicum_scaffold8768	AT2G26980.4	25.100	251	166	9	784	1494	28	270	3.64e-13	65.9
Lygodium_japonicum_scaffold8768	AT5G21326.1	26.991	226	146	7	784	1443	17	229	4.41e-12	62.4
Lygodium_japonicum_scaffold8780	AT1G30270.1	29.520	271	171	6	942	1739	28	283	1.41e-29	117
Lygodium_japonicum_scaffold8780	AT2G26980.4	31.020	245	151	6	1014	1739	47	276	2.78e-29	115
Lygodium_japonicum_scaffold8780	AT4G24400.1	30.000	270	171	6	939	1739	5	259	7.36e-28	111
Lygodium_japonicum_scaffold8780	AT1G01140.3	28.571	273	171	8	942	1739	16	271	1.08e-26	108
Lygodium_japonicum_scaffold8780	AT5G21326.1	29.508	244	156	5	1014	1739	36	265	1.40e-26	107
Lygodium_japonicum_scaffold8780	AT5G35410.1	33.155	187	114	4	1014	1571	34	210	3.45e-25	103
Lygodium_japonicum_scaffold8793	AT4G24400.1	31.492	181	111	4	949	1476	84	256	3.72e-24	99.8
Lygodium_japonicum_scaffold8793	AT1G30270.1	25.979	281	177	7	655	1482	28	282	1.27e-22	95.5
Lygodium_japonicum_scaffold8793	AT2G26980.4	25.246	305	179	9	589	1476	9	273	7.28e-20	86.7
Lygodium_japonicum_scaffold8793	AT5G21326.1	25.882	255	156	7	730	1479	37	263	2.05e-19	85.1
Lygodium_japonicum_scaffold8793	AT1G01140.3	23.897	272	176	7	682	1482	25	270	5.14e-17	77.8
Lygodium_japonicum_scaffold8793	AT5G35410.1	23.111	225	138	7	802	1458	57	252	6.17e-16	74.3
Lygodium_japonicum_scaffold8805	AT1G13630.4	21.603	287	212	6	479	1306	318	602	1.72e-11	61.6
Lygodium_japonicum_scaffold8805	AT1G13630.4	18.707	294	217	5	431	1249	513	805	3.10e-09	45.8
Lygodium_japonicum_scaffold8805	AT1G13630.4	25.316	79	55	1	178	402	428	506	3.10e-09	28.5
Lygodium_japonicum_scaffold8805	AT4G04790.1	18.894	217	154	5	857	1465	413	621	1.46e-07	48.9
Lygodium_japonicum_scaffold8805	AT4G04790.1	21.182	203	147	5	608	1189	430	628	2.74e-07	47.8
Lygodium_japonicum_scaffold8805	AT4G21880.1	18.386	223	168	4	857	1495	433	651	8.05e-06	43.1
Lygodium_japonicum_scaffold8808	AT1G30270.1	28.571	210	132	8	1668	1066	28	228	1.30e-11	61.6
Lygodium_japonicum_scaffold8808	AT5G35410.1	26.316	209	136	7	1668	1066	8	206	6.55e-11	59.3
Lygodium_japonicum_scaffold8808	AT2G26980.4	27.358	212	132	7	1668	1066	21	221	8.97e-10	55.5
Lygodium_japonicum_scaffold8808	AT1G01140.3	26.442	208	139	6	1668	1066	16	216	9.70e-10	55.5
Lygodium_japonicum_scaffold8808	AT4G24400.1	24.528	212	136	7	1668	1066	6	204	1.73e-09	54.7
Lygodium_japonicum_scaffold8808	AT5G21326.1	29.108	213	127	8	1668	1066	10	210	1.98e-09	54.3
Lygodium_japonicum_scaffold8829	AT5G64940.1	28.535	396	266	6	1622	471	228	618	3.52e-42	157
Lygodium_japonicum_scaffold8832	AT1G30270.1	37.906	277	153	10	1820	1008	30	293	3.96e-50	179
Lygodium_japonicum_scaffold8832	AT1G01140.3	36.364	275	158	9	1817	1008	19	281	4.50e-45	163
Lygodium_japonicum_scaffold8832	AT5G35410.1	36.567	268	155	9	1820	1026	10	265	6.80e-45	162
Lygodium_japonicum_scaffold8832	AT2G26980.4	35.379	277	162	9	1820	1005	23	287	3.42e-44	160
Lygodium_japonicum_scaffold8832	AT5G21326.1	36.131	274	158	9	1820	1014	12	273	6.75e-44	159
Lygodium_japonicum_scaffold8832	AT4G24400.1	36.431	269	150	10	1820	1032	8	261	8.13e-42	153
Lygodium_japonicum_scaffold8858	AT1G02120.1	23.560	382	256	8	107	1156	63	440	2.30e-22	95.1
Lygodium_japonicum_scaffold8863	AT1G13630.4	22.727	154	113	3	463	17	405	557	4.56e-09	49.7
Lygodium_japonicum_scaffold8863	AT1G13630.4	24.359	156	100	5	445	29	516	670	4.42e-07	43.9
Lygodium_japonicum_scaffold8863	AT4G21880.1	26.573	143	97	5	439	26	501	640	3.15e-08	47.4
Lygodium_japonicum_scaffold8862	AT1G05160.1	21.862	247	161	5	874	1611	246	461	4.24e-13	65.9
Lygodium_japonicum_scaffold8862	AT2G32440.1	21.569	204	128	5	1009	1611	284	458	6.60e-10	55.8
Lygodium_japonicum_scaffold8887	AT1G13630.4	25.786	159	101	4	486	40	301	452	1.53e-07	44.7
Lygodium_japonicum_scaffold8887	AT4G21880.1	23.846	130	91	4	468	88	501	625	2.19e-07	43.9
Lygodium_japonicum_scaffold8887	AT3G61360.1	21.429	168	123	3	522	40	192	357	8.82e-06	39.3
Lygodium_japonicum_scaffold8897	AT1G13630.4	22.222	234	170	4	1913	1227	381	607	3.65e-10	56.6
Lygodium_japonicum_scaffold8897	AT4G21880.1	28.682	129	85	3	1496	1119	501	625	4.81e-08	49.7
Lygodium_japonicum_scaffold8897	AT4G04790.1	24.841	157	106	4	1496	1044	481	631	1.24e-06	45.4
Lygodium_japonicum_scaffold8893	AT2G43770.1	24.171	211	132	9	1573	995	49	249	1.82e-12	63.2
Lygodium_japonicum_scaffold8893	AT2G43770.1	27.891	147	88	7	1288	878	67	205	7.63e-10	55.1
Lygodium_japonicum_scaffold8893	AT3G49180.1	23.894	226	139	8	1363	746	19	231	2.53e-06	44.3
Lygodium_japonicum_scaffold8932	AT2G35635.1	32.450	151	98	3	2020	1568	1	147	1.12e-17	75.1
Lygodium_japonicum_scaffold8932	AT2G35635.1	31.507	73	49	1	1783	1565	1	72	7.61e-07	43.9
Lygodium_japonicum_scaffold8932	AT1G31340.1	32.450	151	98	3	2020	1568	1	147	1.22e-17	75.1
Lygodium_japonicum_scaffold8932	AT1G31340.1	31.507	73	49	1	1783	1565	1	72	7.35e-07	43.9
Lygodium_japonicum_scaffold8932	AT1G11980.1	33.871	62	40	1	1978	1793	13	73	4.28e-06	39.7
Lygodium_japonicum_scaffold8943	AT1G13630.4	22.321	224	165	5	155	802	410	632	7.16e-09	52.4
Lygodium_japonicum_scaffold8952	AT4G15233.1	25.510	196	112	9	1164	640	819	1001	2.71e-08	50.4
Lygodium_japonicum_scaffold8952	AT4G15236.1	25.397	189	121	8	1164	640	817	999	3.36e-08	50.1
Lygodium_japonicum_scaffold8952	AT2G37280.3	27.136	199	119	8	1185	640	862	1051	4.26e-08	49.7
Lygodium_japonicum_scaffold8952	AT4G15215.11	28.182	110	69	4	942	640	898	1006	2.27e-06	44.3
Lygodium_japonicum_scaffold8952	AT4G15230.1	24.339	189	123	6	1164	640	827	1009	3.48e-06	43.5
Lygodium_japonicum_scaffold8952	AT3G53480.1	25.521	192	117	8	1164	640	877	1059	7.28e-06	42.7
Lygodium_japonicum_scaffold8949	AT1G30270.1	30.350	257	164	8	1130	384	33	282	2.64e-27	110
Lygodium_japonicum_scaffold8949	AT4G24400.1	29.644	253	165	8	1130	390	11	256	6.12e-26	105
Lygodium_japonicum_scaffold8949	AT5G35410.1	31.395	258	150	11	1130	396	13	256	6.77e-26	105
Lygodium_japonicum_scaffold8949	AT1G01140.3	29.845	258	164	9	1130	384	21	270	1.19e-24	101
Lygodium_japonicum_scaffold8949	AT2G26980.4	29.845	258	164	9	1130	384	26	275	1.91e-23	98.2
Lygodium_japonicum_scaffold8949	AT5G21326.1	30.469	256	161	9	1130	390	15	262	4.62e-23	96.7
Lygodium_japonicum_scaffold8963	AT3G17920.1	28.077	260	178	5	246	1013	722	976	5.75e-27	107
Lygodium_japonicum_scaffold8963	AT1G48540.1	27.636	275	170	7	246	1004	788	1055	8.86e-26	104
Lygodium_japonicum_scaffold8983	AT1G13630.4	19.517	538	359	11	3080	1677	231	764	2.26e-18	84.3
Lygodium_japonicum_scaffold8983	AT1G13630.4	20.536	336	239	10	3185	2256	442	775	3.40e-06	44.7
Lygodium_japonicum_scaffold8983	AT3G61360.1	21.364	220	161	5	3182	2559	134	353	4.36e-09	53.9
Lygodium_japonicum_scaffold8983	AT3G61360.1	19.905	211	159	4	2417	1812	192	401	2.36e-06	45.1
Lygodium_japonicum_scaffold8983	AT4G21880.1	23.429	175	126	4	2678	2169	497	668	2.83e-06	45.1
Lygodium_japonicum_scaffold9008	AT1G13630.4	23.923	209	125	3	891	277	363	541	8.14e-11	56.6
Lygodium_japonicum_scaffold9008	AT1G13630.4	21.818	220	129	3	909	274	428	612	4.69e-10	54.3
Lygodium_japonicum_scaffold9008	AT1G13630.4	26.230	122	85	2	663	313	338	459	8.04e-06	41.2
Lygodium_japonicum_scaffold9008	AT4G21880.1	28.966	145	92	5	684	265	492	630	3.65e-08	48.5
Lygodium_japonicum_scaffold8931	AT2G32440.1	28.528	326	209	9	1450	497	155	464	1.56e-26	107
Lygodium_japonicum_scaffold8931	AT1G05160.1	26.380	326	218	9	1450	497	156	467	1.40e-20	89.4
Lygodium_japonicum_scaffold9014	AT1G69010.1	31.618	136	81	4	1482	1081	4	129	1.47e-09	54.3
Lygodium_japonicum_scaffold9014	AT5G08130.8	38.947	95	46	4	1452	1171	250	333	5.06e-09	53.5
Lygodium_japonicum_scaffold9047	AT4G21880.1	29.032	93	66	0	7	285	501	593	3.20e-10	52.0
Lygodium_japonicum_scaffold9047	AT4G21880.1	27.692	65	44	1	308	502	501	562	1.18e-06	41.6
Lygodium_japonicum_scaffold9047	AT4G04790.1	28.235	85	60	1	16	270	485	568	9.59e-08	44.7
Lygodium_japonicum_scaffold9029	AT1G30270.1	26.154	195	136	5	2172	1603	37	228	3.71e-11	60.1
Lygodium_japonicum_scaffold9029	AT2G26980.4	27.536	207	140	6	2172	1570	30	232	8.27e-10	55.5
Lygodium_japonicum_scaffold9029	AT1G01140.3	25.604	207	146	5	2193	1588	18	221	1.19e-09	55.1
Lygodium_japonicum_scaffold9029	AT5G35410.1	25.773	194	136	6	2172	1603	17	206	2.30e-09	54.3
Lygodium_japonicum_scaffold9029	AT5G21326.1	30.102	196	127	6	2172	1603	19	210	2.11e-08	51.2
Lygodium_japonicum_scaffold9029	AT4G24400.1	24.121	199	143	5	2172	1588	15	209	1.15e-07	48.9
Lygodium_japonicum_scaffold9056	AT1G13630.4	30.488	82	56	1	483	238	518	598	7.83e-07	42.0
Lygodium_japonicum_scaffold9058	AT1G13630.4	25.000	164	108	6	2164	1715	487	649	1.52e-08	49.7
Lygodium_japonicum_scaffold9058	AT1G13630.4	58.333	12	5	0	1667	1632	675	686	1.52e-08	21.9
Lygodium_japonicum_scaffold9065	AT2G43770.1	38.806	67	36	3	22	222	277	338	2.43e-06	44.3
Lygodium_japonicum_scaffold9065	AT2G43770.1	25.000	108	78	3	1340	1660	144	249	6.08e-06	43.1
Lygodium_japonicum_scaffold9079	AT1G13630.4	23.232	396	219	7	6	1031	345	709	4.66e-24	102
Lygodium_japonicum_scaffold9079	AT1G13630.4	22.400	250	186	4	261	992	224	471	1.23e-12	65.1
Lygodium_japonicum_scaffold9079	AT4G04790.1	26.296	270	169	10	246	1022	327	577	2.72e-15	73.9
Lygodium_japonicum_scaffold9079	AT4G04790.1	26.190	126	81	3	12	371	486	605	3.95e-07	47.4
Lygodium_japonicum_scaffold9079	AT3G61360.1	22.308	260	188	5	231	974	150	407	4.26e-13	66.2
Lygodium_japonicum_scaffold9079	AT4G21880.1	25.214	234	157	8	303	971	358	584	3.98e-10	57.0
Lygodium_japonicum_scaffold9079	AT4G21880.1	25.781	128	87	3	3	374	503	626	1.96e-08	51.6
Lygodium_japonicum_scaffold9111	AT1G13630.4	23.649	296	194	10	1736	927	474	763	6.87e-13	65.5
Lygodium_japonicum_scaffold9111	AT1G13630.4	22.280	193	143	4	1625	1062	409	599	6.16e-10	55.8
Lygodium_japonicum_scaffold9111	AT1G13630.4	22.500	160	91	4	1670	1191	255	381	3.09e-06	43.9
Lygodium_japonicum_scaffold9111	AT4G21880.1	21.673	263	183	8	1667	912	380	630	2.45e-09	53.9
Lygodium_japonicum_scaffold9111	AT4G04790.1	23.077	260	183	8	1667	912	360	610	9.59e-09	52.0
Lygodium_japonicum_scaffold9121	AT1G13630.4	24.204	157	110	3	1037	591	494	649	8.57e-12	60.5
Lygodium_japonicum_scaffold9121	AT1G13630.4	23.077	130	94	3	1067	693	308	436	3.02e-06	42.7
Lygodium_japonicum_scaffold9121	AT4G04790.1	23.387	124	88	4	1073	702	452	568	6.84e-06	41.6
Lygodium_japonicum_scaffold9123	AT3G22110.1	37.186	199	121	3	1508	915	5	200	1.50e-38	136
Lygodium_japonicum_scaffold9123	AT4G15165.1	30.653	199	92	4	1508	915	5	158	2.13e-23	92.4
Lygodium_japonicum_scaffold9151	AT3G66658.2	68.237	573	177	3	2168	459	1	571	0.0	793
Lygodium_japonicum_scaffold9153	AT1G13630.4	19.048	567	398	11	2916	1303	224	758	2.24e-15	75.1
Lygodium_japonicum_scaffold9153	AT1G13630.4	19.600	500	339	11	3234	1882	282	767	6.16e-14	70.1
Lygodium_japonicum_scaffold9153	AT1G13630.4	20.053	379	271	11	3453	2401	420	794	2.77e-07	48.5
Lygodium_japonicum_scaffold9153	AT4G21880.1	23.051	295	205	6	2370	1540	352	642	2.65e-11	61.6
Lygodium_japonicum_scaffold9153	AT4G04790.1	20.761	289	203	6	2346	1540	340	622	4.72e-09	54.3
Lygodium_japonicum_scaffold9153	AT4G04790.1	19.397	232	148	6	2568	1888	410	607	6.92e-09	53.9
Lygodium_japonicum_scaffold9153	AT4G04790.1	21.198	217	148	6	1629	1018	387	593	8.26e-07	47.0
Lygodium_japonicum_scaffold9153	AT3G61360.1	23.790	248	153	9	2601	1882	198	417	6.37e-09	53.5
Lygodium_japonicum_scaffold9153	AT3G61360.1	21.472	163	119	2	2319	1858	191	353	3.51e-06	44.7
Lygodium_japonicum_scaffold9210	AT4G22140.1	35.556	45	29	0	768	634	151	195	5.80e-07	44.7
Lygodium_japonicum_scaffold9210	AT4G39100.1	32.653	49	32	1	780	634	141	188	6.26e-06	41.6
Lygodium_japonicum_scaffold9222	AT1G30270.1	69.393	428	125	4	635	1903	28	454	0.0	614
Lygodium_japonicum_scaffold9222	AT1G01140.3	67.273	440	136	4	608	1909	7	444	0.0	606
Lygodium_japonicum_scaffold9222	AT2G26980.4	65.654	428	146	1	623	1906	17	443	0.0	585
Lygodium_japonicum_scaffold9222	AT5G21326.1	64.965	431	150	1	611	1903	2	431	0.0	583
Lygodium_japonicum_scaffold9222	AT4G24400.1	58.411	428	174	3	623	1900	2	427	1.13e-176	508
Lygodium_japonicum_scaffold9222	AT5G35410.1	56.206	427	182	3	632	1903	7	431	1.33e-174	503
Lygodium_japonicum_scaffold9246	AT1G13630.4	17.742	248	192	3	1298	582	368	612	4.04e-10	55.5
Lygodium_japonicum_scaffold9246	AT4G21880.1	26.724	116	70	2	866	519	501	601	3.78e-08	49.3
Lygodium_japonicum_scaffold9246	AT4G04790.1	24.510	102	68	2	866	561	481	573	9.90e-08	48.1
Lygodium_japonicum_scaffold9251	AT1G30270.1	40.506	79	46	1	84	317	150	228	4.96e-11	58.9
Lygodium_japonicum_scaffold9251	AT1G01140.3	36.905	84	42	2	84	317	138	216	6.54e-10	55.5
Lygodium_japonicum_scaffold9251	AT5G35410.1	40.000	90	48	4	54	317	121	206	7.92e-10	55.1
Lygodium_japonicum_scaffold9251	AT2G26980.4	34.906	106	58	3	84	371	143	247	1.56e-09	54.3
Lygodium_japonicum_scaffold9251	AT5G21326.1	40.000	80	45	2	84	317	132	210	3.02e-09	53.1
Lygodium_japonicum_scaffold9251	AT4G24400.1	39.080	87	43	4	72	317	123	204	3.05e-09	53.1
Lygodium_japonicum_scaffold9254	AT5G14285.1	37.339	233	140	4	216	902	18	248	5.56e-46	154
Lygodium_japonicum_scaffold9254	AT3G25950.1	38.115	244	141	5	186	890	7	249	9.90e-46	154
Lygodium_japonicum_scaffold9254	AT3G27270.2	33.182	220	142	3	216	860	15	234	9.72e-34	122
Lygodium_japonicum_scaffold9256	AT4G21880.1	25.714	140	96	4	427	23	501	637	4.38e-08	47.0
Lygodium_japonicum_scaffold9256	AT1G13630.4	22.222	144	108	1	424	5	414	557	2.90e-06	41.2
Lygodium_japonicum_scaffold9256	AT1G13630.4	27.160	162	92	6	427	5	518	674	7.28e-06	40.0
Lygodium_japonicum_scaffold9256	AT3G61360.1	22.917	144	103	3	430	17	212	353	6.08e-06	40.0
Lygodium_japonicum_scaffold9256	AT4G04790.1	25.352	142	94	4	427	23	481	617	6.34e-06	40.4
Lygodium_japonicum_scaffold9263	AT1G13630.4	20.442	181	137	2	547	17	416	593	1.24e-08	47.8
Lygodium_japonicum_scaffold9263	AT1G13630.4	22.843	197	126	6	559	8	306	489	1.88e-08	47.4
Lygodium_japonicum_scaffold9275	AT1G30270.1	23.711	194	127	7	654	1208	47	228	6.28e-08	49.3
Lygodium_japonicum_scaffold9275	AT2G26980.4	26.257	179	111	7	693	1208	57	221	7.34e-08	48.9
Lygodium_japonicum_scaffold9275	AT1G01140.3	27.638	199	113	9	654	1208	35	216	1.07e-06	45.1
Lygodium_japonicum_scaffold9275	AT4G24400.1	24.272	206	129	6	609	1208	20	204	1.35e-06	45.1
Lygodium_japonicum_scaffold9275	AT5G21326.1	25.424	177	115	7	693	1208	46	210	2.90e-06	43.9
Lygodium_japonicum_scaffold9275	AT5G35410.1	24.138	174	119	5	693	1208	44	206	9.09e-06	42.4
Lygodium_japonicum_scaffold9276	AT1G30270.1	23.711	194	127	7	654	1208	47	228	7.18e-08	49.3
Lygodium_japonicum_scaffold9276	AT2G26980.4	26.257	179	111	7	693	1208	57	221	8.38e-08	48.9
Lygodium_japonicum_scaffold9276	AT1G01140.3	27.638	199	113	9	654	1208	35	216	1.22e-06	45.1
Lygodium_japonicum_scaffold9276	AT4G24400.1	24.272	206	129	6	609	1208	20	204	1.54e-06	45.1
Lygodium_japonicum_scaffold9276	AT5G21326.1	25.424	177	115	7	693	1208	46	210	3.29e-06	43.9
Lygodium_japonicum_scaffold9295	AT1G13630.4	20.665	421	233	11	70	1077	224	628	1.37e-07	48.1
Lygodium_japonicum_scaffold9335	AT1G13630.4	22.513	191	143	2	1019	459	410	599	1.27e-10	56.6
Lygodium_japonicum_scaffold9332	AT5G35410.1	31.138	167	94	6	1706	1227	57	209	3.47e-14	68.6
Lygodium_japonicum_scaffold9332	AT1G30270.1	26.471	170	108	6	1706	1215	77	235	2.40e-10	56.6
Lygodium_japonicum_scaffold9332	AT4G24400.1	28.834	163	103	6	1706	1227	55	207	4.43e-10	55.8
Lygodium_japonicum_scaffold9332	AT2G26980.4	28.000	175	112	7	1727	1215	64	228	3.81e-09	52.8
Lygodium_japonicum_scaffold9332	AT1G01140.3	25.904	166	106	6	1706	1227	65	219	1.66e-08	50.8
Lygodium_japonicum_scaffold9332	AT5G21326.1	28.000	175	112	7	1727	1215	53	217	3.21e-08	49.7
Lygodium_japonicum_scaffold9345	AT3G03060.1	26.606	218	135	11	512	1108	389	600	5.53e-11	58.2
Lygodium_japonicum_scaffold9345	AT4G36580.1	29.104	134	90	3	512	898	385	518	7.51e-10	54.7
Lygodium_japonicum_scaffold9345	AT2G18330.1	29.710	138	84	6	512	898	388	521	1.28e-09	53.9
Lygodium_japonicum_scaffold9345	AT5G16930.1	30.435	138	83	5	512	898	401	534	4.68e-09	52.0
Lygodium_japonicum_scaffold9344	AT3G03060.1	26.606	218	135	11	512	1108	389	600	5.90e-11	58.2
Lygodium_japonicum_scaffold9344	AT4G36580.1	29.104	134	90	3	512	898	385	518	7.98e-10	54.7
Lygodium_japonicum_scaffold9344	AT2G18330.1	29.710	138	84	6	512	898	388	521	1.36e-09	53.9
Lygodium_japonicum_scaffold9344	AT5G16930.1	30.435	138	83	5	512	898	401	534	4.96e-09	52.0
Lygodium_japonicum_scaffold9306	AT2G18330.1	27.536	138	92	5	1772	1362	386	516	3.56e-09	53.9
Lygodium_japonicum_scaffold9306	AT4G36580.1	27.536	138	92	5	1772	1362	383	513	5.40e-09	53.5
Lygodium_japonicum_scaffold9306	AT3G03060.1	28.105	153	96	7	1772	1326	387	529	1.50e-08	52.0
Lygodium_japonicum_scaffold9306	AT5G16930.1	26.000	150	103	5	1772	1326	399	541	3.02e-08	50.8
Lygodium_japonicum_scaffold9355	AT1G01140.3	27.027	222	139	8	630	1265	18	226	3.26e-15	72.4
Lygodium_japonicum_scaffold9355	AT2G26980.4	26.754	228	146	8	609	1265	16	231	4.37e-15	72.0
Lygodium_japonicum_scaffold9355	AT1G30270.1	27.103	214	133	8	651	1262	37	237	9.12e-15	70.9
Lygodium_japonicum_scaffold9355	AT5G35410.1	28.000	225	143	8	603	1256	1	213	1.99e-14	69.7
Lygodium_japonicum_scaffold9355	AT4G24400.1	26.906	223	136	9	618	1253	4	210	8.31e-14	67.8
Lygodium_japonicum_scaffold9355	AT5G21326.1	25.641	234	141	8	609	1265	5	220	7.02e-13	65.1
Lygodium_japonicum_scaffold9375	AT1G30270.1	40.000	80	40	4	27	260	150	223	4.44e-09	51.2
Lygodium_japonicum_scaffold9375	AT1G01140.3	40.000	80	40	4	27	260	138	211	1.00e-08	50.1
Lygodium_japonicum_scaffold9375	AT4G24400.1	39.024	82	34	4	27	257	128	198	1.28e-08	49.7
Lygodium_japonicum_scaffold9375	AT2G26980.4	38.554	83	35	4	27	257	143	215	2.32e-08	48.9
Lygodium_japonicum_scaffold9375	AT5G21326.1	38.750	80	41	4	27	260	132	205	8.67e-08	47.0
Lygodium_japonicum_scaffold9375	AT5G35410.1	35.294	85	41	2	27	269	130	204	1.52e-07	46.2
Lygodium_japonicum_scaffold9379	AT4G21880.1	23.529	119	85	3	1221	871	494	608	6.39e-07	46.2
Lygodium_japonicum_scaffold9379	AT4G04790.1	23.932	234	134	9	1194	613	413	642	2.33e-06	44.3
Lygodium_japonicum_scaffold9379	AT3G61360.1	19.101	267	202	7	1710	943	141	404	5.95e-06	42.7
Lygodium_japonicum_scaffold9418	AT1G13630.4	26.257	179	119	5	515	9	410	585	6.77e-13	59.7
Lygodium_japonicum_scaffold9418	AT1G13630.4	23.392	171	120	3	515	33	304	473	3.11e-09	49.3
Lygodium_japonicum_scaffold9418	AT1G13630.4	25.000	148	102	2	512	96	340	487	2.02e-08	46.6
Lygodium_japonicum_scaffold9418	AT3G61360.1	24.713	174	112	5	515	27	210	375	1.20e-07	44.3
Lygodium_japonicum_scaffold9422	AT1G30270.1	35.484	93	55	3	4	267	141	233	1.74e-08	49.7
Lygodium_japonicum_scaffold9422	AT2G26980.4	38.462	91	51	3	4	261	134	224	3.56e-08	48.5
Lygodium_japonicum_scaffold9422	AT4G24400.1	35.165	91	52	3	4	261	119	207	6.16e-08	47.8
Lygodium_japonicum_scaffold9422	AT1G01140.3	35.165	91	54	3	4	261	129	219	1.60e-07	46.6
Lygodium_japonicum_scaffold9422	AT5G21326.1	35.484	93	55	3	4	267	123	215	1.75e-07	46.2
Lygodium_japonicum_scaffold9438	AT1G13630.4	23.487	413	298	6	2192	993	344	751	9.97e-30	120
Lygodium_japonicum_scaffold9438	AT1G13630.4	21.145	454	304	7	2216	1008	366	816	7.79e-23	98.6
Lygodium_japonicum_scaffold9438	AT1G13630.4	23.249	357	265	5	2042	978	220	569	1.20e-22	97.8
Lygodium_japonicum_scaffold9438	AT1G13630.4	22.464	276	214	0	1790	963	264	539	4.20e-20	89.7
Lygodium_japonicum_scaffold9438	AT1G13630.4	20.942	191	143	2	1550	978	176	358	9.51e-07	46.2
Lygodium_japonicum_scaffold9438	AT4G04790.1	24.390	164	119	3	2081	1590	447	605	2.73e-14	70.9
Lygodium_japonicum_scaffold9438	AT3G61360.1	22.015	268	199	5	1766	978	179	441	1.90e-12	64.3
Lygodium_japonicum_scaffold9438	AT3G61360.1	18.671	316	234	7	1871	963	106	411	4.29e-11	60.1
Lygodium_japonicum_scaffold9438	AT3G61360.1	25.385	260	148	7	2066	1308	181	401	5.26e-09	53.5
Lygodium_japonicum_scaffold9438	AT4G21880.1	19.835	242	183	4	2075	1359	399	632	1.06e-07	49.3
Lygodium_japonicum_scaffold9438	AT4G21880.1	25.000	120	89	1	1361	1002	425	543	6.13e-07	47.0
Lygodium_japonicum_scaffold9444	AT4G21880.1	27.206	136	93	3	233	631	494	626	1.85e-09	55.1
Lygodium_japonicum_scaffold9444	AT1G13630.4	19.500	200	150	3	143	709	407	606	7.70e-08	49.7
Lygodium_japonicum_scaffold9456	AT3G61150.1	32.836	67	45	0	850	1050	120	186	1.07e-06	45.8
Lygodium_japonicum_scaffold9456	AT4G00730.1	31.343	67	46	0	850	1050	144	210	5.65e-06	43.1
Lygodium_japonicum_scaffold9360	AT3G66658.2	28.931	477	311	9	254	1630	62	528	4.91e-53	188
Lygodium_japonicum_scaffold9476	AT1G13630.4	17.521	468	332	7	1941	607	184	620	2.65e-15	73.6
Lygodium_japonicum_scaffold9476	AT1G13630.4	23.462	439	264	16	2043	826	368	767	1.69e-11	61.2
Lygodium_japonicum_scaffold9476	AT4G21880.1	28.395	162	102	5	1899	1441	470	626	2.42e-09	54.3
Lygodium_japonicum_scaffold9476	AT4G21880.1	21.339	239	178	4	1701	1006	435	670	8.78e-08	49.3
Lygodium_japonicum_scaffold9476	AT4G21880.1	26.429	140	95	4	1212	808	501	637	8.78e-08	49.3
Lygodium_japonicum_scaffold9489	AT4G04790.1	21.154	156	116	4	18	476	481	632	3.61e-06	43.9
Lygodium_japonicum_scaffold9490	AT4G04790.1	21.154	156	116	4	18	476	481	632	3.78e-06	43.9
Lygodium_japonicum_scaffold9495	AT5G21326.1	27.397	292	169	10	1419	559	17	270	4.85e-23	95.9
Lygodium_japonicum_scaffold9495	AT1G01140.3	31.313	198	126	5	1419	838	23	214	1.79e-22	94.4
Lygodium_japonicum_scaffold9495	AT1G30270.1	33.166	199	121	7	1419	838	35	226	4.43e-22	93.6
Lygodium_japonicum_scaffold9495	AT5G35410.1	29.557	203	132	6	1419	823	15	210	6.96e-22	92.4
Lygodium_japonicum_scaffold9495	AT2G26980.4	32.663	199	122	7	1419	838	28	219	8.95e-22	92.4
Lygodium_japonicum_scaffold9495	AT4G24400.1	30.808	198	125	7	1419	838	13	202	1.20e-21	91.7
Lygodium_japonicum_scaffold9507	AT3G49180.1	29.747	158	84	7	975	529	67	206	2.17e-08	49.7
Lygodium_japonicum_scaffold9507	AT3G49180.1	26.627	169	93	6	1200	718	189	334	2.42e-07	46.6
Lygodium_japonicum_scaffold9507	AT2G43770.1	21.719	221	139	6	1197	541	111	299	4.16e-07	45.4
Lygodium_japonicum_scaffold9507	AT2G43770.1	31.967	122	70	5	960	601	50	160	6.02e-07	45.1
Lygodium_japonicum_scaffold9504	AT1G30270.1	58.730	126	51	1	19	396	330	454	6.22e-43	149
Lygodium_japonicum_scaffold9504	AT5G21326.1	49.242	132	65	2	7	402	304	433	7.47e-37	132
Lygodium_japonicum_scaffold9504	AT1G01140.3	52.273	132	58	2	16	399	313	443	9.99e-37	132
Lygodium_japonicum_scaffold9504	AT2G26980.4	50.000	132	64	2	7	402	315	444	4.57e-35	127
Lygodium_japonicum_scaffold9504	AT5G35410.1	43.284	134	75	1	7	408	303	435	1.64e-33	123
Lygodium_japonicum_scaffold9504	AT4G24400.1	37.984	129	79	1	7	393	300	427	3.56e-26	102
Lygodium_japonicum_scaffold9510	AT3G53480.1	29.845	258	166	5	2082	1327	919	1167	6.80e-29	117
Lygodium_japonicum_scaffold9510	AT3G53480.1	29.870	231	131	7	2085	1480	231	459	6.32e-20	88.6
Lygodium_japonicum_scaffold9510	AT4G15215.11	33.010	206	128	3	2082	1483	866	1067	1.74e-27	112
Lygodium_japonicum_scaffold9510	AT4G15215.11	27.700	213	125	6	2034	1480	212	423	2.25e-17	80.5
Lygodium_japonicum_scaffold9510	AT2G37280.3	31.507	219	140	4	2082	1444	911	1125	2.70e-27	112
Lygodium_japonicum_scaffold9510	AT2G37280.3	28.311	219	118	6	2037	1480	241	453	1.37e-18	84.3
Lygodium_japonicum_scaffold9510	AT4G15236.1	31.553	206	131	3	2082	1483	859	1060	2.85e-27	112
Lygodium_japonicum_scaffold9510	AT4G15236.1	28.017	232	136	8	2088	1480	194	423	1.05e-14	71.6
Lygodium_japonicum_scaffold9510	AT4G15233.1	31.553	206	131	3	2082	1483	861	1062	4.59e-27	111
Lygodium_japonicum_scaffold9510	AT4G15233.1	28.017	232	136	8	2088	1480	196	425	1.05e-14	71.6
Lygodium_japonicum_scaffold9510	AT4G15230.1	32.039	206	130	3	2082	1483	869	1070	8.38e-27	110
Lygodium_japonicum_scaffold9510	AT4G15230.1	26.522	230	138	7	2082	1480	199	426	2.54e-16	77.0
Lygodium_japonicum_scaffold9524	AT4G04790.1	22.177	248	162	9	11	694	481	717	1.45e-09	53.9
Lygodium_japonicum_scaffold9524	AT4G21880.1	21.711	152	97	3	11	433	501	641	8.46e-09	51.6
Lygodium_japonicum_scaffold9524	AT1G13630.4	21.673	263	192	7	5	760	340	599	6.00e-08	48.9
Lygodium_japonicum_scaffold9524	AT1G13630.4	19.340	212	163	3	14	628	414	624	9.68e-07	45.1
Lygodium_japonicum_scaffold9491	AT2G35635.1	100.000	18	0	0	291	238	59	76	5.27e-07	41.6
Lygodium_japonicum_scaffold9491	AT1G31340.1	100.000	18	0	0	291	238	59	76	6.25e-07	41.2
Lygodium_japonicum_scaffold9526	AT1G30270.1	29.297	256	167	7	420	1160	30	280	3.97e-29	115
Lygodium_japonicum_scaffold9526	AT1G01140.3	29.368	269	162	8	426	1157	20	285	5.79e-29	114
Lygodium_japonicum_scaffold9526	AT2G26980.4	31.220	205	133	5	420	1013	23	226	7.86e-29	114
Lygodium_japonicum_scaffold9526	AT4G24400.1	29.557	203	137	5	420	1013	8	209	4.45e-26	105
Lygodium_japonicum_scaffold9526	AT5G21326.1	30.244	205	135	5	420	1013	12	215	5.12e-25	102
Lygodium_japonicum_scaffold9526	AT5G35410.1	30.049	203	136	5	420	1013	10	211	5.61e-25	102
Lygodium_japonicum_scaffold9540	AT1G13630.4	24.793	121	85	3	617	964	513	632	2.00e-07	47.8
Lygodium_japonicum_scaffold9555	AT1G13630.4	26.446	242	147	6	2133	1501	364	605	2.97e-11	60.5
Lygodium_japonicum_scaffold9555	AT1G13630.4	20.455	264	193	7	2211	1450	515	771	5.35e-08	50.1
Lygodium_japonicum_scaffold9555	AT4G21880.1	24.490	147	103	3	1662	1237	497	640	8.38e-08	49.3
Lygodium_japonicum_scaffold9565	AT3G61360.1	22.388	201	143	7	1	573	233	430	1.29e-08	50.4
Lygodium_japonicum_scaffold9565	AT1G13630.4	25.592	211	139	5	1	603	257	459	3.33e-07	46.2
Lygodium_japonicum_scaffold9543	AT5G57420.1	33.750	80	49	1	864	637	79	158	4.90e-11	56.2
Lygodium_japonicum_scaffold9571	AT3G06530.4	47.922	361	179	4	2118	1042	1857	2210	6.35e-85	287
Lygodium_japonicum_scaffold9583	AT1G13630.4	34.722	72	47	0	563	778	300	371	1.36e-07	47.8
Lygodium_japonicum_scaffold9616	AT4G15236.1	30.102	588	389	10	2331	592	773	1346	9.32e-71	247
Lygodium_japonicum_scaffold9616	AT4G15236.1	22.378	572	369	18	2199	646	152	702	6.10e-22	95.5
Lygodium_japonicum_scaffold9616	AT4G15233.1	29.302	587	397	9	2331	589	775	1349	5.31e-69	242
Lygodium_japonicum_scaffold9616	AT4G15233.1	22.673	591	391	18	2265	646	129	704	7.47e-21	92.0
Lygodium_japonicum_scaffold9616	AT4G15230.1	30.490	551	366	10	2265	631	805	1344	5.77e-69	242
Lygodium_japonicum_scaffold9616	AT4G15230.1	22.826	644	408	24	2382	646	86	705	1.28e-20	91.3
Lygodium_japonicum_scaffold9616	AT4G15215.11	30.978	552	362	10	2265	631	802	1341	1.32e-68	241
Lygodium_japonicum_scaffold9616	AT4G15215.11	22.301	565	376	15	2196	646	153	702	3.82e-23	99.4
Lygodium_japonicum_scaffold9616	AT3G53480.1	29.264	557	373	9	2265	631	847	1394	1.17e-65	232
Lygodium_japonicum_scaffold9616	AT3G53480.1	22.478	565	365	19	2196	661	189	733	1.70e-21	94.4
Lygodium_japonicum_scaffold9616	AT2G37280.3	27.022	544	377	7	2265	670	839	1374	1.79e-59	213
Lygodium_japonicum_scaffold9616	AT2G37280.3	21.776	597	359	20	2196	661	154	727	5.92e-15	72.8
Lygodium_japonicum_scaffold9606	AT2G22010.2	25.984	127	86	3	1691	1323	149	271	6.73e-07	46.2
Lygodium_japonicum_scaffold9623	AT4G24400.1	34.848	132	79	4	6	398	84	209	1.36e-15	71.6
Lygodium_japonicum_scaffold9623	AT5G35410.1	33.594	128	76	5	6	383	86	206	6.69e-13	63.5
Lygodium_japonicum_scaffold9623	AT1G30270.1	33.588	131	74	5	6	383	106	228	4.20e-12	60.8
Lygodium_japonicum_scaffold9623	AT2G26980.4	31.061	132	78	5	3	383	98	221	3.02e-11	58.2
Lygodium_japonicum_scaffold9623	AT5G21326.1	35.922	103	55	4	90	383	114	210	3.80e-10	54.7
Lygodium_japonicum_scaffold9623	AT1G01140.3	36.170	94	49	4	117	383	129	216	5.39e-10	54.3
Lygodium_japonicum_scaffold9607	AT2G18330.1	31.447	159	102	6	2042	1572	384	537	2.87e-15	73.9
Lygodium_japonicum_scaffold9607	AT2G18330.1	29.932	147	95	5	1226	789	383	522	8.80e-14	68.9
Lygodium_japonicum_scaffold9607	AT5G16930.1	27.317	205	117	8	2042	1509	397	596	3.61e-15	73.6
Lygodium_japonicum_scaffold9607	AT5G16930.1	29.375	160	105	5	1238	762	392	544	3.99e-13	67.0
Lygodium_japonicum_scaffold9607	AT3G03060.1	30.201	149	99	4	2042	1599	385	529	1.05e-14	72.0
Lygodium_japonicum_scaffold9607	AT3G03060.1	28.125	160	107	5	1238	762	380	532	9.17e-13	65.9
Lygodium_japonicum_scaffold9607	AT4G36580.1	31.944	144	91	6	2042	1617	381	519	2.77e-14	70.5
Lygodium_japonicum_scaffold9607	AT4G36580.1	25.926	216	124	7	1238	678	376	584	1.31e-13	68.6
Lygodium_japonicum_scaffold9608	AT5G65930.3	32.641	337	204	7	2290	1310	894	1217	7.30e-45	169
Lygodium_japonicum_scaffold9604	AT3G22110.1	25.000	160	108	4	215	667	35	191	4.28e-10	54.3
Lygodium_japonicum_scaffold9645	AT5G67385.1	43.304	224	106	3	278	946	324	527	2.55e-62	187
Lygodium_japonicum_scaffold9645	AT5G67385.1	44.578	83	29	2	18	260	232	299	2.55e-62	64.3
Lygodium_japonicum_scaffold9645	AT3G49970.1	33.480	227	97	7	278	952	272	446	5.41e-42	124
Lygodium_japonicum_scaffold9645	AT3G49970.1	41.975	81	34	2	18	260	180	247	5.41e-42	59.3
Lygodium_japonicum_scaffold9646	AT3G11270.1	25.163	306	196	6	1597	707	3	284	1.08e-23	95.9
Lygodium_japonicum_scaffold9646	AT5G05780.1	24.510	306	198	6	1597	707	3	284	6.82e-23	93.6
Lygodium_japonicum_scaffold9673	AT1G13630.4	25.974	154	100	2	524	63	299	438	1.67e-06	41.6
Lygodium_japonicum_scaffold9673	AT1G13630.4	28.788	132	90	2	593	201	452	580	6.19e-06	40.0
Lygodium_japonicum_scaffold9669	AT2G36450.1	40.984	61	25	2	189	338	11	71	8.37e-07	43.5
Lygodium_japonicum_scaffold9684	AT1G13630.4	20.217	277	184	4	203	1012	225	471	3.91e-11	60.1
Lygodium_japonicum_scaffold9684	AT1G13630.4	23.438	256	164	8	2	685	540	791	5.82e-09	52.8
Lygodium_japonicum_scaffold9684	AT1G13630.4	22.887	284	191	10	242	1018	414	694	2.14e-07	47.8
Lygodium_japonicum_scaffold9684	AT4G21880.1	22.747	233	164	5	332	1003	430	655	1.04e-08	52.0
Lygodium_japonicum_scaffold9684	AT4G04790.1	21.239	226	164	4	332	982	410	630	1.38e-08	51.6
Lygodium_japonicum_scaffold9684	AT3G61360.1	17.972	217	139	4	23	652	173	357	3.51e-07	47.0
Lygodium_japonicum_scaffold9684	AT3G61360.1	21.354	192	142	5	389	943	164	353	3.37e-06	43.5
Lygodium_japonicum_scaffold9682	AT3G61150.1	44.163	514	254	11	2659	1202	82	590	4.52e-171	414
Lygodium_japonicum_scaffold9682	AT3G61150.1	51.905	210	84	2	1089	460	600	792	4.52e-171	201
Lygodium_japonicum_scaffold9682	AT4G00730.1	44.422	502	261	8	2677	1202	101	594	1.02e-159	387
Lygodium_japonicum_scaffold9682	AT4G00730.1	51.905	210	75	3	1089	460	604	787	1.02e-159	189
Lygodium_japonicum_scaffold9700	AT1G13630.4	21.096	365	253	10	2579	1572	393	751	1.95e-13	61.6
Lygodium_japonicum_scaffold9700	AT1G13630.4	34.000	50	29	2	2779	2630	322	367	1.95e-13	26.9
Lygodium_japonicum_scaffold9700	AT1G13630.4	21.081	185	124	5	2609	2094	554	729	1.75e-10	49.3
Lygodium_japonicum_scaffold9700	AT1G13630.4	35.000	40	26	0	2836	2717	514	553	1.75e-10	29.3
Lygodium_japonicum_scaffold9700	AT4G21880.1	26.471	136	94	3	2237	1839	494	626	9.81e-08	49.7
Lygodium_japonicum_scaffold9700	AT4G21880.1	29.104	134	87	3	2531	2142	497	626	2.72e-07	48.1
Lygodium_japonicum_scaffold9700	AT4G04790.1	22.374	219	133	5	2441	1794	437	621	2.28e-07	48.5
Lygodium_japonicum_scaffold9700	AT3G61360.1	25.000	176	115	5	2267	1776	193	363	5.67e-07	47.0
Lygodium_japonicum_scaffold9709	AT4G17810.1	86.111	36	5	0	1098	991	41	76	1.34e-17	75.5
Lygodium_japonicum_scaffold9679	AT5G57420.1	34.940	83	50	2	624	379	79	158	2.64e-09	50.8
Lygodium_japonicum_scaffold9737	AT2G47830.1	58.537	123	51	0	372	740	188	310	3.96e-66	155
Lygodium_japonicum_scaffold9737	AT2G47830.1	62.069	87	33	0	4	264	90	176	3.96e-66	107
Lygodium_japonicum_scaffold9739	AT1G01140.3	30.000	230	147	8	1283	1954	1	222	3.33e-17	79.3
Lygodium_japonicum_scaffold9739	AT4G24400.1	29.358	218	116	8	1352	1954	14	210	4.63e-17	79.0
Lygodium_japonicum_scaffold9739	AT1G30270.1	30.392	204	130	7	1355	1951	37	233	2.17e-16	77.0
Lygodium_japonicum_scaffold9739	AT5G21326.1	29.680	219	140	9	1313	1951	5	215	7.10e-16	75.1
Lygodium_japonicum_scaffold9739	AT5G35410.1	32.512	203	121	9	1355	1945	17	209	7.47e-16	75.1
Lygodium_japonicum_scaffold9739	AT2G26980.4	29.412	221	140	8	1310	1951	15	226	8.05e-16	75.1
Lygodium_japonicum_scaffold9738	AT1G01140.3	30.000	230	147	8	1283	1954	1	222	3.12e-17	79.3
Lygodium_japonicum_scaffold9738	AT4G24400.1	30.806	211	122	8	1352	1954	14	210	4.55e-17	78.6
Lygodium_japonicum_scaffold9738	AT1G30270.1	30.392	204	130	7	1355	1951	37	233	2.32e-16	76.6
Lygodium_japonicum_scaffold9738	AT5G35410.1	32.512	203	121	9	1355	1945	17	209	6.55e-16	75.1
Lygodium_japonicum_scaffold9738	AT5G21326.1	29.680	219	140	9	1313	1951	5	215	8.34e-16	74.7
Lygodium_japonicum_scaffold9738	AT2G26980.4	29.412	221	140	8	1310	1951	15	226	8.58e-16	74.7
Lygodium_japonicum_scaffold9766	AT1G13630.4	22.067	358	251	10	1439	444	410	765	4.35e-17	78.2
Lygodium_japonicum_scaffold9766	AT1G13630.4	22.118	321	222	6	1487	606	495	814	6.64e-13	65.1
Lygodium_japonicum_scaffold9766	AT4G04790.1	26.984	126	87	3	824	450	484	605	2.42e-08	50.4
Lygodium_japonicum_scaffold9766	AT4G21880.1	28.829	111	72	3	1463	1137	492	597	7.35e-08	48.9
Lygodium_japonicum_scaffold9766	AT4G21880.1	23.485	132	96	3	833	441	501	628	9.68e-08	48.5
Lygodium_japonicum_scaffold9765	AT1G13630.4	22.250	400	277	14	1278	151	236	625	3.35e-16	75.1
Lygodium_japonicum_scaffold9765	AT1G13630.4	20.670	358	256	10	1284	289	410	765	1.13e-15	73.2
Lygodium_japonicum_scaffold9765	AT1G13630.4	22.368	304	209	5	1332	502	495	798	4.48e-14	68.2
Lygodium_japonicum_scaffold9765	AT4G21880.1	28.829	111	72	3	1308	982	492	597	6.50e-08	48.5
Lygodium_japonicum_scaffold9765	AT3G61360.1	24.540	163	115	4	948	478	188	348	6.50e-08	48.5
Lygodium_japonicum_scaffold7687	AT1G30270.1	25.466	161	114	4	1466	990	79	235	7.06e-10	55.8
Lygodium_japonicum_scaffold7687	AT5G35410.1	28.070	171	115	6	1496	990	49	213	2.45e-09	53.9
Lygodium_japonicum_scaffold7687	AT2G26980.4	25.630	238	136	11	1466	822	72	291	1.59e-08	51.2
Lygodium_japonicum_scaffold7687	AT1G01140.3	26.061	165	106	5	1466	993	67	222	1.92e-08	50.8
Lygodium_japonicum_scaffold7687	AT4G24400.1	26.471	170	107	6	1481	993	52	210	2.66e-08	50.4
Lygodium_japonicum_scaffold7687	AT5G21326.1	26.471	170	103	7	1466	987	61	218	1.08e-07	48.5
Lygodium_japonicum_scaffold9809	AT1G30270.1	36.232	276	159	9	1877	1065	30	293	3.22e-42	155
Lygodium_japonicum_scaffold9809	AT1G01140.3	31.593	383	224	14	1895	789	12	370	2.30e-40	149
Lygodium_japonicum_scaffold9809	AT5G35410.1	36.462	277	156	11	1877	1062	10	271	2.92e-40	149
Lygodium_japonicum_scaffold9809	AT2G26980.4	34.657	277	164	9	1877	1062	23	287	2.02e-39	146
Lygodium_japonicum_scaffold9809	AT4G24400.1	34.965	286	164	11	1877	1038	8	277	6.38e-38	142
Lygodium_japonicum_scaffold9809	AT5G21326.1	34.909	275	160	10	1877	1071	12	273	7.08e-38	141
Lygodium_japonicum_scaffold9815	AT4G04790.1	27.559	127	81	3	836	1195	453	575	6.36e-11	58.9
Lygodium_japonicum_scaffold9815	AT4G21880.1	22.396	192	134	6	806	1348	463	650	5.44e-10	56.2
Lygodium_japonicum_scaffold9815	AT4G21880.1	22.951	183	111	6	155	670	463	626	2.18e-06	44.3
Lygodium_japonicum_scaffold9815	AT1G13630.4	19.525	379	247	10	65	1171	277	607	1.82e-09	54.3
Lygodium_japonicum_scaffold9815	AT1G13630.4	22.433	263	146	6	509	1261	274	490	2.08e-09	54.3
Lygodium_japonicum_scaffold9829	AT2G36450.1	54.167	24	11	0	207	278	29	52	2.91e-06	34.7
Lygodium_japonicum_scaffold9829	AT2G36450.1	53.571	28	12	1	256	339	46	72	2.91e-06	28.5
Lygodium_japonicum_scaffold9830	AT5G21326.1	28.763	299	169	8	2434	1550	11	269	2.69e-23	98.2
Lygodium_japonicum_scaffold9830	AT1G01140.3	29.392	296	167	9	2428	1550	19	275	4.74e-21	91.3
Lygodium_japonicum_scaffold9830	AT2G26980.4	26.333	300	177	10	2437	1550	21	280	2.33e-19	86.3
Lygodium_japonicum_scaffold9830	AT1G30270.1	26.821	302	171	10	2434	1550	29	287	2.11e-18	83.2
Lygodium_japonicum_scaffold9830	AT5G35410.1	32.093	215	121	8	2437	1820	8	206	2.59e-18	82.8
Lygodium_japonicum_scaffold9830	AT4G24400.1	30.332	211	130	8	2437	1820	6	204	5.28e-18	81.6
Lygodium_japonicum_scaffold9833	AT3G61150.1	47.139	804	387	15	175	2541	23	803	0.0	672
Lygodium_japonicum_scaffold9833	AT4G00730.1	50.761	723	317	14	397	2556	116	802	0.0	655
Lygodium_japonicum_scaffold9862	AT1G13630.4	23.939	330	231	8	1	945	310	634	5.57e-19	84.3
Lygodium_japonicum_scaffold9862	AT1G13630.4	23.545	378	261	11	1	1077	240	608	1.60e-16	76.6
Lygodium_japonicum_scaffold9862	AT1G13630.4	22.969	357	209	8	61	948	365	716	3.63e-16	75.5
Lygodium_japonicum_scaffold9862	AT1G13630.4	21.886	297	209	8	1	831	521	814	7.81e-12	61.6
Lygodium_japonicum_scaffold9862	AT4G21880.1	27.692	130	87	3	295	675	500	625	7.40e-08	48.9
Lygodium_japonicum_scaffold9862	AT4G21880.1	26.667	135	91	3	1	396	504	633	9.51e-07	45.1
Lygodium_japonicum_scaffold9862	AT4G21880.1	26.263	99	69	2	604	900	501	595	2.27e-06	43.9
Lygodium_japonicum_scaffold9862	AT4G04790.1	24.516	155	110	3	295	750	480	630	4.00e-07	46.6
Lygodium_japonicum_scaffold9862	AT4G04790.1	26.446	121	80	3	604	951	481	597	9.70e-07	45.1
Lygodium_japonicum_scaffold9863	AT1G13630.4	23.024	291	199	8	2	808	429	716	1.14e-13	68.6
Lygodium_japonicum_scaffold9863	AT1G13630.4	20.357	280	211	5	2	811	253	530	2.60e-12	63.9
Lygodium_japonicum_scaffold9863	AT4G21880.1	26.429	140	95	5	257	661	501	637	1.41e-10	58.5
Lygodium_japonicum_scaffold9863	AT4G21880.1	23.871	155	112	2	2	457	517	668	5.28e-08	50.1
Lygodium_japonicum_scaffold9863	AT4G04790.1	22.973	222	155	4	2	637	392	607	1.12e-07	48.9
Lygodium_japonicum_scaffold9863	AT3G61360.1	21.176	255	184	6	59	784	106	356	1.17e-06	45.4
Lygodium_japonicum_scaffold9933	AT4G15233.1	27.586	116	79	4	1764	2096	936	1051	1.04e-07	49.3
Lygodium_japonicum_scaffold9933	AT2G37280.3	31.250	96	61	4	1764	2036	986	1081	1.40e-07	48.9
Lygodium_japonicum_scaffold9933	AT3G53480.1	32.292	96	60	4	1764	2036	994	1089	2.54e-07	48.1
Lygodium_japonicum_scaffold9933	AT4G15236.1	29.167	96	63	4	1764	2036	934	1029	5.91e-07	46.6
Lygodium_japonicum_scaffold9933	AT4G15215.11	30.588	85	55	3	1764	2006	941	1025	7.37e-07	46.6
Lygodium_japonicum_scaffold9933	AT4G15230.1	29.167	96	63	4	1764	2036	944	1039	1.44e-06	45.4
Lygodium_japonicum_scaffold9955	AT1G05160.1	22.951	366	229	13	1664	621	131	461	2.89e-15	72.0
Lygodium_japonicum_scaffold9955	AT2G32440.1	26.111	180	124	3	1148	621	284	458	1.29e-14	70.1
Lygodium_japonicum_scaffold9971	AT3G66658.2	27.754	472	322	10	1726	353	62	528	2.03e-58	200
Lygodium_japonicum_scaffold9984	AT1G13630.4	23.416	363	250	10	1580	567	405	764	2.50e-19	85.5
Lygodium_japonicum_scaffold9984	AT1G13630.4	23.158	285	205	6	1568	747	338	619	8.62e-15	71.2
Lygodium_japonicum_scaffold9984	AT4G21880.1	27.612	134	89	3	1568	1179	497	626	2.21e-08	50.4
Lygodium_japonicum_scaffold9984	AT4G21880.1	28.105	153	100	6	1292	849	490	637	2.04e-07	47.4
Lygodium_japonicum_scaffold9984	AT4G21880.1	21.705	129	95	3	950	570	501	625	4.64e-06	43.1
Lygodium_japonicum_scaffold9984	AT4G04790.1	25.581	129	90	3	950	570	481	605	1.37e-07	48.1
Lygodium_japonicum_scaffold9984	AT4G04790.1	26.812	138	85	5	1568	1179	477	606	2.90e-06	43.9
Lygodium_japonicum_scaffold9980	AT3G66658.2	27.915	283	194	4	1726	899	110	389	6.38e-39	97.4
Lygodium_japonicum_scaffold9980	AT3G66658.2	26.994	163	107	2	833	381	417	579	6.38e-39	76.6
Lygodium_japonicum_scaffold9981	AT3G66658.2	27.915	283	194	4	2026	1199	110	389	6.02e-23	97.4
Lygodium_japonicum_scaffold9981	AT3G66658.2	26.994	163	107	2	833	381	417	579	2.30e-16	76.6
Lygodium_japonicum_scaffold10015	AT1G13630.4	20.882	431	276	10	3	1214	336	728	7.58e-23	97.8
Lygodium_japonicum_scaffold10015	AT1G13630.4	20.647	402	272	5	6	1175	267	633	8.38e-17	78.2
Lygodium_japonicum_scaffold10015	AT3G61360.1	21.181	288	200	8	6	824	134	409	3.18e-12	63.2
Lygodium_japonicum_scaffold10015	AT4G21880.1	24.658	146	102	4	6	428	496	638	1.01e-09	55.5
Lygodium_japonicum_scaffold10015	AT4G21880.1	19.368	253	192	5	6	737	391	640	1.56e-07	48.5
Lygodium_japonicum_scaffold10015	AT4G04790.1	22.000	150	103	4	3	428	475	618	1.51e-07	48.5
Lygodium_japonicum_scaffold10015	AT4G04790.1	21.250	240	172	7	543	1226	340	574	1.01e-06	45.8
Lygodium_japonicum_scaffold10016	AT1G13630.4	21.786	459	307	12	2180	945	281	734	1.37e-09	55.1
Lygodium_japonicum_scaffold10016	AT4G04790.1	19.917	241	169	7	1748	1074	337	569	1.05e-06	45.8
Lygodium_japonicum_scaffold10016	AT4G21880.1	21.429	210	132	7	2180	1581	440	626	2.86e-06	44.3
Lygodium_japonicum_scaffold10016	AT3G61360.1	21.560	218	155	6	1715	1098	153	366	3.80e-06	43.9
Lygodium_japonicum_scaffold10043	AT1G13630.4	24.138	290	198	8	47	877	414	694	3.74e-19	82.8
Lygodium_japonicum_scaffold10043	AT1G13630.4	22.857	245	177	5	53	760	310	551	1.70e-11	59.3
Lygodium_japonicum_scaffold10043	AT1G13630.4	20.073	274	206	7	32	823	338	608	3.86e-10	55.1
Lygodium_japonicum_scaffold10043	AT4G04790.1	24.342	152	108	3	44	490	481	628	1.78e-08	49.7
Lygodium_japonicum_scaffold10043	AT4G21880.1	25.954	131	90	4	44	427	501	627	1.12e-07	47.4
Lygodium_japonicum_scaffold10066	AT1G13630.4	22.120	217	135	4	63	617	407	621	4.22e-11	58.5
Lygodium_japonicum_scaffold10066	AT1G13630.4	22.822	241	150	5	72	695	269	506	1.53e-06	44.3
Lygodium_japonicum_scaffold10063	AT1G13630.4	29.885	87	58	2	344	601	514	598	8.32e-11	39.3
Lygodium_japonicum_scaffold10063	AT1G13630.4	22.826	92	71	0	24	299	407	498	8.32e-11	38.1
Lygodium_japonicum_scaffold10063	AT1G13630.4	35.714	98	60	3	30	320	514	609	9.92e-09	48.5
Lygodium_japonicum_scaffold10063	AT1G13630.4	25.287	87	65	0	338	598	407	493	1.38e-06	42.0
Lygodium_japonicum_scaffold10063	AT4G21880.1	31.522	92	57	3	39	311	500	586	6.06e-09	48.9
Lygodium_japonicum_scaffold10063	AT4G04790.1	27.473	91	62	1	39	311	480	566	1.71e-06	41.6
Lygodium_japonicum_scaffold10073	AT1G13630.4	21.909	461	300	13	2507	1203	338	764	1.02e-18	85.1
Lygodium_japonicum_scaffold10073	AT1G13630.4	21.103	417	269	9	2492	1314	414	794	2.02e-12	64.7
Lygodium_japonicum_scaffold10073	AT3G61360.1	24.413	213	147	6	2390	1782	145	353	1.11e-11	61.6
Lygodium_japonicum_scaffold10073	AT4G21880.1	26.357	129	89	3	2495	2118	501	626	2.12e-07	48.1
Lygodium_japonicum_scaffold10073	AT4G21880.1	25.564	133	93	3	2204	1815	497	626	7.07e-06	43.1
Lygodium_japonicum_scaffold10074	AT1G13630.4	22.011	368	231	11	2217	1183	338	672	1.73e-13	67.8
Lygodium_japonicum_scaffold10074	AT3G61360.1	24.413	213	147	6	2100	1492	145	353	8.44e-12	62.0
Lygodium_japonicum_scaffold10074	AT4G21880.1	26.357	129	89	3	2205	1828	501	626	1.14e-07	48.9
Lygodium_japonicum_scaffold10074	AT4G21880.1	26.357	129	89	3	1902	1525	501	626	4.14e-06	43.9
Lygodium_japonicum_scaffold10074	AT4G04790.1	23.239	142	101	3	2205	1792	481	618	9.49e-06	42.7
Lygodium_japonicum_scaffold10087	AT1G13630.4	31.579	114	69	3	2	331	499	607	9.60e-08	48.5
Lygodium_japonicum_scaffold10087	AT1G13630.4	27.174	184	120	8	349	879	372	548	2.23e-06	43.9
Lygodium_japonicum_scaffold10087	AT4G21880.1	26.042	96	67	1	44	331	500	591	1.02e-07	48.5
Lygodium_japonicum_scaffold10087	AT4G04790.1	25.806	93	65	1	44	322	480	568	4.27e-07	46.2
Lygodium_japonicum_scaffold10172	AT3G03060.1	33.333	144	91	5	1233	1658	365	505	4.87e-11	59.7
Lygodium_japonicum_scaffold10172	AT2G18330.1	35.246	122	74	5	1299	1658	386	504	7.40e-11	59.3
Lygodium_japonicum_scaffold10172	AT5G16930.1	28.205	195	114	8	1299	1814	399	590	3.26e-10	57.4
Lygodium_japonicum_scaffold10172	AT4G36580.1	33.607	122	76	5	1299	1658	383	501	2.28e-09	54.3
Lygodium_japonicum_scaffold10170	AT5G65930.3	40.000	145	79	3	1940	1509	1088	1225	7.30e-24	100
Lygodium_japonicum_scaffold10193	AT1G67960.1	33.929	56	35	2	251	90	569	624	8.30e-07	43.9
Lygodium_japonicum_scaffold10192	AT1G67960.1	47.317	410	206	5	1516	293	154	555	1.26e-108	331
Lygodium_japonicum_scaffold10192	AT1G67960.1	38.095	63	37	2	272	90	562	624	7.48e-10	55.1
Lygodium_japonicum_scaffold10196	AT2G26980.4	47.273	55	22	2	170	18	143	194	7.78e-12	44.3
Lygodium_japonicum_scaffold10196	AT2G26980.4	27.551	98	67	2	553	272	16	113	7.78e-12	36.6
Lygodium_japonicum_scaffold10196	AT1G30270.1	41.818	55	25	2	170	18	150	201	8.65e-10	39.7
Lygodium_japonicum_scaffold10196	AT1G30270.1	24.444	90	64	2	529	272	31	120	8.65e-10	34.3
Lygodium_japonicum_scaffold10196	AT1G01140.3	36.364	55	28	2	170	18	138	189	1.41e-08	36.6
Lygodium_japonicum_scaffold10196	AT1G01140.3	25.275	91	64	2	532	272	18	108	1.41e-08	33.1
Lygodium_japonicum_scaffold10196	AT4G24400.1	42.857	63	32	2	206	18	119	177	2.48e-08	47.0
Lygodium_japonicum_scaffold10196	AT5G35410.1	45.098	51	27	1	170	18	130	179	7.93e-08	45.8
Lygodium_japonicum_scaffold10196	AT5G21326.1	42.308	52	29	1	170	18	132	183	6.33e-06	40.0
Lygodium_japonicum_scaffold10215	AT2G36450.1	57.576	33	13	1	289	384	15	47	6.16e-06	40.8
Lygodium_japonicum_scaffold10210	AT1G13630.4	24.034	466	315	10	404	1705	304	762	9.25e-25	103
Lygodium_japonicum_scaffold10210	AT1G13630.4	23.971	413	287	8	389	1555	405	814	7.48e-23	97.8
Lygodium_japonicum_scaffold10210	AT1G13630.4	19.420	448	306	10	377	1669	225	634	1.73e-22	96.7
Lygodium_japonicum_scaffold10210	AT4G21880.1	22.656	128	94	2	1328	1705	500	624	6.38e-10	56.2
Lygodium_japonicum_scaffold10210	AT4G21880.1	26.154	130	89	3	719	1099	501	626	2.68e-09	54.3
Lygodium_japonicum_scaffold10210	AT4G21880.1	22.540	315	212	12	563	1432	330	637	5.81e-08	49.7
Lygodium_japonicum_scaffold10210	AT4G04790.1	27.551	98	68	1	1328	1621	480	574	8.60e-10	55.8
Lygodium_japonicum_scaffold10210	AT3G61360.1	21.005	219	149	6	977	1585	194	404	2.63e-08	50.8
Lygodium_japonicum_scaffold10220	AT1G01140.3	27.839	273	162	15	1369	2133	12	267	5.12e-09	53.1
Lygodium_japonicum_scaffold10220	AT1G30270.1	26.641	259	158	14	1405	2133	37	279	1.82e-08	51.2
Lygodium_japonicum_scaffold10220	AT5G35410.1	28.780	205	125	10	1405	2001	17	206	5.59e-08	49.7
Lygodium_japonicum_scaffold10220	AT4G24400.1	28.293	205	126	10	1405	2001	15	204	7.30e-08	49.3
Lygodium_japonicum_scaffold10220	AT5G21326.1	28.846	208	123	12	1405	2001	19	210	2.60e-07	47.8
Lygodium_japonicum_scaffold10220	AT2G26980.4	26.693	251	150	14	1405	2109	30	262	3.19e-06	44.3
Lygodium_japonicum_scaffold10199	AT2G32440.1	23.902	205	143	6	1160	1756	262	459	7.85e-11	58.5
Lygodium_japonicum_scaffold10199	AT1G05160.1	21.133	459	298	18	449	1756	45	462	1.49e-09	54.7
Lygodium_japonicum_scaffold10233	AT4G24400.1	35.266	207	128	4	3051	2437	2	204	1.23e-30	120
Lygodium_japonicum_scaffold10233	AT1G30270.1	34.112	214	133	4	3012	2383	37	246	2.05e-30	120
Lygodium_japonicum_scaffold10233	AT2G26980.4	35.577	208	128	5	3051	2437	17	221	4.11e-30	119
Lygodium_japonicum_scaffold10233	AT5G21326.1	36.058	208	127	5	3051	2437	6	210	2.36e-29	117
Lygodium_japonicum_scaffold10233	AT5G35410.1	36.408	206	123	6	3045	2437	6	206	4.93e-29	115
Lygodium_japonicum_scaffold10233	AT1G01140.3	33.659	205	130	5	3042	2437	15	216	5.41e-29	115
Lygodium_japonicum_scaffold10246	AT1G69010.1	34.177	79	52	0	953	717	51	129	2.80e-09	53.1
Lygodium_japonicum_scaffold10246	AT5G08130.8	36.735	49	31	0	953	807	286	334	4.69e-06	43.5
Lygodium_japonicum_scaffold10276	AT4G24400.1	28.947	266	167	8	25	807	8	256	2.88e-27	108
Lygodium_japonicum_scaffold10276	AT1G30270.1	27.170	265	181	5	25	816	30	283	4.78e-26	105
Lygodium_japonicum_scaffold10276	AT5G21326.1	28.261	276	176	9	4	810	3	263	3.83e-25	102
Lygodium_japonicum_scaffold10276	AT2G26980.4	25.856	263	183	5	25	810	23	274	1.96e-23	97.1
Lygodium_japonicum_scaffold10276	AT5G35410.1	28.295	258	167	8	25	789	10	252	5.59e-23	95.9
Lygodium_japonicum_scaffold10276	AT1G01140.3	26.568	271	185	6	7	810	10	269	5.40e-22	92.8
Lygodium_japonicum_scaffold10303	AT4G24400.1	24.561	228	147	9	1011	1667	15	226	3.75e-09	53.5
Lygodium_japonicum_scaffold10303	AT1G30270.1	24.017	229	149	9	1011	1667	37	250	9.75e-09	52.0
Lygodium_japonicum_scaffold10303	AT5G21326.1	26.066	211	139	8	999	1604	15	217	9.78e-08	48.9
Lygodium_japonicum_scaffold10303	AT5G35410.1	24.138	203	135	7	1011	1592	17	209	1.50e-07	48.1
Lygodium_japonicum_scaffold10303	AT2G26980.4	26.238	202	134	8	1011	1592	30	224	2.58e-07	47.4
Lygodium_japonicum_scaffold10303	AT1G01140.3	23.529	204	137	8	1011	1592	25	219	1.93e-06	44.7
Lygodium_japonicum_scaffold10302	AT4G22140.1	67.773	211	68	0	285	917	8	218	5.08e-111	322
Lygodium_japonicum_scaffold10302	AT4G39100.1	65.969	191	63	2	285	854	1	190	9.84e-94	278
Lygodium_japonicum_scaffold10302	AT4G04260.2	64.943	174	59	2	363	881	9	181	1.57e-79	241
Lygodium_japonicum_scaffold10297	AT1G18330.2	44.000	50	26	2	1244	1095	74	121	1.06e-07	47.8
Lygodium_japonicum_scaffold10297	AT3G10113.1	44.000	50	26	2	1244	1095	63	110	1.13e-07	47.8
Lygodium_japonicum_scaffold10297	AT5G17300.1	46.667	45	22	2	1229	1095	58	100	6.96e-07	45.4
Lygodium_japonicum_scaffold10297	AT5G37260.1	44.000	50	26	2	1244	1095	34	81	9.55e-07	44.3
Lygodium_japonicum_scaffold10322	AT4G15215.11	36.000	75	46	2	807	589	933	1007	7.17e-07	45.4
Lygodium_japonicum_scaffold10322	AT2G37280.3	35.821	67	41	2	783	589	986	1052	2.28e-06	43.9
Lygodium_japonicum_scaffold10322	AT3G53480.1	37.313	67	40	2	783	589	994	1060	2.60e-06	43.5
Lygodium_japonicum_scaffold10322	AT4G15230.1	34.667	75	47	2	807	589	936	1010	3.65e-06	43.1
Lygodium_japonicum_scaffold10322	AT4G15233.1	34.328	67	42	2	783	589	936	1002	3.88e-06	43.1
Lygodium_japonicum_scaffold10322	AT4G15236.1	32.836	67	43	2	783	589	934	1000	4.52e-06	42.7
Lygodium_japonicum_scaffold10325	AT4G00730.1	34.524	84	46	3	260	505	135	211	9.65e-06	40.8
Lygodium_japonicum_scaffold10345	AT1G13630.4	26.269	335	221	7	592	1542	274	600	1.33e-23	99.4
Lygodium_japonicum_scaffold10345	AT1G13630.4	22.817	355	228	12	535	1500	467	808	1.17e-14	70.9
Lygodium_japonicum_scaffold10345	AT1G13630.4	20.853	211	127	3	661	1176	407	616	6.42e-12	62.0
Lygodium_japonicum_scaffold10345	AT4G21880.1	26.108	203	138	5	472	1059	429	626	5.34e-12	62.4
Lygodium_japonicum_scaffold10345	AT4G21880.1	26.056	142	96	4	985	1395	501	638	2.79e-07	47.4
Lygodium_japonicum_scaffold10345	AT4G04790.1	22.744	277	186	9	595	1368	340	607	3.80e-09	53.1
Lygodium_japonicum_scaffold10345	AT4G04790.1	21.777	349	240	12	475	1458	410	746	3.45e-08	50.1
Lygodium_japonicum_scaffold10345	AT3G61360.1	20.000	265	190	8	670	1416	176	434	9.38e-07	45.4
Lygodium_japonicum_scaffold10338	AT5G35410.1	34.634	205	113	10	722	1309	17	209	2.91e-17	78.2
Lygodium_japonicum_scaffold10338	AT2G26980.4	28.936	235	134	8	719	1363	29	250	3.38e-15	71.6
Lygodium_japonicum_scaffold10338	AT1G30270.1	28.708	209	132	7	719	1321	36	235	5.12e-15	71.2
Lygodium_japonicum_scaffold10338	AT4G24400.1	28.302	212	117	7	704	1315	25	209	8.02e-15	70.5
Lygodium_japonicum_scaffold10338	AT1G01140.3	28.910	211	125	7	719	1315	24	221	6.64e-14	67.8
Lygodium_japonicum_scaffold10338	AT5G21326.1	29.577	213	125	7	719	1321	18	217	4.74e-13	65.1
Lygodium_japonicum_scaffold10352	AT2G32440.1	32.520	123	66	4	1	369	350	455	5.56e-09	49.3
Lygodium_japonicum_scaffold10352	AT1G05160.1	28.571	133	79	4	1	399	352	468	8.77e-07	42.7
Lygodium_japonicum_scaffold10364	AT5G35410.1	33.784	222	121	6	166	816	6	206	4.57e-25	102
Lygodium_japonicum_scaffold10364	AT4G24400.1	29.206	315	173	9	166	1104	4	270	8.55e-25	102
Lygodium_japonicum_scaffold10364	AT1G30270.1	28.803	309	164	9	172	1080	28	286	1.28e-24	102
Lygodium_japonicum_scaffold10364	AT2G26980.4	29.781	319	164	10	166	1098	19	285	1.21e-23	98.6
Lygodium_japonicum_scaffold10364	AT1G01140.3	31.878	229	129	7	148	816	9	216	1.01e-22	95.9
Lygodium_japonicum_scaffold10364	AT5G21326.1	33.921	227	116	8	166	816	8	210	8.50e-22	92.8
Lygodium_japonicum_scaffold10373	AT4G24400.1	27.404	208	119	8	946	365	15	204	2.99e-10	55.8
Lygodium_japonicum_scaffold10373	AT5G35410.1	25.253	198	136	6	946	365	17	206	4.77e-10	55.1
Lygodium_japonicum_scaffold10373	AT1G30270.1	25.688	218	134	9	949	335	36	238	2.33e-09	53.1
Lygodium_japonicum_scaffold10373	AT5G21326.1	35.417	96	59	3	613	335	125	220	8.84e-08	48.1
Lygodium_japonicum_scaffold10373	AT1G01140.3	36.047	86	52	3	613	365	131	216	1.22e-07	47.4
Lygodium_japonicum_scaffold10373	AT2G26980.4	33.333	96	61	3	613	335	136	231	7.70e-07	45.1
Lygodium_japonicum_scaffold10370	AT2G26980.4	22.778	180	97	4	1203	1730	30	171	2.82e-06	44.7
Lygodium_japonicum_scaffold10379	AT3G22110.1	33.019	212	123	4	22	606	4	213	4.17e-34	120
Lygodium_japonicum_scaffold10379	AT4G15165.1	33.000	200	101	6	22	612	4	173	7.85e-30	108
Lygodium_japonicum_scaffold10400	AT1G13630.4	24.528	212	150	5	965	357	358	568	1.11e-13	65.5
Lygodium_japonicum_scaffold10400	AT1G13630.4	22.826	184	133	4	965	426	429	607	1.78e-09	52.8
Lygodium_japonicum_scaffold10400	AT3G61360.1	26.347	167	111	6	965	486	195	356	1.75e-08	49.3
Lygodium_japonicum_scaffold10400	AT4G21880.1	25.547	137	96	4	965	564	517	650	2.49e-07	45.8
Lygodium_japonicum_scaffold10400	AT4G04790.1	28.125	128	72	7	782	408	463	573	4.12e-06	42.0
Lygodium_japonicum_scaffold10398	AT5G35410.1	26.974	152	97	4	935	495	67	209	8.68e-10	53.9
Lygodium_japonicum_scaffold10398	AT1G30270.1	25.157	159	99	5	938	489	86	233	6.17e-07	45.1
Lygodium_japonicum_scaffold10398	AT2G26980.4	25.478	157	97	4	938	495	79	224	7.89e-07	44.7
Lygodium_japonicum_scaffold10410	AT1G13630.4	20.382	471	320	11	22	1341	318	764	1.26e-16	77.4
Lygodium_japonicum_scaffold10410	AT1G13630.4	18.465	417	305	8	46	1266	225	616	2.23e-14	70.1
Lygodium_japonicum_scaffold10410	AT1G13630.4	20.186	322	217	5	22	927	494	795	3.06e-12	63.2
Lygodium_japonicum_scaffold10410	AT3G61360.1	20.000	290	213	7	382	1215	122	404	5.24e-08	49.3
Lygodium_japonicum_scaffold10410	AT4G21880.1	25.150	167	100	5	70	519	497	655	5.69e-06	43.1
Lygodium_japonicum_scaffold10401	AT3G61150.1	33.673	98	55	3	1546	1259	107	196	5.41e-06	43.1
Lygodium_japonicum_scaffold10439	AT2G26980.4	23.226	155	103	5	1582	1142	20	166	5.43e-06	43.1
Lygodium_japonicum_scaffold10452	AT1G78550.1	25.385	260	178	5	10	768	85	335	2.53e-17	75.1
Lygodium_japonicum_scaffold10452	AT4G25300.1	26.199	271	163	6	10	768	84	335	9.90e-17	73.2
Lygodium_japonicum_scaffold10452	AT1G17020.1	25.660	265	173	6	10	768	85	337	1.26e-16	72.8
Lygodium_japonicum_scaffold10452	AT4G25310.1	26.966	267	163	6	10	768	84	332	3.02e-16	71.6
Lygodium_japonicum_scaffold10452	AT1G17010.1	25.969	258	166	7	10	747	86	330	1.26e-14	67.0
Lygodium_japonicum_scaffold10444	AT1G78550.1	29.532	342	209	10	1159	215	17	353	1.92e-46	157
Lygodium_japonicum_scaffold10444	AT1G17020.1	28.743	334	195	10	1162	257	16	338	2.52e-42	147
Lygodium_japonicum_scaffold10444	AT4G25300.1	28.571	350	192	11	1162	230	15	345	3.33e-42	146
Lygodium_japonicum_scaffold10444	AT4G25310.1	28.994	338	203	10	1159	227	16	343	2.42e-40	141
Lygodium_japonicum_scaffold10444	AT1G17010.1	27.434	339	213	8	1162	227	16	348	8.16e-40	140
Lygodium_japonicum_scaffold10453	AT1G13630.4	20.460	435	273	14	1966	743	239	627	1.32e-09	55.1
Lygodium_japonicum_scaffold10453	AT4G21880.1	21.404	285	202	8	1759	959	358	638	1.11e-07	48.9
Lygodium_japonicum_scaffold10466	AT5G60100.2	26.772	127	90	1	1720	1340	62	185	5.65e-08	49.7
Lygodium_japonicum_scaffold10466	AT5G02810.1	25.385	130	92	2	1726	1340	74	199	1.24e-07	48.9
Lygodium_japonicum_scaffold10476	AT2G32260.1	79.668	241	47	2	1922	1203	30	269	5.37e-140	408
Lygodium_japonicum_scaffold10476	AT4G15130.1	77.637	237	51	2	1913	1203	19	253	3.81e-137	400
Lygodium_japonicum_scaffold10474	AT2G35635.1	32.624	141	93	2	503	925	9	147	1.21e-15	69.3
Lygodium_japonicum_scaffold10474	AT2G35635.1	44.444	54	29	1	539	700	97	149	1.11e-07	46.6
Lygodium_japonicum_scaffold10474	AT1G31340.1	32.624	141	93	2	503	925	9	147	1.34e-15	69.3
Lygodium_japonicum_scaffold10474	AT1G31340.1	44.444	54	29	1	539	700	97	149	1.41e-07	46.2
Lygodium_japonicum_scaffold10474	AT1G11980.1	40.741	54	31	1	539	700	21	73	1.32e-06	41.2
Lygodium_japonicum_scaffold10486	AT1G13630.4	25.991	227	164	2	1	675	426	650	2.36e-13	67.0
Lygodium_japonicum_scaffold10486	AT1G13630.4	22.523	222	163	3	1	663	187	400	1.55e-08	51.2
Lygodium_japonicum_scaffold10486	AT4G21880.1	18.943	227	155	5	25	666	382	592	1.27e-09	54.7
Lygodium_japonicum_scaffold10486	AT3G61360.1	25.455	110	74	2	370	693	314	417	3.38e-08	50.1
Lygodium_japonicum_scaffold10501	AT5G35410.1	35.023	217	126	8	23	667	11	214	5.84e-22	92.0
Lygodium_japonicum_scaffold10501	AT4G24400.1	35.749	207	111	9	23	628	9	198	1.71e-21	90.9
Lygodium_japonicum_scaffold10501	AT1G01140.3	32.701	211	124	10	5	625	13	209	2.60e-19	84.0
Lygodium_japonicum_scaffold10501	AT1G30270.1	32.340	235	131	11	23	700	31	246	5.56e-19	83.2
Lygodium_japonicum_scaffold10501	AT5G21326.1	34.956	226	126	11	23	685	13	222	7.35e-18	79.7
Lygodium_japonicum_scaffold10501	AT2G26980.4	32.889	225	132	10	23	685	24	233	1.06e-17	79.3
Lygodium_japonicum_scaffold10543	AT3G03060.1	70.853	422	121	2	1854	592	203	623	0.0	601
Lygodium_japonicum_scaffold10543	AT5G16930.1	69.014	426	124	3	1854	592	213	635	0.0	590
Lygodium_japonicum_scaffold10543	AT2G18330.1	64.203	433	146	4	1854	583	199	631	0.0	527
Lygodium_japonicum_scaffold10543	AT4G36580.1	64.336	429	148	3	1854	583	197	625	0.0	526
Lygodium_japonicum_scaffold10567	AT1G17020.1	33.712	264	151	9	1272	490	64	306	9.75e-29	110
Lygodium_japonicum_scaffold10567	AT4G25300.1	31.061	264	157	9	1272	490	63	304	2.55e-27	106
Lygodium_japonicum_scaffold10567	AT1G78550.1	31.923	260	151	10	1233	463	77	313	1.86e-26	103
Lygodium_japonicum_scaffold10567	AT4G25310.1	30.196	255	152	9	1233	475	76	306	1.16e-23	95.5
Lygodium_japonicum_scaffold10567	AT1G17010.1	29.236	301	180	12	1272	391	65	339	4.71e-23	94.0
Lygodium_japonicum_scaffold10565	AT5G21326.1	33.990	203	120	6	1873	1295	6	204	1.53e-26	107
Lygodium_japonicum_scaffold10565	AT1G01140.3	31.818	198	127	6	1867	1295	14	210	1.97e-24	101
Lygodium_japonicum_scaffold10565	AT1G30270.1	32.124	193	123	5	1852	1295	31	222	2.35e-24	101
Lygodium_japonicum_scaffold10565	AT2G26980.4	29.952	207	133	6	1873	1280	17	220	1.66e-23	98.6
Lygodium_japonicum_scaffold10565	AT5G35410.1	33.505	194	123	5	1861	1295	8	200	4.96e-23	97.1
Lygodium_japonicum_scaffold10565	AT4G24400.1	30.542	203	135	5	1876	1283	1	202	1.84e-22	95.1
Lygodium_japonicum_scaffold10599	AT3G61150.1	57.047	149	60	2	449	3	388	532	1.30e-56	187
Lygodium_japonicum_scaffold10599	AT4G00730.1	55.034	149	66	1	449	3	390	537	6.61e-54	179
Lygodium_japonicum_scaffold10599	AT4G00730.1	31.068	103	42	4	676	380	335	412	4.12e-07	44.3
Lygodium_japonicum_scaffold10598	AT1G13630.4	22.061	621	424	12	167	1942	225	814	4.18e-30	121
Lygodium_japonicum_scaffold10598	AT4G21880.1	28.472	144	96	4	1112	1534	501	640	3.14e-10	57.8
Lygodium_japonicum_scaffold10598	AT4G21880.1	27.907	129	87	3	203	580	501	626	1.24e-08	52.4
Lygodium_japonicum_scaffold10598	AT4G21880.1	24.806	129	91	2	809	1186	501	626	9.87e-08	49.7
Lygodium_japonicum_scaffold10598	AT4G21880.1	25.532	141	83	5	1706	2083	497	630	2.29e-07	48.1
Lygodium_japonicum_scaffold10598	AT4G21880.1	21.834	229	167	5	1160	1819	412	637	3.87e-06	44.3
Lygodium_japonicum_scaffold10598	AT4G04790.1	28.421	95	65	1	1706	1990	477	568	3.81e-09	53.9
Lygodium_japonicum_scaffold10598	AT4G04790.1	25.581	129	90	2	1112	1489	481	606	1.92e-07	48.5
Lygodium_japonicum_scaffold10598	AT4G04790.1	24.806	129	91	2	809	1186	481	606	1.33e-06	45.8
Lygodium_japonicum_scaffold10598	AT3G61360.1	21.862	247	147	7	506	1216	179	389	1.66e-06	45.1
Lygodium_japonicum_scaffold10607	AT1G30270.1	36.190	105	65	1	12	326	76	178	4.31e-19	80.5
Lygodium_japonicum_scaffold10607	AT1G30270.1	34.000	50	33	0	376	525	197	246	4.31e-19	27.3
Lygodium_japonicum_scaffold10607	AT1G01140.3	37.273	110	65	3	3	329	61	167	7.65e-19	79.7
Lygodium_japonicum_scaffold10607	AT1G01140.3	40.625	32	19	0	376	471	185	216	7.65e-19	27.3
Lygodium_japonicum_scaffold10607	AT2G26980.4	40.000	105	59	3	18	329	71	172	1.12e-18	79.7
Lygodium_japonicum_scaffold10607	AT2G26980.4	40.625	32	19	0	376	471	190	221	1.12e-18	26.9
Lygodium_japonicum_scaffold10607	AT4G24400.1	39.623	106	60	3	12	326	54	156	1.28e-18	79.7
Lygodium_japonicum_scaffold10607	AT4G24400.1	40.625	32	19	0	376	471	173	204	1.28e-18	26.6
Lygodium_japonicum_scaffold10607	AT5G21326.1	40.000	105	59	3	18	329	60	161	1.40e-18	78.2
Lygodium_japonicum_scaffold10607	AT5G21326.1	46.875	32	17	0	376	471	179	210	1.40e-18	28.1
Lygodium_japonicum_scaffold10607	AT5G35410.1	38.679	106	61	3	12	326	56	158	1.07e-17	74.3
Lygodium_japonicum_scaffold10607	AT5G35410.1	43.750	32	18	0	376	471	175	206	1.07e-17	28.9
Lygodium_japonicum_scaffold10566	AT5G21326.1	33.990	203	120	6	2216	1638	6	204	2.93e-26	107
Lygodium_japonicum_scaffold10566	AT1G30270.1	32.124	193	123	5	2195	1638	31	222	3.21e-24	101
Lygodium_japonicum_scaffold10566	AT1G01140.3	31.818	198	127	6	2210	1638	14	210	3.64e-24	100
Lygodium_japonicum_scaffold10566	AT2G26980.4	29.952	207	133	6	2216	1623	17	220	2.78e-23	98.2
Lygodium_japonicum_scaffold10566	AT5G35410.1	34.031	191	120	5	2195	1638	11	200	9.07e-23	96.7
Lygodium_japonicum_scaffold10566	AT4G24400.1	30.693	202	134	5	2219	1629	1	201	3.84e-22	94.7
Lygodium_japonicum_scaffold10620	AT4G21880.1	30.488	82	53	2	246	4	501	579	4.42e-07	43.5
Lygodium_japonicum_scaffold10620	AT1G13630.4	28.000	100	68	1	616	329	494	593	5.22e-07	43.5
Lygodium_japonicum_scaffold10637	AT1G13630.4	26.305	498	311	8	3448	2099	205	694	3.51e-55	201
Lygodium_japonicum_scaffold10637	AT1G13630.4	27.853	517	325	5	3457	2051	265	781	2.08e-54	198
Lygodium_japonicum_scaffold10637	AT1G13630.4	25.979	485	345	3	3457	2042	335	818	3.68e-54	197
Lygodium_japonicum_scaffold10637	AT3G61360.1	24.797	246	178	3	2806	2081	179	421	1.86e-23	99.4
Lygodium_japonicum_scaffold10637	AT3G61360.1	24.629	337	244	6	3187	2198	119	452	6.52e-22	94.7
Lygodium_japonicum_scaffold10637	AT3G61360.1	23.333	330	239	4	3439	2456	154	471	4.13e-18	82.8
Lygodium_japonicum_scaffold10637	AT3G61360.1	24.229	227	170	2	3454	2780	207	433	1.69e-14	71.2
Lygodium_japonicum_scaffold10637	AT3G61360.1	20.319	251	189	5	2779	2057	108	357	6.45e-12	63.2
Lygodium_japonicum_scaffold10637	AT3G61360.1	23.474	213	157	4	2680	2054	113	323	5.17e-10	57.0
Lygodium_japonicum_scaffold10637	AT4G21880.1	22.358	246	187	3	3457	2720	389	630	3.99e-13	67.4
Lygodium_japonicum_scaffold10637	AT4G21880.1	22.222	351	214	10	3433	2405	371	670	3.57e-11	61.2
Lygodium_japonicum_scaffold10637	AT4G21880.1	22.368	152	118	0	2608	2153	392	543	7.30e-09	53.5
Lygodium_japonicum_scaffold10637	AT4G04790.1	19.444	252	199	2	3229	2474	375	622	4.41e-10	57.4
Lygodium_japonicum_scaffold10637	AT4G04790.1	20.635	441	306	12	3169	1946	138	567	4.53e-10	57.4
Lygodium_japonicum_scaffold10644	AT1G13630.4	21.629	356	249	9	985	5	413	767	4.88e-12	62.0
Lygodium_japonicum_scaffold10644	AT1G13630.4	21.316	380	238	11	1054	2	269	616	1.34e-10	57.4
Lygodium_japonicum_scaffold10644	AT4G21880.1	25.822	213	117	9	931	311	449	626	6.70e-09	52.0
Lygodium_japonicum_scaffold10644	AT4G04790.1	23.500	200	111	8	934	359	424	589	1.68e-06	44.3
Lygodium_japonicum_scaffold10684	AT1G13630.4	21.739	437	288	15	1659	466	303	724	7.12e-13	65.5
Lygodium_japonicum_scaffold10684	AT1G13630.4	19.715	421	239	12	1641	562	416	798	3.19e-09	53.9
Lygodium_japonicum_scaffold10684	AT1G13630.4	17.943	418	270	11	1896	817	412	814	6.71e-06	43.1
Lygodium_japonicum_scaffold10684	AT4G21880.1	21.212	132	96	3	1044	661	500	627	5.77e-08	49.7
Lygodium_japonicum_scaffold10684	AT4G04790.1	19.005	221	166	4	1299	661	392	607	1.02e-07	48.9
Lygodium_japonicum_scaffold10684	AT4G04790.1	16.810	232	178	4	1128	466	340	567	1.58e-06	45.1
Lygodium_japonicum_scaffold10684	AT4G04790.1	18.072	249	192	5	1659	940	372	617	2.97e-06	44.3
Lygodium_japonicum_scaffold10684	AT4G04790.1	19.101	267	199	5	1641	877	484	745	5.89e-06	43.1
Lygodium_japonicum_scaffold10684	AT3G61360.1	18.151	292	186	7	1416	589	150	404	1.02e-06	45.4
Lygodium_japonicum_scaffold10683	AT1G13630.4	21.739	437	288	15	1516	323	303	724	8.11e-13	65.1
Lygodium_japonicum_scaffold10683	AT4G21880.1	21.212	132	96	3	901	518	500	627	7.87e-08	49.3
Lygodium_japonicum_scaffold10683	AT4G04790.1	19.091	220	165	4	1156	521	392	606	1.33e-07	48.5
Lygodium_japonicum_scaffold10683	AT4G04790.1	16.810	232	178	4	985	323	340	567	2.40e-06	44.3
Lygodium_japonicum_scaffold10683	AT4G04790.1	18.072	249	192	5	1516	797	372	617	4.59e-06	43.5
Lygodium_japonicum_scaffold10683	AT4G04790.1	19.101	267	199	5	1498	734	484	745	4.83e-06	43.5
Lygodium_japonicum_scaffold10683	AT3G61360.1	18.151	292	186	7	1273	446	150	404	2.01e-06	44.3
Lygodium_japonicum_scaffold10700	AT1G13630.4	24.000	150	101	5	15	434	318	464	1.79e-07	47.8
Lygodium_japonicum_scaffold10696	AT1G56080.1	49.518	311	133	6	1410	505	12	307	8.00e-83	256
Lygodium_japonicum_scaffold10696	AT1G16520.1	47.003	317	154	4	1413	496	11	324	6.04e-78	243
Lygodium_japonicum_scaffold10696	AT4G15545.1	44.745	333	148	6	1434	499	18	335	1.74e-71	227
Lygodium_japonicum_scaffold10703	AT1G13630.4	26.190	84	61	1	3332	3081	407	489	1.70e-06	45.8
Lygodium_japonicum_scaffold10745	AT5G16260.1	32.530	83	48	2	1404	1177	268	349	7.02e-06	42.7
Lygodium_japonicum_scaffold10764	AT1G13630.4	25.191	131	92	2	81	461	494	622	2.13e-07	45.8
Lygodium_japonicum_scaffold10764	AT1G13630.4	20.530	151	118	1	126	578	408	556	2.22e-06	42.4
Lygodium_japonicum_scaffold10764	AT4G21880.1	25.850	147	95	6	102	533	490	625	3.89e-07	45.1
Lygodium_japonicum_scaffold10764	AT4G04790.1	22.013	159	112	5	69	545	463	609	4.31e-06	41.6
Lygodium_japonicum_scaffold10781	AT3G61360.1	26.623	154	101	6	2341	1904	210	359	3.64e-09	53.5
Lygodium_japonicum_scaffold10781	AT1G13630.4	24.113	141	74	5	2341	1922	515	623	3.14e-07	47.8
Lygodium_japonicum_scaffold10806	AT5G16930.1	29.936	157	98	4	1117	1584	397	542	1.93e-14	71.2
Lygodium_japonicum_scaffold10806	AT2G18330.1	30.201	149	92	4	1117	1560	384	521	2.39e-14	70.9
Lygodium_japonicum_scaffold10806	AT3G03060.1	29.936	157	98	4	1117	1584	385	530	1.10e-13	68.6
Lygodium_japonicum_scaffold10806	AT4G36580.1	29.530	149	93	4	1117	1560	381	518	4.94e-13	66.6
Lygodium_japonicum_scaffold10809	AT1G01140.3	29.952	207	123	9	514	1104	25	219	2.20e-13	66.6
Lygodium_japonicum_scaffold10809	AT5G35410.1	28.780	205	126	9	514	1104	17	209	2.20e-13	66.6
Lygodium_japonicum_scaffold10809	AT2G26980.4	29.187	209	122	9	514	1104	30	224	2.51e-12	63.2
Lygodium_japonicum_scaffold10809	AT1G30270.1	26.829	205	132	9	514	1104	37	231	3.42e-12	62.8
Lygodium_japonicum_scaffold10809	AT4G24400.1	26.829	205	130	8	514	1104	15	207	8.18e-12	61.6
Lygodium_japonicum_scaffold10809	AT5G21326.1	28.293	205	129	9	514	1104	19	213	1.48e-09	54.3
Lygodium_japonicum_scaffold10835	AT3G12250.4	25.581	172	106	2	952	443	194	345	9.46e-07	44.3
Lygodium_japonicum_scaffold10835	AT5G06950.1	24.855	173	106	3	952	443	169	320	1.15e-06	43.9
Lygodium_japonicum_scaffold10845	AT5G35410.1	33.178	214	122	9	882	1496	8	209	1.21e-18	83.2
Lygodium_japonicum_scaffold10845	AT4G24400.1	30.435	207	123	8	909	1502	15	209	1.98e-16	76.3
Lygodium_japonicum_scaffold10845	AT5G21326.1	30.620	258	151	11	882	1604	10	256	8.84e-15	71.2
Lygodium_japonicum_scaffold10845	AT1G30270.1	28.910	211	129	8	906	1508	36	235	1.82e-14	70.5
Lygodium_japonicum_scaffold10845	AT2G26980.4	27.519	258	159	11	882	1604	21	267	3.37e-14	69.3
Lygodium_japonicum_scaffold10845	AT1G01140.3	28.641	206	130	7	909	1502	25	221	8.18e-13	65.1
Lygodium_japonicum_scaffold10855	AT1G30270.1	31.557	244	147	7	1164	448	54	282	2.49e-30	118
Lygodium_japonicum_scaffold10855	AT4G24400.1	30.204	245	149	9	1173	454	29	256	1.14e-25	104
Lygodium_japonicum_scaffold10855	AT2G26980.4	30.612	245	148	9	1164	448	47	275	4.62e-25	102
Lygodium_japonicum_scaffold10855	AT5G21326.1	30.400	250	150	8	1179	451	31	263	4.11e-24	99.4
Lygodium_japonicum_scaffold10855	AT1G01140.3	28.063	253	158	7	1185	448	35	270	5.40e-24	99.4
Lygodium_japonicum_scaffold10855	AT5G35410.1	26.337	243	155	7	1164	454	34	258	2.35e-22	94.0
Lygodium_japonicum_scaffold10891	AT1G20670.1	27.143	70	51	0	1156	1365	206	275	7.59e-06	43.1
Lygodium_japonicum_scaffold6220	AT1G05160.1	26.923	182	125	3	285	818	288	465	8.12e-18	79.0
Lygodium_japonicum_scaffold6220	AT2G32440.1	27.624	181	123	3	285	818	287	462	3.22e-17	77.0
Lygodium_japonicum_scaffold10920	AT1G01140.3	29.924	264	157	8	967	1683	25	285	7.34e-28	112
Lygodium_japonicum_scaffold10920	AT1G30270.1	29.317	249	162	7	967	1686	37	280	2.09e-27	110
Lygodium_japonicum_scaffold10920	AT2G26980.4	31.313	198	128	5	967	1539	30	226	1.08e-26	108
Lygodium_japonicum_scaffold10920	AT4G24400.1	28.571	203	139	5	946	1539	8	209	1.02e-24	102
Lygodium_japonicum_scaffold10920	AT5G35410.1	31.795	195	127	5	967	1536	17	210	2.47e-24	100
Lygodium_japonicum_scaffold10920	AT5G21326.1	32.065	184	119	4	1003	1539	33	215	4.65e-24	100
Lygodium_japonicum_scaffold10933	AT1G13630.4	23.653	334	216	9	2266	1373	246	576	1.06e-12	65.5
Lygodium_japonicum_scaffold10933	AT1G13630.4	20.553	253	167	8	2137	1412	405	634	1.02e-08	52.4
Lygodium_japonicum_scaffold10933	AT1G13630.4	19.476	267	189	5	2152	1373	224	471	4.22e-07	47.0
Lygodium_japonicum_scaffold10933	AT4G04790.1	21.756	262	162	9	2224	1490	329	564	1.21e-07	48.9
Lygodium_japonicum_scaffold10933	AT4G21880.1	22.831	219	152	9	1825	1181	483	688	1.37e-07	48.5
Lygodium_japonicum_scaffold10943	AT5G21326.1	30.918	207	125	9	1298	717	13	214	1.56e-17	79.3
Lygodium_japonicum_scaffold10943	AT1G01140.3	29.808	208	128	9	1301	717	18	220	2.40e-16	75.5
Lygodium_japonicum_scaffold10943	AT2G26980.4	27.053	207	133	9	1298	717	24	225	5.73e-14	68.2
Lygodium_japonicum_scaffold10943	AT4G24400.1	25.728	206	135	7	1298	717	9	208	3.21e-13	65.9
Lygodium_japonicum_scaffold10943	AT5G35410.1	26.471	204	136	8	1298	717	11	210	9.93e-13	64.3
Lygodium_japonicum_scaffold10943	AT1G30270.1	24.638	207	138	9	1298	717	31	232	1.60e-12	63.5
Lygodium_japonicum_scaffold10954	AT1G13630.4	21.373	510	336	11	83	1528	263	735	1.83e-22	95.1
Lygodium_japonicum_scaffold10954	AT1G13630.4	19.124	502	361	9	2	1399	306	798	5.63e-22	93.6
Lygodium_japonicum_scaffold10954	AT4G21880.1	27.703	148	96	6	275	709	492	631	5.86e-11	58.9
Lygodium_japonicum_scaffold10954	AT4G04790.1	24.352	193	127	6	122	691	430	606	3.44e-10	56.2
Lygodium_japonicum_scaffold10954	AT4G04790.1	23.037	191	109	4	986	1549	433	588	6.72e-08	48.9
Lygodium_japonicum_scaffold10954	AT3G61360.1	20.879	273	203	5	626	1408	145	416	9.77e-10	54.7
Lygodium_japonicum_scaffold10954	AT3G61360.1	22.267	247	175	5	5	709	179	420	7.70e-09	51.6
Lygodium_japonicum_scaffold10958	AT5G35410.1	32.212	208	119	8	1611	1018	11	206	8.71e-21	90.1
Lygodium_japonicum_scaffold10958	AT4G24400.1	32.692	208	118	7	1611	1018	9	204	1.73e-20	89.0
Lygodium_japonicum_scaffold10958	AT1G30270.1	28.723	282	168	11	1611	829	31	300	2.23e-20	89.0
Lygodium_japonicum_scaffold10958	AT2G26980.4	33.810	210	115	10	1611	1018	24	221	1.52e-19	86.3
Lygodium_japonicum_scaffold10958	AT5G21326.1	27.703	296	163	12	1611	757	13	268	2.00e-18	82.4
Lygodium_japonicum_scaffold10958	AT1G01140.3	30.622	209	125	7	1614	1018	18	216	4.74e-18	81.6
Lygodium_japonicum_scaffold10959	AT5G35410.1	32.212	208	119	8	1611	1018	11	206	1.73e-20	89.0
Lygodium_japonicum_scaffold10959	AT4G24400.1	32.692	208	118	7	1611	1018	9	204	2.63e-20	88.6
Lygodium_japonicum_scaffold10959	AT1G30270.1	27.946	297	161	11	1611	757	31	286	2.66e-20	88.6
Lygodium_japonicum_scaffold10959	AT2G26980.4	29.293	297	157	14	1611	757	24	279	3.43e-19	85.1
Lygodium_japonicum_scaffold10959	AT5G21326.1	27.483	302	168	12	1611	739	13	274	3.12e-18	82.0
Lygodium_japonicum_scaffold10959	AT1G01140.3	30.622	209	125	7	1614	1018	18	216	1.29e-17	80.1
Lygodium_japonicum_scaffold10967	AT4G21880.1	26.316	95	67	1	307	23	501	592	2.76e-10	53.9
Lygodium_japonicum_scaffold10967	AT1G13630.4	22.430	107	79	1	361	53	496	602	4.80e-06	41.2
Lygodium_japonicum_scaffold10968	AT1G13630.4	22.449	196	144	3	1196	630	415	609	1.60e-09	53.5
Lygodium_japonicum_scaffold10968	AT1G13630.4	22.358	246	171	5	1193	513	521	765	3.76e-09	52.4
Lygodium_japonicum_scaffold10968	AT4G21880.1	22.791	215	148	7	917	288	495	696	1.34e-06	44.3
Lygodium_japonicum_scaffold10968	AT3G61360.1	19.565	138	107	1	1193	792	216	353	7.56e-06	41.6
Lygodium_japonicum_scaffold10982	AT4G04790.1	23.037	191	129	3	620	1147	338	525	4.57e-07	47.0
Lygodium_japonicum_scaffold10982	AT4G21880.1	20.784	255	163	6	374	1087	394	626	7.57e-06	42.7
Lygodium_japonicum_scaffold10991	AT4G15233.1	24.896	241	171	3	1236	544	1096	1336	3.80e-09	53.1
Lygodium_japonicum_scaffold10991	AT4G15236.1	23.344	317	204	8	1449	544	1042	1334	1.34e-07	48.1
Lygodium_japonicum_scaffold10991	AT4G15230.1	27.041	196	136	3	1122	556	1145	1340	8.87e-07	45.4
Lygodium_japonicum_scaffold10991	AT3G53480.1	18.621	290	214	6	1212	367	1167	1442	2.47e-06	43.9
Lygodium_japonicum_scaffold10992	AT4G15230.1	27.451	102	72	1	529	230	1243	1344	3.53e-06	37.4
Lygodium_japonicum_scaffold10992	AT4G15230.1	29.487	78	50	2	813	595	1146	1223	3.53e-06	25.0
Lygodium_japonicum_scaffold10977	AT2G37280.3	53.021	811	333	4	11	2443	680	1442	0.0	870
Lygodium_japonicum_scaffold10977	AT2G37280.3	22.926	663	398	21	521	2242	93	731	2.56e-34	137
Lygodium_japonicum_scaffold10977	AT3G53480.1	53.071	814	336	5	2	2443	683	1450	0.0	869
Lygodium_japonicum_scaffold10977	AT3G53480.1	22.877	577	381	16	662	2242	175	737	2.99e-37	146
Lygodium_japonicum_scaffold10977	AT4G15215.11	47.174	814	367	7	2	2443	647	1397	0.0	760
Lygodium_japonicum_scaffold10977	AT4G15215.11	23.548	637	414	19	689	2443	148	763	5.14e-38	149
Lygodium_japonicum_scaffold10977	AT4G15233.1	46.806	814	363	6	2	2443	649	1392	0.0	758
Lygodium_japonicum_scaffold10977	AT4G15233.1	22.692	639	415	17	692	2443	151	765	6.18e-37	145
Lygodium_japonicum_scaffold10977	AT4G15230.1	46.192	814	375	5	2	2443	650	1400	0.0	754
Lygodium_japonicum_scaffold10977	AT4G15230.1	22.706	643	412	20	689	2443	151	766	4.30e-38	149
Lygodium_japonicum_scaffold10977	AT4G15236.1	46.437	814	366	5	2	2443	647	1390	0.0	751
Lygodium_japonicum_scaffold10977	AT4G15236.1	22.969	640	414	17	689	2443	148	763	2.58e-39	153
Lygodium_japonicum_scaffold11005	AT5G65930.3	52.000	150	71	1	1	450	1093	1241	1.02e-37	145
Lygodium_japonicum_scaffold11003	AT1G30270.1	28.436	211	130	8	1874	1257	53	247	1.13e-11	61.2
Lygodium_japonicum_scaffold11003	AT5G35410.1	28.108	185	117	6	1871	1329	34	206	1.75e-11	60.5
Lygodium_japonicum_scaffold11003	AT5G21326.1	29.384	211	127	9	1871	1254	36	229	3.47e-11	59.3
Lygodium_japonicum_scaffold11003	AT4G24400.1	26.667	195	125	6	1871	1302	32	213	4.66e-11	58.9
Lygodium_japonicum_scaffold11003	AT2G26980.4	26.316	247	145	10	1871	1191	47	276	1.53e-10	57.4
Lygodium_japonicum_scaffold11003	AT1G01140.3	27.879	165	106	5	1817	1329	63	216	3.00e-10	56.6
Lygodium_japonicum_scaffold11006	AT1G30270.1	28.897	263	163	9	1218	451	35	280	7.97e-22	94.0
Lygodium_japonicum_scaffold11006	AT4G24400.1	28.137	263	163	11	1218	451	13	256	9.76e-19	84.0
Lygodium_japonicum_scaffold11006	AT5G21326.1	29.630	270	156	11	1218	445	17	264	1.60e-18	83.2
Lygodium_japonicum_scaffold11006	AT2G26980.4	28.464	267	159	11	1218	451	28	273	1.92e-16	77.0
Lygodium_japonicum_scaffold11006	AT5G35410.1	27.843	255	162	9	1218	469	15	252	2.16e-16	76.6
Lygodium_japonicum_scaffold11006	AT1G01140.3	25.758	264	170	10	1218	451	23	268	3.08e-15	73.2
Lygodium_japonicum_scaffold11014	AT1G30270.1	29.371	143	75	5	179	559	150	282	5.19e-10	53.1
Lygodium_japonicum_scaffold11014	AT5G35410.1	36.782	87	52	2	161	415	124	209	6.99e-10	52.8
Lygodium_japonicum_scaffold11014	AT5G21326.1	31.507	146	66	6	179	556	132	263	9.38e-09	49.3
Lygodium_japonicum_scaffold11014	AT4G24400.1	35.802	81	49	2	179	415	128	207	2.59e-08	48.1
Lygodium_japonicum_scaffold11014	AT1G01140.3	37.209	86	43	3	179	415	138	219	6.67e-08	47.0
Lygodium_japonicum_scaffold11014	AT2G26980.4	34.118	85	47	3	179	415	143	224	5.36e-07	43.9
Lygodium_japonicum_scaffold11008	AT1G30270.1	29.012	162	105	6	817	1299	100	252	2.80e-11	60.5
Lygodium_japonicum_scaffold11008	AT2G26980.4	30.657	137	86	5	817	1224	93	221	8.04e-09	52.4
Lygodium_japonicum_scaffold11008	AT4G24400.1	27.000	200	131	7	640	1224	15	204	9.06e-09	52.4
Lygodium_japonicum_scaffold11008	AT1G01140.3	29.371	143	80	7	817	1224	88	216	1.33e-08	52.0
Lygodium_japonicum_scaffold11008	AT5G35410.1	28.788	132	83	5	832	1224	85	206	2.29e-08	51.2
Lygodium_japonicum_scaffold11008	AT5G21326.1	26.163	172	107	6	817	1314	82	239	3.12e-08	50.4
Lygodium_japonicum_scaffold11042	AT1G13630.4	24.022	179	127	4	896	381	358	534	7.69e-09	50.4
Lygodium_japonicum_scaffold11042	AT1G13630.4	28.696	115	63	3	348	49	584	694	9.24e-06	40.8
Lygodium_japonicum_scaffold11037	AT3G53480.1	51.724	87	37	2	1196	936	1340	1421	1.81e-14	69.3
Lygodium_japonicum_scaffold11037	AT4G15233.1	45.977	87	42	1	1196	936	1282	1363	1.96e-12	62.8
Lygodium_japonicum_scaffold11037	AT4G15236.1	48.276	87	40	2	1196	936	1280	1361	3.37e-12	62.0
Lygodium_japonicum_scaffold11037	AT4G15215.11	44.828	87	43	1	1196	936	1287	1368	4.51e-12	61.6
Lygodium_japonicum_scaffold11037	AT2G37280.3	47.674	86	40	1	1196	939	1332	1412	4.70e-12	61.6
Lygodium_japonicum_scaffold11037	AT4G15230.1	42.529	87	45	1	1196	936	1290	1371	8.70e-11	57.8
Lygodium_japonicum_scaffold11035	AT1G13630.4	31.081	222	153	0	2219	1554	424	645	4.13e-26	108
Lygodium_japonicum_scaffold11035	AT1G13630.4	31.111	180	120	2	2183	1656	292	471	1.73e-23	100
Lygodium_japonicum_scaffold11035	AT1G13630.4	25.726	241	167	1	2204	1518	499	739	1.92e-22	96.7
Lygodium_japonicum_scaffold11035	AT1G13630.4	27.273	143	104	0	2048	1620	235	377	9.63e-16	75.1
Lygodium_japonicum_scaffold11035	AT1G13630.4	25.882	170	119	1	2120	1611	183	345	7.30e-12	62.4
Lygodium_japonicum_scaffold11035	AT1G13630.4	23.469	196	136	2	2171	1623	615	809	1.09e-10	58.5
Lygodium_japonicum_scaffold11035	AT3G61360.1	30.994	171	117	1	2210	1698	193	362	1.64e-18	83.2
Lygodium_japonicum_scaffold11035	AT3G61360.1	22.768	224	136	1	2171	1611	240	463	4.75e-15	72.0
Lygodium_japonicum_scaffold11035	AT4G21880.1	25.287	174	105	5	2129	1674	418	588	2.65e-11	60.8
Lygodium_japonicum_scaffold11035	AT4G21880.1	18.182	209	168	2	2174	1548	387	592	8.19e-10	55.8
Lygodium_japonicum_scaffold11035	AT4G21880.1	20.601	233	175	4	2213	1527	479	705	1.04e-06	45.8
Lygodium_japonicum_scaffold11035	AT4G04790.1	23.077	169	111	5	2132	1674	403	568	1.29e-09	55.1
Lygodium_japonicum_scaffold11035	AT4G04790.1	22.059	204	119	4	2213	1695	459	653	4.72e-06	43.5
Lygodium_japonicum_scaffold11050	AT1G30270.1	30.996	271	176	4	2588	1797	29	295	1.77e-36	138
Lygodium_japonicum_scaffold11050	AT4G24400.1	30.996	271	178	5	2588	1791	7	273	4.49e-35	133
Lygodium_japonicum_scaffold11050	AT2G26980.4	30.292	274	180	4	2588	1788	22	291	1.38e-34	132
Lygodium_japonicum_scaffold11050	AT1G01140.3	32.331	266	167	6	2582	1809	19	279	9.30e-34	129
Lygodium_japonicum_scaffold11050	AT5G21326.1	29.180	305	197	7	2588	1698	11	304	1.19e-32	126
Lygodium_japonicum_scaffold11050	AT5G35410.1	33.495	206	131	5	2588	1983	9	212	1.38e-30	120
Lygodium_japonicum_scaffold11051	AT2G32440.1	23.256	387	264	12	203	1342	98	458	1.96e-19	85.1
Lygodium_japonicum_scaffold11051	AT1G05160.1	22.391	460	306	17	44	1381	55	477	5.93e-17	77.4
Lygodium_japonicum_scaffold11056	AT2G43770.1	17.808	219	165	7	1559	915	92	299	6.77e-07	45.8
Lygodium_japonicum_scaffold11057	AT2G43770.1	24.699	166	120	5	384	881	92	252	2.54e-14	67.4
Lygodium_japonicum_scaffold11057	AT2G43770.1	26.339	224	146	9	261	905	97	310	4.52e-14	66.6
Lygodium_japonicum_scaffold11057	AT2G43770.1	22.222	207	144	10	267	863	141	338	3.28e-10	55.1
Lygodium_japonicum_scaffold11057	AT4G28450.1	22.660	203	135	7	375	941	59	253	1.56e-08	50.1
Lygodium_japonicum_scaffold11057	AT4G28450.1	20.354	226	164	4	240	887	102	321	7.56e-06	41.6
Lygodium_japonicum_scaffold11071	AT1G01140.3	31.034	203	130	5	2250	1654	74	270	5.65e-25	102
Lygodium_japonicum_scaffold11071	AT4G24400.1	30.612	196	130	4	2244	1660	66	256	7.53e-25	102
Lygodium_japonicum_scaffold11071	AT1G30270.1	29.665	209	137	5	2250	1636	86	288	1.44e-24	102
Lygodium_japonicum_scaffold11071	AT5G21326.1	30.500	200	133	4	2250	1657	68	263	8.54e-23	95.9
Lygodium_japonicum_scaffold11071	AT5G35410.1	36.242	149	92	2	2250	1807	66	212	5.55e-22	93.6
Lygodium_japonicum_scaffold11071	AT2G26980.4	28.500	200	139	3	2250	1654	79	275	1.44e-21	92.4
Lygodium_japonicum_scaffold11074	AT1G13630.4	37.500	40	25	0	1065	946	514	553	2.14e-08	40.4
Lygodium_japonicum_scaffold11074	AT1G13630.4	21.583	139	94	3	832	461	555	693	2.14e-08	29.6
Lygodium_japonicum_scaffold11081	AT1G13630.4	22.167	406	256	8	1912	770	358	728	1.42e-15	73.9
Lygodium_japonicum_scaffold11081	AT1G13630.4	18.901	455	306	11	1771	569	167	612	4.08e-07	47.0
Lygodium_japonicum_scaffold11081	AT3G61360.1	24.812	133	89	5	1912	1538	228	357	7.64e-07	45.8
Lygodium_japonicum_scaffold11081	AT4G21880.1	29.592	98	63	3	1870	1586	531	625	7.19e-06	42.7
Lygodium_japonicum_scaffold11113	AT2G43770.1	30.420	286	156	10	1832	987	94	340	1.73e-27	108
Lygodium_japonicum_scaffold11113	AT2G43770.1	32.911	79	50	2	1217	981	49	124	4.50e-06	43.1
Lygodium_japonicum_scaffold11112	AT4G04790.1	29.545	88	58	2	6	269	481	564	5.58e-08	49.3
Lygodium_japonicum_scaffold11112	AT4G21880.1	27.119	118	80	3	6	353	501	614	1.87e-07	47.4
Lygodium_japonicum_scaffold11112	AT1G13630.4	24.576	118	84	3	6	347	518	634	4.72e-07	46.2
Lygodium_japonicum_scaffold11107	AT2G44520.1	57.453	322	128	3	1701	739	93	406	5.08e-128	381
Lygodium_japonicum_scaffold11129	AT5G16930.1	24.272	206	125	5	1066	527	397	597	5.47e-12	60.8
Lygodium_japonicum_scaffold11129	AT3G03060.1	23.810	210	129	5	1081	530	380	584	6.01e-11	57.4
Lygodium_japonicum_scaffold11129	AT2G18330.1	22.642	212	127	6	1066	527	384	590	5.73e-10	54.3
Lygodium_japonicum_scaffold11129	AT4G36580.1	22.010	209	129	6	1066	527	381	584	8.36e-10	53.9
Lygodium_japonicum_scaffold11153	AT1G13630.4	25.000	112	80	1	361	38	416	527	1.33e-11	44.3
Lygodium_japonicum_scaffold11153	AT1G13630.4	27.619	105	62	2	729	415	297	387	1.33e-11	36.2
Lygodium_japonicum_scaffold11153	AT1G13630.4	27.835	97	68	2	669	382	411	506	2.34e-08	35.4
Lygodium_japonicum_scaffold11153	AT1G13630.4	21.667	120	88	2	370	29	518	637	2.34e-08	33.9
Lygodium_japonicum_scaffold11153	AT1G13630.4	25.439	114	81	1	370	41	483	596	1.40e-06	42.7
Lygodium_japonicum_scaffold11170	AT1G13630.4	23.148	216	161	2	23	658	393	607	9.49e-12	61.6
Lygodium_japonicum_scaffold11170	AT1G13630.4	27.206	136	91	2	23	406	494	629	1.25e-09	55.1
Lygodium_japonicum_scaffold11170	AT1G13630.4	22.831	219	160	4	77	709	340	557	1.76e-09	54.3
Lygodium_japonicum_scaffold11170	AT4G21880.1	26.415	159	105	4	38	487	482	637	1.03e-10	58.5
Lygodium_japonicum_scaffold11170	AT4G04790.1	22.973	148	102	4	38	457	462	605	8.46e-07	45.8
Lygodium_japonicum_scaffold11156	AT5G65930.3	35.429	350	193	12	2688	1687	894	1226	4.48e-44	168
Lygodium_japonicum_scaffold11180	AT1G13630.4	26.207	290	205	4	434	1288	272	557	1.09e-23	100
Lygodium_japonicum_scaffold11180	AT1G13630.4	26.000	200	148	0	434	1033	448	647	1.72e-18	84.0
Lygodium_japonicum_scaffold11180	AT1G13630.4	22.709	251	147	3	434	1045	553	803	4.36e-15	72.8
Lygodium_japonicum_scaffold11180	AT1G13630.4	20.955	377	246	7	431	1438	173	538	5.58e-12	62.8
Lygodium_japonicum_scaffold11180	AT1G13630.4	22.222	162	123	1	467	952	649	807	5.31e-07	46.6
Lygodium_japonicum_scaffold11180	AT3G61360.1	22.464	276	174	4	434	1252	179	417	2.60e-13	66.6
Lygodium_japonicum_scaffold11180	AT3G61360.1	23.786	206	120	2	431	1042	282	452	1.23e-09	54.7
Lygodium_japonicum_scaffold11180	AT4G21880.1	21.852	270	162	5	524	1213	391	651	2.49e-07	47.8
Lygodium_japonicum_scaffold11180	AT4G21880.1	22.613	199	144	5	482	1075	482	671	4.81e-07	47.0
Lygodium_japonicum_scaffold11181	AT1G13630.4	26.207	290	205	4	434	1288	272	557	9.79e-24	100
Lygodium_japonicum_scaffold11181	AT1G13630.4	26.000	200	148	0	434	1033	448	647	1.57e-18	84.0
Lygodium_japonicum_scaffold11181	AT1G13630.4	22.709	251	147	3	434	1045	553	803	4.04e-15	72.8
Lygodium_japonicum_scaffold11181	AT1G13630.4	20.955	377	246	7	431	1438	173	538	5.21e-12	62.8
Lygodium_japonicum_scaffold11181	AT1G13630.4	22.222	162	123	1	467	952	649	807	5.00e-07	46.6
Lygodium_japonicum_scaffold11181	AT3G61360.1	22.464	276	174	4	434	1252	179	417	2.42e-13	66.6
Lygodium_japonicum_scaffold11181	AT3G61360.1	23.786	206	120	2	431	1042	282	452	1.15e-09	54.7
Lygodium_japonicum_scaffold11181	AT4G21880.1	21.852	270	162	5	524	1213	391	651	2.35e-07	47.8
Lygodium_japonicum_scaffold11181	AT4G21880.1	22.613	199	144	5	482	1075	482	671	4.53e-07	47.0
Lygodium_japonicum_scaffold11192	AT1G67120.2	56.081	296	128	1	1710	829	5103	5398	1.29e-110	359
Lygodium_japonicum_scaffold11220	AT3G61360.1	22.222	108	77	3	436	741	298	404	8.63e-06	40.4
Lygodium_japonicum_scaffold11235	AT5G64940.1	31.984	247	147	8	69	767	273	512	2.02e-27	110
Lygodium_japonicum_scaffold11233	AT1G13630.4	23.925	372	258	6	566	1621	308	674	1.70e-30	122
Lygodium_japonicum_scaffold11233	AT1G13630.4	22.802	364	244	5	593	1672	244	574	1.87e-26	109
Lygodium_japonicum_scaffold11233	AT1G13630.4	22.817	355	258	3	566	1585	414	767	5.65e-26	108
Lygodium_japonicum_scaffold11233	AT1G13630.4	21.739	345	239	6	563	1597	518	831	1.45e-21	94.0
Lygodium_japonicum_scaffold11233	AT1G13630.4	24.880	209	153	2	983	1597	236	444	1.10e-19	87.8
Lygodium_japonicum_scaffold11233	AT1G13630.4	22.072	222	169	1	920	1585	187	404	2.58e-16	77.0
Lygodium_japonicum_scaffold11233	AT3G61360.1	21.122	303	194	6	884	1663	143	443	6.62e-15	72.0
Lygodium_japonicum_scaffold11233	AT3G61360.1	23.697	211	148	4	1067	1663	134	343	7.82e-13	65.5
Lygodium_japonicum_scaffold11233	AT3G61360.1	21.886	297	224	5	440	1312	137	431	1.83e-10	57.8
Lygodium_japonicum_scaffold11233	AT4G04790.1	22.963	135	101	1	1151	1555	434	565	2.96e-09	54.3
Lygodium_japonicum_scaffold11233	AT4G04790.1	21.221	344	210	12	560	1444	445	776	6.78e-09	53.1
Lygodium_japonicum_scaffold11233	AT4G04790.1	19.636	275	201	8	587	1390	312	573	6.28e-06	43.5
Lygodium_japonicum_scaffold11233	AT4G21880.1	23.022	139	104	1	1139	1555	450	585	3.67e-08	50.8
Lygodium_japonicum_scaffold11233	AT4G21880.1	20.779	308	193	7	572	1468	360	625	3.80e-07	47.4
Lygodium_japonicum_scaffold11270	AT5G35410.1	32.482	274	177	2	15	836	6	271	1.95e-45	160
Lygodium_japonicum_scaffold11270	AT2G26980.4	33.091	275	174	3	15	833	19	285	5.94e-45	158
Lygodium_japonicum_scaffold11270	AT4G24400.1	31.752	274	179	2	15	836	4	269	2.75e-44	156
Lygodium_japonicum_scaffold11270	AT1G30270.1	31.203	266	173	3	21	812	28	285	2.08e-43	155
Lygodium_japonicum_scaffold11270	AT5G21326.1	30.851	282	185	3	15	854	8	281	1.10e-42	152
Lygodium_japonicum_scaffold11270	AT1G01140.3	30.037	273	181	3	21	833	16	280	5.04e-41	147
Lygodium_japonicum_scaffold11287	AT1G27461.1	31.447	159	92	5	953	495	200	347	5.68e-18	79.3
Lygodium_japonicum_scaffold11286	AT1G30270.1	25.490	204	125	7	749	1318	79	269	4.88e-16	75.5
Lygodium_japonicum_scaffold11286	AT5G35410.1	25.871	201	126	6	749	1318	59	247	1.63e-15	73.6
Lygodium_japonicum_scaffold11286	AT5G21326.1	26.471	204	123	7	749	1318	61	251	2.48e-13	66.6
Lygodium_japonicum_scaffold11286	AT1G01140.3	24.510	204	127	7	749	1318	67	257	1.11e-12	64.7
Lygodium_japonicum_scaffold11286	AT4G24400.1	25.373	201	127	6	749	1318	57	245	2.22e-12	63.5
Lygodium_japonicum_scaffold11286	AT2G26980.4	25.000	204	126	7	749	1318	72	262	2.92e-12	63.2
Lygodium_japonicum_scaffold11291	AT1G13630.4	19.477	421	300	6	2050	812	224	613	4.78e-17	79.3
Lygodium_japonicum_scaffold11291	AT1G13630.4	22.222	396	279	11	2002	893	416	808	1.09e-16	78.2
Lygodium_japonicum_scaffold11291	AT1G13630.4	21.284	296	204	9	1417	584	268	552	1.88e-06	45.1
Lygodium_japonicum_scaffold11291	AT4G21880.1	22.936	218	129	7	1639	1001	454	637	5.65e-08	50.1
Lygodium_japonicum_scaffold11291	AT3G61360.1	20.147	273	172	5	1708	920	179	415	9.83e-07	45.4
Lygodium_japonicum_scaffold11293	AT4G04790.1	24.314	255	168	8	1249	536	480	726	4.89e-11	58.5
Lygodium_japonicum_scaffold11293	AT1G13630.4	22.523	222	142	6	1306	665	494	693	4.40e-10	55.5
Lygodium_japonicum_scaffold11293	AT1G13630.4	20.819	293	171	11	1318	605	279	565	7.80e-06	42.0
Lygodium_japonicum_scaffold11293	AT4G21880.1	24.060	133	91	3	1249	866	500	627	7.10e-09	51.6
Lygodium_japonicum_scaffold11303	AT1G20670.1	39.024	82	47	1	1261	1497	183	264	1.30e-10	58.5
Lygodium_japonicum_scaffold11303	AT1G76380.2	32.479	117	75	2	1261	1599	153	269	4.80e-10	56.6
Lygodium_japonicum_scaffold11250	AT5G57420.1	30.526	95	50	3	1239	958	79	158	4.76e-09	50.1
Lygodium_japonicum_scaffold11249	AT5G57420.1	30.526	95	50	3	1239	958	79	158	9.67e-09	49.7
Lygodium_japonicum_scaffold11300	AT1G30270.1	24.873	197	127	8	714	1286	51	232	4.82e-10	56.2
Lygodium_japonicum_scaffold11300	AT2G26980.4	25.106	235	151	10	723	1409	47	262	3.02e-09	53.5
Lygodium_japonicum_scaffold11300	AT1G01140.3	25.128	195	123	8	723	1286	42	220	2.29e-07	47.8
Lygodium_japonicum_scaffold11300	AT4G24400.1	22.396	192	130	8	723	1286	32	208	7.23e-07	45.8
Lygodium_japonicum_scaffold11320	AT1G13630.4	24.085	328	230	9	1701	757	296	617	2.17e-13	66.6
Lygodium_japonicum_scaffold11320	AT4G21880.1	26.136	176	113	6	1590	1075	496	658	9.32e-12	61.6
Lygodium_japonicum_scaffold11320	AT4G04790.1	28.105	153	94	6	1590	1150	476	618	1.26e-09	54.7
Lygodium_japonicum_scaffold11329	AT1G13630.4	21.818	440	307	14	16	1236	330	765	1.37e-15	73.9
Lygodium_japonicum_scaffold11338	AT4G15230.1	26.834	559	356	13	2138	522	808	1333	4.75e-52	192
Lygodium_japonicum_scaffold11338	AT4G15230.1	26.199	584	353	20	2141	552	135	694	3.79e-48	180
Lygodium_japonicum_scaffold11338	AT4G15236.1	27.748	555	354	14	2135	522	799	1323	1.81e-51	191
Lygodium_japonicum_scaffold11338	AT4G15236.1	25.979	562	343	16	2084	552	152	691	1.80e-46	175
Lygodium_japonicum_scaffold11338	AT2G37280.3	26.910	602	382	15	2252	525	805	1374	2.31e-51	190
Lygodium_japonicum_scaffold11338	AT2G37280.3	25.399	626	359	19	2198	552	127	721	1.19e-45	172
Lygodium_japonicum_scaffold11338	AT4G15233.1	27.419	558	352	14	2135	522	801	1325	5.85e-50	186
Lygodium_japonicum_scaffold11338	AT4G15233.1	25.773	582	355	14	2132	552	134	693	4.17e-47	177
Lygodium_japonicum_scaffold11338	AT4G15215.11	26.631	567	347	16	2138	522	805	1330	2.68e-49	184
Lygodium_japonicum_scaffold11338	AT4G15215.11	26.955	601	350	22	2183	552	123	691	1.17e-46	175
Lygodium_japonicum_scaffold11338	AT3G53480.1	26.799	556	354	13	2126	522	860	1383	3.47e-49	183
Lygodium_japonicum_scaffold11338	AT3G53480.1	26.212	557	346	14	2081	552	189	727	2.79e-48	181
Lygodium_japonicum_scaffold11354	AT1G13630.4	22.051	195	147	2	979	407	414	607	4.47e-11	58.9
Lygodium_japonicum_scaffold11354	AT4G04790.1	21.505	279	195	8	1084	299	334	605	3.03e-10	56.2
Lygodium_japonicum_scaffold11354	AT4G21880.1	22.222	279	193	8	1084	299	354	625	3.45e-10	56.2
Lygodium_japonicum_scaffold11395	AT1G13630.4	24.453	274	175	8	1058	321	496	765	5.39e-15	64.7
Lygodium_japonicum_scaffold11395	AT1G13630.4	25.676	74	55	0	1305	1084	414	487	5.39e-15	28.1
Lygodium_japonicum_scaffold11395	AT1G13630.4	22.305	269	163	7	1049	378	327	594	4.21e-09	52.8
Lygodium_japonicum_scaffold11395	AT4G21880.1	30.851	94	60	2	1347	1066	490	578	2.81e-08	50.1
Lygodium_japonicum_scaffold11395	AT4G21880.1	23.741	278	181	10	1100	339	360	630	6.73e-07	45.4
Lygodium_japonicum_scaffold11395	AT4G04790.1	30.435	92	59	2	1347	1072	470	556	1.10e-06	44.7
Lygodium_japonicum_scaffold11400	AT4G15233.1	24.471	331	189	12	1897	947	956	1239	9.94e-15	71.6
Lygodium_japonicum_scaffold11400	AT4G15233.1	31.068	103	68	3	1894	1592	324	425	1.00e-07	48.9
Lygodium_japonicum_scaffold11400	AT3G53480.1	29.048	210	112	8	1897	1292	1014	1194	4.58e-14	69.7
Lygodium_japonicum_scaffold11400	AT3G53480.1	37.864	103	61	3	1894	1592	358	459	2.20e-11	60.8
Lygodium_japonicum_scaffold11400	AT2G37280.3	26.885	305	174	14	1897	1007	1006	1269	9.54e-14	68.6
Lygodium_japonicum_scaffold11400	AT2G37280.3	34.951	103	64	3	1894	1592	352	453	1.57e-10	58.2
Lygodium_japonicum_scaffold11400	AT4G15236.1	25.079	315	175	12	1897	995	954	1221	1.30e-13	68.2
Lygodium_japonicum_scaffold11400	AT4G15236.1	30.097	103	69	3	1894	1592	322	423	9.44e-08	48.9
Lygodium_japonicum_scaffold11400	AT4G15215.11	37.383	107	61	3	1897	1595	961	1067	4.66e-13	66.2
Lygodium_japonicum_scaffold11400	AT4G15215.11	32.039	103	67	3	1894	1592	322	423	1.57e-09	54.7
Lygodium_japonicum_scaffold11400	AT4G15230.1	29.851	134	74	1	1897	1496	964	1077	6.07e-13	65.9
Lygodium_japonicum_scaffold11400	AT4G15230.1	29.126	103	70	3	1894	1592	325	426	7.32e-08	49.3
Lygodium_japonicum_scaffold11402	AT1G69010.1	39.683	63	34	1	1291	1479	50	108	2.20e-08	50.1
Lygodium_japonicum_scaffold11402	AT5G08130.8	39.216	51	31	0	1291	1443	285	335	2.28e-06	44.3
Lygodium_japonicum_scaffold11428	AT1G13630.4	24.786	234	153	6	2050	1412	494	725	7.05e-10	55.8
Lygodium_japonicum_scaffold11428	AT1G13630.4	23.154	298	162	10	2107	1397	404	695	7.29e-09	52.8
Lygodium_japonicum_scaffold11428	AT1G13630.4	24.167	240	168	6	2080	1394	273	509	1.36e-07	48.5
Lygodium_japonicum_scaffold11428	AT4G04790.1	22.566	226	153	7	1948	1307	390	605	9.94e-08	48.9
Lygodium_japonicum_scaffold11428	AT4G04790.1	27.473	91	63	1	1990	1718	481	568	4.23e-06	43.9
Lygodium_japonicum_scaffold11428	AT4G21880.1	22.045	313	220	11	2080	1196	358	664	5.25e-07	46.6
Lygodium_japonicum_scaffold11431	AT5G66020.1	50.447	559	266	5	11	1657	33	590	0.0	565
Lygodium_japonicum_scaffold11431	AT3G51460.1	50.178	562	270	4	2	1657	33	594	0.0	560
Lygodium_japonicum_scaffold11431	AT3G51830.1	47.112	554	286	4	11	1660	37	587	0.0	550
Lygodium_japonicum_scaffold11442	AT3G54170.1	51.417	247	113	1	1604	864	20	259	1.15e-77	243
Lygodium_japonicum_scaffold11454	AT4G21880.1	24.742	97	69	2	3	293	502	594	2.95e-08	48.9
Lygodium_japonicum_scaffold11454	AT4G04790.1	27.586	87	59	2	9	269	484	566	3.02e-07	45.4
Lygodium_japonicum_scaffold11459	AT1G30270.1	30.303	99	64	3	9	302	137	231	6.67e-08	48.1
Lygodium_japonicum_scaffold11459	AT1G01140.3	30.303	99	64	3	9	302	125	219	8.30e-08	47.8
Lygodium_japonicum_scaffold11459	AT5G35410.1	30.208	96	62	2	36	320	124	215	7.48e-07	44.7
Lygodium_japonicum_scaffold11459	AT2G26980.4	32.743	113	69	4	21	350	134	242	9.88e-07	44.3
Lygodium_japonicum_scaffold11459	AT5G21326.1	31.313	99	63	3	9	302	119	213	1.74e-06	43.5
Lygodium_japonicum_scaffold11459	AT4G24400.1	31.633	98	60	3	30	320	122	213	3.72e-06	42.4
Lygodium_japonicum_scaffold11446	AT2G26980.4	28.155	206	137	5	1138	533	30	228	2.68e-14	68.9
Lygodium_japonicum_scaffold11446	AT1G30270.1	26.415	265	158	10	1138	395	37	281	4.48e-14	68.6
Lygodium_japonicum_scaffold11446	AT1G01140.3	25.424	236	157	7	1234	539	1	221	1.32e-13	67.0
Lygodium_japonicum_scaffold11446	AT4G24400.1	28.922	204	132	7	1138	539	15	209	5.41e-13	65.1
Lygodium_japonicum_scaffold11446	AT5G21326.1	25.620	242	159	7	1138	449	19	251	3.25e-11	59.3
Lygodium_japonicum_scaffold11446	AT5G35410.1	27.347	245	155	11	1138	440	17	250	4.49e-11	58.9
Lygodium_japonicum_scaffold11460	AT5G60100.2	31.544	149	74	3	1101	655	62	182	1.28e-14	69.7
Lygodium_japonicum_scaffold11460	AT5G02810.1	27.950	161	87	3	1128	655	62	196	2.85e-14	68.9
Lygodium_japonicum_scaffold11465	AT1G13630.4	22.794	272	178	8	1068	346	494	764	6.22e-11	57.8
Lygodium_japonicum_scaffold11465	AT4G04790.1	30.000	110	72	2	705	382	488	594	3.89e-08	48.9
Lygodium_japonicum_scaffold11465	AT3G61360.1	25.478	157	88	4	855	400	299	431	2.16e-06	43.1
Lygodium_japonicum_scaffold11465	AT4G21880.1	26.126	111	77	3	705	379	508	615	3.23e-06	42.7
Lygodium_japonicum_scaffold11472	AT5G35410.1	33.482	224	122	6	251	910	6	206	2.02e-25	103
Lygodium_japonicum_scaffold11472	AT2G26980.4	29.467	319	168	9	251	1192	19	285	4.75e-25	102
Lygodium_japonicum_scaffold11472	AT4G24400.1	28.707	317	175	8	251	1198	4	270	1.18e-24	101
Lygodium_japonicum_scaffold11472	AT1G30270.1	28.296	311	166	9	257	1174	28	286	3.31e-24	100
Lygodium_japonicum_scaffold11472	AT1G01140.3	29.126	309	166	10	257	1174	16	274	1.61e-23	98.2
Lygodium_japonicum_scaffold11472	AT5G21326.1	34.361	227	118	7	251	910	8	210	5.45e-23	96.7
Lygodium_japonicum_scaffold11475	AT2G43770.1	30.108	93	63	2	825	1103	161	251	2.86e-08	50.4
Lygodium_japonicum_scaffold11479	AT2G36450.1	50.000	66	32	1	1246	1052	11	76	1.90e-10	54.3
Lygodium_japonicum_scaffold11479	AT5G52020.1	58.333	60	23	2	1243	1067	61	119	1.91e-10	55.1
Lygodium_japonicum_scaffold11479	AT1G12630.1	55.556	63	27	1	1255	1067	12	73	4.67e-10	53.5
Lygodium_japonicum_scaffold11494	AT1G13630.4	26.415	212	147	3	404	1015	422	632	3.83e-16	75.9
Lygodium_japonicum_scaffold11494	AT1G13630.4	19.880	332	181	8	458	1207	303	631	2.02e-09	54.3
Lygodium_japonicum_scaffold11494	AT1G13630.4	21.395	215	155	6	605	1222	317	526	2.96e-06	44.3
Lygodium_japonicum_scaffold11494	AT1G13630.4	27.907	129	88	2	27	398	399	527	5.87e-06	43.1
Lygodium_japonicum_scaffold11494	AT4G04790.1	19.545	220	163	4	428	1075	364	573	2.16e-07	47.8
Lygodium_japonicum_scaffold11494	AT3G61360.1	18.605	215	157	4	416	1021	192	401	6.71e-06	42.7
Lygodium_japonicum_scaffold11500	AT1G13630.4	22.543	173	122	6	988	500	422	592	1.97e-06	43.5
Lygodium_japonicum_scaffold11507	AT5G02810.1	50.000	46	22	1	370	507	666	710	8.81e-08	48.5
Lygodium_japonicum_scaffold11507	AT5G60100.2	44.681	47	25	1	376	516	468	513	5.59e-06	42.7
Lygodium_japonicum_scaffold11517	AT5G65930.3	48.855	131	63	3	1905	1519	1133	1261	1.29e-25	106
Lygodium_japonicum_scaffold11516	AT3G66658.2	28.041	485	311	13	280	1662	58	528	1.62e-44	163
Lygodium_japonicum_scaffold11522	AT1G13630.4	21.333	225	171	3	112	771	225	448	4.21e-10	56.6
Lygodium_japonicum_scaffold11522	AT1G13630.4	23.132	281	167	8	31	828	404	650	1.46e-09	55.1
Lygodium_japonicum_scaffold11522	AT1G13630.4	22.222	153	114	2	208	654	655	806	3.43e-08	50.4
Lygodium_japonicum_scaffold11522	AT1G13630.4	22.727	220	160	6	133	771	302	518	1.15e-06	45.4
Lygodium_japonicum_scaffold11522	AT3G61360.1	20.333	300	201	9	16	831	170	459	6.62e-08	49.3
Lygodium_japonicum_scaffold11522	AT4G21880.1	20.879	182	107	6	205	744	450	596	9.35e-06	42.7
Lygodium_japonicum_scaffold11527	AT3G51830.1	48.674	528	237	5	1851	358	62	585	4.64e-175	505
Lygodium_japonicum_scaffold11527	AT3G51460.1	47.723	549	250	6	1896	355	48	594	7.45e-169	489
Lygodium_japonicum_scaffold11527	AT5G66020.1	48.776	531	236	6	1845	355	62	590	6.54e-167	484
Lygodium_japonicum_scaffold11535	AT1G69010.1	44.231	52	29	0	596	441	51	102	3.82e-09	52.4
Lygodium_japonicum_scaffold11535	AT5G08130.8	31.579	95	53	2	719	450	247	334	1.63e-07	47.8
Lygodium_japonicum_scaffold11525	AT4G24400.1	35.071	211	123	6	762	1376	2	204	1.92e-22	95.5
Lygodium_japonicum_scaffold11525	AT5G21326.1	34.597	211	126	5	762	1376	6	210	1.91e-21	92.4
Lygodium_japonicum_scaffold11525	AT2G26980.4	33.645	214	130	5	753	1376	14	221	3.77e-21	91.7
Lygodium_japonicum_scaffold11525	AT5G35410.1	34.928	209	122	6	768	1376	6	206	1.13e-20	90.1
Lygodium_japonicum_scaffold11525	AT1G30270.1	33.023	215	134	6	801	1430	37	246	3.58e-20	89.0
Lygodium_japonicum_scaffold11525	AT1G01140.3	32.195	205	133	5	771	1376	15	216	7.12e-19	84.7
Lygodium_japonicum_scaffold11541	AT5G35410.1	41.553	219	119	5	16	663	10	222	4.02e-48	162
Lygodium_japonicum_scaffold11541	AT4G24400.1	41.096	219	120	5	16	663	8	220	1.45e-46	158
Lygodium_japonicum_scaffold11541	AT1G30270.1	37.838	222	127	5	16	666	30	245	1.85e-45	156
Lygodium_japonicum_scaffold11541	AT2G26980.4	40.724	221	120	5	16	663	23	237	1.99e-45	155
Lygodium_japonicum_scaffold11541	AT5G21326.1	40.090	222	122	5	16	666	12	227	2.20e-45	155
Lygodium_japonicum_scaffold11541	AT1G01140.3	38.182	220	125	5	19	663	19	232	3.94e-43	149
Lygodium_japonicum_scaffold11543	AT1G30270.1	26.946	167	101	5	528	1028	137	282	1.64e-10	57.0
Lygodium_japonicum_scaffold11543	AT2G26980.4	27.811	169	97	5	528	1028	130	275	3.96e-10	55.5
Lygodium_japonicum_scaffold11543	AT4G24400.1	31.250	112	59	3	528	863	115	208	4.38e-10	55.5
Lygodium_japonicum_scaffold11543	AT5G35410.1	31.858	113	59	3	528	866	117	211	7.10e-09	51.6
Lygodium_japonicum_scaffold11543	AT5G21326.1	28.402	169	97	6	528	1034	119	263	1.47e-08	50.4
Lygodium_japonicum_scaffold11543	AT1G01140.3	29.240	171	92	8	528	1028	125	270	2.70e-08	49.7
Lygodium_japonicum_scaffold11566	AT3G61360.1	24.528	212	147	7	12	614	192	401	4.65e-14	68.2
Lygodium_japonicum_scaffold11566	AT3G61360.1	21.531	209	154	4	42	650	137	341	6.32e-06	42.4
Lygodium_japonicum_scaffold11566	AT1G13630.4	22.327	318	195	7	12	833	250	559	2.18e-13	66.6
Lygodium_japonicum_scaffold11566	AT1G13630.4	22.140	271	155	6	6	758	494	728	1.05e-12	64.3
Lygodium_japonicum_scaffold11566	AT1G13630.4	24.096	249	171	6	54	767	373	614	8.85e-12	61.6
Lygodium_japonicum_scaffold11566	AT1G13630.4	19.772	263	182	8	9	731	565	820	4.60e-09	52.8
Lygodium_japonicum_scaffold11566	AT1G13630.4	20.000	320	228	8	30	941	225	532	5.04e-08	49.3
Lygodium_japonicum_scaffold11566	AT4G04790.1	23.353	167	116	3	153	635	475	635	1.61e-08	50.8
Lygodium_japonicum_scaffold11566	AT4G21880.1	22.819	149	109	2	156	593	496	641	3.81e-08	49.7
Lygodium_japonicum_scaffold11566	AT4G21880.1	22.556	133	95	3	66	458	501	627	4.84e-08	49.3
Lygodium_japonicum_scaffold11583	AT3G12740.1	65.502	229	69	3	926	243	128	347	1.77e-99	295
Lygodium_japonicum_scaffold11583	AT3G12740.1	47.273	55	26	2	1080	916	81	132	6.89e-10	53.9
Lygodium_japonicum_scaffold11583	AT1G16360.2	65.639	227	68	3	926	249	127	344	3.25e-99	295
Lygodium_japonicum_scaffold11583	AT1G16360.2	50.909	55	24	2	1080	916	80	131	8.04e-12	60.1
Lygodium_japonicum_scaffold11583	AT1G79450.1	63.877	227	72	3	926	249	127	344	1.06e-98	293
Lygodium_japonicum_scaffold11583	AT1G79450.1	43.636	55	28	2	1080	916	80	131	1.25e-08	50.1
Lygodium_japonicum_scaffold11583	AT1G54320.1	63.755	229	73	3	926	243	127	346	1.39e-97	291
Lygodium_japonicum_scaffold11583	AT1G54320.1	43.636	55	28	2	1080	916	80	131	8.70e-09	50.8
Lygodium_japonicum_scaffold11583	AT5G46150.1	58.333	228	82	4	926	246	124	339	5.40e-84	256
Lygodium_japonicum_scaffold11583	AT5G46150.1	41.818	55	30	1	1080	916	76	128	4.84e-07	45.1
Lygodium_japonicum_scaffold11578	AT5G35410.1	27.273	209	119	9	171	746	17	209	1.95e-12	63.2
Lygodium_japonicum_scaffold11578	AT4G24400.1	26.238	202	130	7	171	746	15	207	6.26e-12	61.6
Lygodium_japonicum_scaffold11578	AT2G26980.4	25.652	230	148	10	171	818	30	250	8.44e-11	57.8
Lygodium_japonicum_scaffold11578	AT1G30270.1	24.000	200	139	6	171	746	37	231	1.04e-10	57.8
Lygodium_japonicum_scaffold11578	AT5G21326.1	24.583	240	153	10	171	827	19	251	2.52e-09	53.1
Lygodium_japonicum_scaffold11578	AT1G01140.3	23.810	210	127	8	171	746	25	219	8.44e-09	51.6
Lygodium_japonicum_scaffold11588	AT4G24400.1	31.461	178	107	8	517	2	30	198	3.30e-16	72.8
Lygodium_japonicum_scaffold11588	AT1G30270.1	28.889	180	113	6	520	2	51	222	3.50e-14	66.6
Lygodium_japonicum_scaffold11588	AT5G35410.1	31.613	155	95	6	460	2	55	200	3.99e-14	66.2
Lygodium_japonicum_scaffold11588	AT1G01140.3	32.203	177	105	7	511	2	42	210	1.07e-13	65.1
Lygodium_japonicum_scaffold11588	AT2G26980.4	31.111	180	107	8	517	2	45	215	1.08e-13	65.1
Lygodium_japonicum_scaffold11588	AT5G21326.1	31.111	180	107	8	517	2	34	204	1.02e-12	62.0
Lygodium_japonicum_scaffold11582	AT1G30270.1	74.483	435	105	3	1645	356	28	461	0.0	690
Lygodium_japonicum_scaffold11582	AT1G01140.3	71.526	439	117	4	1654	356	13	449	0.0	662
Lygodium_japonicum_scaffold11582	AT2G26980.4	69.725	436	129	3	1663	359	15	448	0.0	648
Lygodium_japonicum_scaffold11582	AT5G21326.1	69.425	435	130	3	1672	371	1	433	0.0	644
Lygodium_japonicum_scaffold11582	AT5G35410.1	58.257	436	175	4	1648	353	7	439	0.0	541
Lygodium_japonicum_scaffold11582	AT4G24400.1	58.685	426	170	4	1648	380	5	427	0.0	530
Lygodium_japonicum_scaffold11615	AT4G24400.1	35.176	199	116	7	1001	423	11	202	2.33e-25	101
Lygodium_japonicum_scaffold11615	AT1G01140.3	36.548	197	112	8	989	420	25	215	2.53e-25	101
Lygodium_japonicum_scaffold11615	AT2G26980.4	34.673	199	113	9	989	420	30	220	2.57e-24	98.6
Lygodium_japonicum_scaffold11615	AT5G35410.1	33.333	195	119	5	989	420	17	205	8.82e-24	97.1
Lygodium_japonicum_scaffold11615	AT5G21326.1	34.673	199	113	9	989	420	19	209	5.84e-23	94.4
Lygodium_japonicum_scaffold11615	AT1G30270.1	32.178	202	120	9	1001	423	33	226	8.65e-22	91.3
Lygodium_japonicum_scaffold11613	AT5G60100.2	45.614	57	31	0	773	603	455	511	2.70e-10	56.6
Lygodium_japonicum_scaffold11613	AT5G02810.1	50.000	46	23	0	737	600	667	712	4.32e-10	56.2
Lygodium_japonicum_scaffold11617	AT1G13630.4	22.570	607	369	22	3897	2320	189	775	2.31e-17	81.6
Lygodium_japonicum_scaffold11617	AT4G21880.1	25.352	142	98	3	3369	2953	492	628	1.31e-08	53.1
Lygodium_japonicum_scaffold11617	AT4G21880.1	25.581	129	90	3	3939	3562	502	627	3.18e-08	51.6
Lygodium_japonicum_scaffold11617	AT4G21880.1	26.471	136	94	3	2733	2335	500	632	2.39e-06	45.8
Lygodium_japonicum_scaffold11617	AT4G04790.1	26.087	92	65	1	2733	2458	480	568	8.68e-06	43.9
Lygodium_japonicum_scaffold11645	AT5G35410.1	28.571	252	159	8	2100	1378	17	258	1.61e-17	80.1
Lygodium_japonicum_scaffold11645	AT2G26980.4	30.973	226	135	7	2100	1462	30	247	8.57e-17	77.8
Lygodium_japonicum_scaffold11645	AT1G30270.1	28.700	223	142	5	2100	1444	37	246	3.36e-16	76.3
Lygodium_japonicum_scaffold11645	AT4G24400.1	30.392	204	129	5	2100	1501	15	209	2.92e-15	72.8
Lygodium_japonicum_scaffold11645	AT1G01140.3	28.431	204	135	4	2100	1501	25	221	3.24e-14	69.7
Lygodium_japonicum_scaffold11645	AT5G21326.1	28.821	229	142	7	2100	1453	19	239	3.89e-14	69.3
Lygodium_japonicum_scaffold11648	AT2G26980.4	70.922	423	121	1	1995	727	20	440	0.0	659
Lygodium_japonicum_scaffold11648	AT1G30270.1	72.727	429	110	4	1992	721	28	454	0.0	659
Lygodium_japonicum_scaffold11648	AT1G01140.3	69.932	439	125	4	2022	721	6	442	0.0	654
Lygodium_japonicum_scaffold11648	AT5G21326.1	69.977	433	128	2	2019	721	1	431	0.0	642
Lygodium_japonicum_scaffold11648	AT4G24400.1	59.859	426	166	3	1995	724	5	427	0.0	551
Lygodium_japonicum_scaffold11648	AT5G35410.1	59.346	428	168	3	1995	721	7	431	0.0	549
Lygodium_japonicum_scaffold11655	AT1G13630.4	23.315	356	241	9	408	1394	414	764	4.63e-20	88.6
Lygodium_japonicum_scaffold11655	AT1G13630.4	19.465	411	313	7	66	1253	225	632	7.05e-14	68.6
Lygodium_japonicum_scaffold11655	AT1G13630.4	21.481	405	287	11	105	1238	414	814	9.05e-14	68.2
Lygodium_japonicum_scaffold11655	AT4G21880.1	25.714	140	96	4	708	1112	501	637	8.23e-08	48.9
Lygodium_japonicum_scaffold11655	AT4G21880.1	22.283	184	135	4	372	914	492	670	6.48e-07	46.2
Lygodium_japonicum_scaffold11655	AT3G61360.1	22.747	233	167	5	315	980	180	410	1.41e-07	48.1
Lygodium_japonicum_scaffold11655	AT3G61360.1	22.989	174	127	2	12	512	180	353	2.32e-06	43.9
Lygodium_japonicum_scaffold11655	AT4G04790.1	28.205	117	68	4	1059	1373	497	609	8.18e-06	42.7
Lygodium_japonicum_scaffold11672	AT4G19390.1	55.249	181	70	2	450	992	101	270	4.94e-63	198
Lygodium_japonicum_scaffold11673	AT5G46250.1	40.278	72	41	1	2659	2450	103	174	8.82e-12	62.0
Lygodium_japonicum_scaffold11689	AT1G13630.4	29.592	98	69	0	1436	1143	514	611	7.28e-09	52.0
Lygodium_japonicum_scaffold11689	AT1G13630.4	28.889	135	87	3	1466	1083	363	495	4.24e-08	49.3
Lygodium_japonicum_scaffold11689	AT1G13630.4	29.474	95	67	0	1436	1152	444	538	1.37e-07	47.8
Lygodium_japonicum_scaffold11689	AT4G04790.1	23.656	93	68	1	1427	1149	480	569	5.15e-08	49.3
Lygodium_japonicum_scaffold11689	AT4G21880.1	22.549	102	74	2	1427	1128	500	598	7.91e-08	48.5
Lygodium_japonicum_scaffold11686	AT2G26980.4	41.975	81	45	2	2	238	146	226	8.72e-09	52.0
Lygodium_japonicum_scaffold11686	AT4G24400.1	35.965	114	56	5	2	301	131	241	1.54e-08	51.2
Lygodium_japonicum_scaffold11686	AT5G21326.1	41.975	81	45	2	2	238	135	215	1.65e-08	51.2
Lygodium_japonicum_scaffold11686	AT1G01140.3	41.975	81	45	2	2	238	141	221	3.23e-08	50.4
Lygodium_japonicum_scaffold11686	AT1G30270.1	33.628	113	62	3	2	301	153	265	5.63e-08	49.7
Lygodium_japonicum_scaffold11686	AT5G35410.1	39.506	81	41	3	2	232	133	209	1.10e-07	48.5
Lygodium_japonicum_scaffold11696	AT1G13630.4	28.291	357	241	3	1438	413	415	771	5.39e-55	163
Lygodium_japonicum_scaffold11696	AT1G13630.4	26.812	138	101	0	1877	1464	267	404	5.39e-55	64.7
Lygodium_japonicum_scaffold11696	AT1G13630.4	28.329	353	243	4	1474	428	232	578	8.68e-44	163
Lygodium_japonicum_scaffold11696	AT1G13630.4	25.231	325	228	2	1444	515	483	807	1.52e-31	125
Lygodium_japonicum_scaffold11696	AT1G13630.4	28.324	173	121	1	922	413	236	408	6.99e-19	85.1
Lygodium_japonicum_scaffold11696	AT1G13630.4	28.571	147	105	0	1877	1437	443	589	2.16e-17	74.7
Lygodium_japonicum_scaffold11696	AT1G13630.4	28.571	49	28	2	2001	1867	396	441	2.16e-17	27.3
Lygodium_japonicum_scaffold11696	AT1G13630.4	30.201	149	103	1	1877	1434	372	520	1.13e-14	71.6
Lygodium_japonicum_scaffold11696	AT1G13630.4	27.160	162	105	2	1862	1416	518	679	1.05e-12	65.5
Lygodium_japonicum_scaffold11696	AT1G13630.4	27.083	144	98	2	1865	1434	208	344	1.30e-12	65.1
Lygodium_japonicum_scaffold11696	AT1G13630.4	30.216	139	97	0	1853	1437	416	554	3.48e-12	63.5
Lygodium_japonicum_scaffold11696	AT1G13630.4	24.719	178	129	2	1877	1347	478	651	7.27e-12	62.4
Lygodium_japonicum_scaffold11696	AT1G13630.4	24.138	145	110	0	1868	1434	235	379	3.38e-10	57.0
Lygodium_japonicum_scaffold11696	AT1G13630.4	22.561	164	115	1	1889	1434	544	707	1.87e-09	54.7
Lygodium_japonicum_scaffold11696	AT1G13630.4	23.899	159	109	2	1877	1437	583	741	4.44e-08	50.4
Lygodium_japonicum_scaffold11696	AT1G13630.4	23.776	143	109	0	1877	1449	665	807	3.54e-07	47.4
Lygodium_japonicum_scaffold11696	AT3G61360.1	24.658	292	207	6	1249	407	134	423	9.90e-20	87.0
Lygodium_japonicum_scaffold11696	AT3G61360.1	22.159	352	252	7	1540	530	108	452	3.53e-19	85.1
Lygodium_japonicum_scaffold11696	AT3G61360.1	22.849	337	237	7	1423	458	113	441	1.13e-17	80.5
Lygodium_japonicum_scaffold11696	AT3G61360.1	25.000	148	109	1	1880	1443	242	389	2.62e-12	57.8
Lygodium_japonicum_scaffold11696	AT3G61360.1	31.373	51	34	1	1387	1238	409	459	2.62e-12	26.9
Lygodium_japonicum_scaffold11696	AT3G61360.1	28.082	146	105	0	1877	1440	208	353	3.17e-10	57.0
Lygodium_japonicum_scaffold11696	AT3G61360.1	23.846	130	87	3	1865	1476	154	271	4.85e-07	46.6
Lygodium_japonicum_scaffold11696	AT4G21880.1	22.715	361	235	12	1390	377	237	576	7.83e-12	62.4
Lygodium_japonicum_scaffold11696	AT4G21880.1	21.005	219	172	1	1405	752	373	591	1.77e-08	51.6
Lygodium_japonicum_scaffold11696	AT4G04790.1	21.661	277	163	7	1261	440	345	570	2.52e-08	51.2
Lygodium_japonicum_scaffold11696	AT4G04790.1	19.776	268	173	4	1390	701	359	622	2.52e-08	51.2
Lygodium_japonicum_scaffold11710	AT2G23170.1	29.341	167	74	4	27	503	455	585	2.90e-15	69.7
Lygodium_japonicum_scaffold11710	AT1G28130.1	33.784	148	58	5	63	497	486	596	2.93e-15	69.7
Lygodium_japonicum_scaffold11710	AT1G59500.1	28.916	166	73	5	27	497	456	585	7.98e-15	68.6
Lygodium_japonicum_scaffold11710	AT4G37390.1	26.667	165	78	3	27	497	462	591	5.71e-14	65.9
Lygodium_japonicum_scaffold11710	AT4G27260.1	31.034	145	63	5	63	497	489	596	2.04e-12	61.2
Lygodium_japonicum_scaffold11710	AT5G54510.1	28.966	145	66	4	63	497	489	596	3.64e-12	60.5
Lygodium_japonicum_scaffold11710	AT2G14960.1	27.586	145	69	5	63	497	469	577	1.05e-10	55.8
Lygodium_japonicum_scaffold11710	AT2G47750.1	26.027	146	66	3	63	497	473	577	3.49e-08	48.1
Lygodium_japonicum_scaffold11723	AT5G02810.1	33.594	128	78	2	187	570	76	196	4.67e-16	75.9
Lygodium_japonicum_scaffold11723	AT5G60100.2	34.375	128	77	1	187	570	62	182	4.08e-15	72.4
Lygodium_japonicum_scaffold11715	AT1G30270.1	35.336	283	165	8	602	1420	30	304	2.02e-45	165
Lygodium_japonicum_scaffold11715	AT1G01140.3	35.424	271	162	7	605	1402	19	281	1.75e-42	155
Lygodium_japonicum_scaffold11715	AT5G35410.1	37.218	266	152	9	602	1384	10	265	3.00e-42	154
Lygodium_japonicum_scaffold11715	AT2G26980.4	36.397	272	160	7	602	1402	23	286	2.13e-41	152
Lygodium_japonicum_scaffold11715	AT5G21326.1	37.037	270	157	8	602	1396	12	273	2.76e-41	151
Lygodium_japonicum_scaffold11715	AT4G24400.1	34.470	264	160	6	602	1381	8	262	1.26e-37	141
Lygodium_japonicum_scaffold11740	AT4G21880.1	24.432	176	124	6	2064	1552	496	667	4.17e-10	57.4
Lygodium_japonicum_scaffold11740	AT3G61360.1	20.661	242	171	7	2406	1708	194	423	4.06e-07	47.4
Lygodium_japonicum_scaffold11748	AT2G43770.1	25.523	239	143	11	734	1435	102	310	3.23e-10	55.8
Lygodium_japonicum_scaffold11754	AT4G22140.1	70.647	201	55	2	324	926	10	206	5.44e-102	302
Lygodium_japonicum_scaffold11754	AT4G39100.1	63.462	208	71	3	321	935	1	206	2.89e-93	279
Lygodium_japonicum_scaffold11754	AT4G04260.2	63.483	178	61	3	393	926	8	181	3.93e-73	226
Lygodium_japonicum_scaffold11780	AT2G43770.1	25.391	256	168	5	3018	2281	65	307	6.29e-17	77.4
Lygodium_japonicum_scaffold11780	AT2G43770.1	24.352	193	139	4	2688	2125	37	227	3.15e-11	60.1
Lygodium_japonicum_scaffold11780	AT2G43770.1	23.387	248	144	10	3048	2425	102	343	7.10e-06	43.1
Lygodium_japonicum_scaffold11780	AT3G49180.1	32.653	98	55	1	2637	2377	79	176	1.49e-08	52.0
Lygodium_japonicum_scaffold11779	AT5G64940.1	78.261	621	132	2	2013	160	141	761	0.0	949
Lygodium_japonicum_scaffold11784	AT1G13630.4	24.044	183	133	3	2023	1490	358	539	2.78e-10	57.4
Lygodium_japonicum_scaffold11784	AT4G04790.1	20.833	240	180	3	2023	1322	392	627	3.61e-06	43.9
Lygodium_japonicum_scaffold11793	AT4G24400.1	45.455	220	99	7	1222	593	84	292	1.29e-53	177
Lygodium_japonicum_scaffold11793	AT4G24400.1	30.120	83	54	1	1458	1222	5	87	1.29e-53	46.2
Lygodium_japonicum_scaffold11793	AT1G30270.1	40.928	237	119	6	1219	530	107	329	4.56e-52	173
Lygodium_japonicum_scaffold11793	AT1G30270.1	27.160	81	55	1	1449	1219	30	110	4.56e-52	44.3
Lygodium_japonicum_scaffold11793	AT5G35410.1	44.845	194	90	5	1222	656	86	267	5.47e-51	160
Lygodium_japonicum_scaffold11793	AT5G35410.1	33.333	84	52	1	1458	1219	7	90	5.47e-51	53.5
Lygodium_japonicum_scaffold11793	AT2G26980.4	42.601	223	108	6	1222	575	99	308	6.45e-51	165
Lygodium_japonicum_scaffold11793	AT2G26980.4	30.000	80	52	1	1449	1222	23	102	6.45e-51	48.5
Lygodium_japonicum_scaffold11793	AT5G21326.1	42.601	223	108	6	1222	575	88	297	1.49e-50	164
Lygodium_japonicum_scaffold11793	AT5G21326.1	30.435	92	59	2	1479	1216	3	93	1.49e-50	47.8
Lygodium_japonicum_scaffold11793	AT1G01140.3	45.641	195	87	5	1222	659	94	276	1.83e-50	167
Lygodium_japonicum_scaffold11793	AT1G01140.3	28.090	89	60	1	1473	1219	10	98	1.83e-50	45.8
Lygodium_japonicum_scaffold11810	AT1G30270.1	26.316	171	115	5	1326	829	37	201	3.72e-10	56.2
Lygodium_japonicum_scaffold11810	AT5G35410.1	28.249	177	108	6	1326	820	17	182	1.05e-09	54.7
Lygodium_japonicum_scaffold11810	AT1G01140.3	26.857	175	117	5	1326	817	25	193	1.58e-09	54.3
Lygodium_japonicum_scaffold11810	AT4G24400.1	26.601	203	122	8	1326	766	15	206	1.46e-08	51.2
Lygodium_japonicum_scaffold11810	AT2G26980.4	24.000	200	133	6	1326	766	30	223	2.03e-06	44.3
Lygodium_japonicum_scaffold11810	AT5G21326.1	25.000	200	131	6	1326	766	19	212	7.58e-06	42.4
Lygodium_japonicum_scaffold11809	AT2G26980.4	52.326	258	119	2	249	1013	24	280	2.36e-88	284
Lygodium_japonicum_scaffold11809	AT4G24400.1	51.765	255	121	2	249	1010	9	262	4.34e-87	280
Lygodium_japonicum_scaffold11809	AT5G21326.1	51.737	259	119	3	249	1013	13	269	6.63e-87	280
Lygodium_japonicum_scaffold11809	AT1G30270.1	48.872	266	130	3	249	1031	31	295	1.23e-86	280
Lygodium_japonicum_scaffold11809	AT1G01140.3	46.284	296	145	4	249	1127	19	303	5.08e-85	275
Lygodium_japonicum_scaffold11809	AT5G35410.1	48.638	257	130	2	249	1016	11	266	4.31e-82	266
Lygodium_japonicum_scaffold11811	AT5G35410.1	26.562	256	159	11	1858	1142	17	260	2.95e-12	63.2
Lygodium_japonicum_scaffold11811	AT1G30270.1	25.888	197	134	6	1858	1286	37	227	5.79e-12	62.4
Lygodium_japonicum_scaffold11811	AT1G01140.3	27.064	218	131	8	1858	1238	25	225	2.60e-11	60.5
Lygodium_japonicum_scaffold11811	AT4G24400.1	25.926	216	134	9	1858	1238	15	213	1.28e-09	55.1
Lygodium_japonicum_scaffold11811	AT2G26980.4	24.390	246	155	9	1858	1178	30	263	7.04e-08	49.3
Lygodium_japonicum_scaffold11811	AT5G21326.1	26.396	197	133	6	1858	1286	19	209	9.93e-08	48.9
Lygodium_japonicum_scaffold11814	AT5G35410.1	27.374	179	114	6	36	560	40	206	9.29e-11	57.0
Lygodium_japonicum_scaffold11814	AT4G24400.1	26.596	188	123	6	30	575	31	209	1.07e-09	53.9
Lygodium_japonicum_scaffold11814	AT2G26980.4	26.667	195	116	8	30	575	46	226	4.63e-09	51.6
Lygodium_japonicum_scaffold11814	AT1G30270.1	25.397	189	116	7	30	560	53	228	5.77e-09	51.6
Lygodium_japonicum_scaffold11814	AT1G01140.3	24.859	177	113	6	51	560	53	216	9.04e-09	50.8
Lygodium_japonicum_scaffold11814	AT5G21326.1	26.984	189	113	8	30	560	35	210	1.69e-07	47.0
Lygodium_japonicum_scaffold11830	AT1G13630.4	21.389	547	375	14	1908	400	268	803	6.59e-16	75.1
Lygodium_japonicum_scaffold11830	AT1G13630.4	21.661	277	187	9	1956	1207	494	767	7.63e-07	45.8
Lygodium_japonicum_scaffold11830	AT4G21880.1	25.455	165	110	4	1662	1198	471	632	2.36e-08	50.8
Lygodium_japonicum_scaffold11830	AT4G21880.1	23.024	291	192	9	1725	913	348	626	2.75e-08	50.8
Lygodium_japonicum_scaffold11830	AT4G21880.1	22.018	218	160	4	1242	610	412	626	4.00e-07	47.0
Lygodium_japonicum_scaffold11830	AT3G61360.1	24.074	162	116	2	1950	1486	192	353	1.02e-07	48.5
Lygodium_japonicum_scaffold11830	AT4G04790.1	22.172	221	156	4	1242	610	392	606	5.69e-07	46.6
Lygodium_japonicum_scaffold11745	AT1G13630.4	25.541	231	153	6	1405	758	303	529	2.79e-16	76.6
Lygodium_japonicum_scaffold11745	AT1G13630.4	24.227	194	140	4	1528	959	369	559	1.25e-10	58.5
Lygodium_japonicum_scaffold11745	AT1G13630.4	24.111	253	155	3	1570	920	286	537	3.88e-09	53.5
Lygodium_japonicum_scaffold11745	AT1G13630.4	20.736	299	179	6	1564	809	429	716	2.20e-08	51.2
Lygodium_japonicum_scaffold11745	AT4G21880.1	20.574	209	153	7	1552	941	380	580	4.81e-11	59.7
Lygodium_japonicum_scaffold11745	AT4G04790.1	20.755	212	149	6	1552	941	360	560	8.73e-10	55.8
Lygodium_japonicum_scaffold11745	AT4G04790.1	22.222	171	132	1	1462	953	354	524	8.32e-08	49.3
Lygodium_japonicum_scaffold11745	AT3G61360.1	20.000	200	148	2	1528	950	240	434	4.54e-07	46.6
Lygodium_japonicum_scaffold11745	AT3G61360.1	22.222	180	125	4	1351	854	264	442	5.16e-06	43.1
Lygodium_japonicum_scaffold11825	AT5G16260.1	42.857	70	31	4	865	662	275	337	2.75e-06	43.5
Lygodium_japonicum_scaffold11826	AT5G16260.1	42.857	70	31	4	1402	1199	275	337	3.95e-06	43.5
Lygodium_japonicum_scaffold11877	AT1G13630.4	34.286	70	46	0	74	283	414	483	1.25e-10	58.2
Lygodium_japonicum_scaffold11877	AT1G13630.4	34.286	70	46	0	59	268	514	583	2.43e-09	53.9
Lygodium_japonicum_scaffold11877	AT1G13630.4	36.364	66	42	0	74	271	308	373	9.29e-06	42.4
Lygodium_japonicum_scaffold11873	AT2G43770.1	20.608	296	224	7	1077	220	46	340	7.06e-12	61.6
Lygodium_japonicum_scaffold11873	AT2G43770.1	18.876	249	183	6	921	217	56	299	2.46e-06	44.3
Lygodium_japonicum_scaffold11875	AT5G64940.1	41.818	55	32	0	155	319	574	628	1.26e-06	45.1
Lygodium_japonicum_scaffold11876	AT2G43770.1	24.483	290	176	7	370	1227	90	340	5.60e-13	64.3
Lygodium_japonicum_scaffold11876	AT2G43770.1	22.613	199	150	3	643	1230	52	249	3.50e-10	55.8
Lygodium_japonicum_scaffold11876	AT2G43770.1	23.003	313	188	15	370	1272	47	318	1.89e-09	53.5
Lygodium_japonicum_scaffold11876	AT4G28450.1	22.112	303	211	10	382	1233	64	360	2.90e-07	47.0
Lygodium_japonicum_scaffold11876	AT3G49180.1	32.558	86	57	1	1003	1260	73	157	4.20e-07	46.6
Lygodium_japonicum_scaffold11876	AT3G49180.1	24.272	206	132	7	379	933	117	319	7.35e-06	42.4
Lygodium_japonicum_scaffold11887	AT1G13630.4	20.357	280	198	5	2671	1859	336	599	5.33e-10	57.0
Lygodium_japonicum_scaffold11887	AT4G04790.1	22.140	271	182	7	2392	1631	338	596	5.35e-09	53.5
Lygodium_japonicum_scaffold11887	AT3G61360.1	22.951	183	116	5	2671	2147	207	372	2.85e-07	47.8
Lygodium_japonicum_scaffold11888	AT1G30270.1	30.159	126	78	4	1193	816	86	201	4.60e-10	52.8
Lygodium_japonicum_scaffold11888	AT1G30270.1	42.857	21	12	0	781	719	212	232	4.60e-10	23.1
Lygodium_japonicum_scaffold11888	AT2G26980.4	30.159	126	78	4	1193	816	79	194	5.46e-09	51.6
Lygodium_japonicum_scaffold11888	AT1G01140.3	28.571	126	80	4	1193	816	74	189	7.00e-09	49.3
Lygodium_japonicum_scaffold11888	AT1G01140.3	45.000	20	11	0	778	719	201	220	7.00e-09	22.7
Lygodium_japonicum_scaffold11888	AT4G24400.1	38.667	75	35	3	1022	798	119	182	2.09e-08	49.7
Lygodium_japonicum_scaffold11888	AT5G21326.1	30.159	126	78	4	1193	816	68	183	2.84e-08	49.3
Lygodium_japonicum_scaffold11888	AT5G35410.1	30.159	126	76	3	1193	816	66	179	4.34e-08	48.5
Lygodium_japonicum_scaffold11893	AT4G36990.1	51.111	45	21	1	384	515	63	107	1.57e-07	46.6
Lygodium_japonicum_scaffold11904	AT1G73390.1	55.367	177	79	0	883	353	226	402	1.63e-77	203
Lygodium_japonicum_scaffold11904	AT1G73390.1	41.912	136	77	2	1353	949	82	216	1.63e-77	99.4
Lygodium_japonicum_scaffold11904	AT1G17940.1	56.897	174	75	0	883	362	227	400	2.72e-74	205
Lygodium_japonicum_scaffold11904	AT1G17940.1	38.971	136	82	1	1353	949	82	217	2.72e-74	86.3
Lygodium_japonicum_scaffold11919	AT2G43770.1	24.026	308	204	10	1127	246	49	340	8.39e-14	66.2
Lygodium_japonicum_scaffold11955	AT1G30270.1	29.268	164	106	5	908	1393	79	234	1.14e-12	64.3
Lygodium_japonicum_scaffold11955	AT2G26980.4	29.878	164	105	5	908	1393	72	227	5.76e-12	62.0
Lygodium_japonicum_scaffold11955	AT1G01140.3	28.571	161	105	5	908	1384	67	219	3.05e-11	59.7
Lygodium_japonicum_scaffold11955	AT5G21326.1	30.769	169	96	7	914	1393	60	216	3.21e-11	59.7
Lygodium_japonicum_scaffold11955	AT5G35410.1	27.607	163	108	4	908	1393	59	212	7.48e-11	58.5
Lygodium_japonicum_scaffold11955	AT4G24400.1	30.864	162	98	6	908	1384	57	207	1.47e-10	57.4
Lygodium_japonicum_scaffold11950	AT3G16110.1	33.696	92	60	1	1351	1079	412	503	4.80e-11	59.3
Lygodium_japonicum_scaffold11950	AT3G16110.1	32.500	80	50	2	1330	1100	78	156	1.53e-08	51.2
Lygodium_japonicum_scaffold11950	AT3G16110.1	27.907	129	84	2	1777	1418	396	524	1.76e-07	47.8
Lygodium_japonicum_scaffold11950	AT3G16110.1	33.696	92	56	3	1732	1466	77	166	1.82e-06	44.3
Lygodium_japonicum_scaffold11950	AT1G52260.1	27.869	122	82	3	1312	956	85	203	7.07e-10	55.5
Lygodium_japonicum_scaffold11950	AT1G52260.1	31.858	113	75	2	1351	1019	413	525	1.68e-09	54.3
Lygodium_japonicum_scaffold11950	AT1G52260.1	32.609	92	58	2	1732	1466	78	168	7.58e-09	52.0
Lygodium_japonicum_scaffold11965	AT1G13630.4	20.000	375	265	10	1791	757	439	808	8.80e-13	65.1
Lygodium_japonicum_scaffold11965	AT1G13630.4	23.267	202	146	5	1578	997	338	538	4.00e-08	50.1
Lygodium_japonicum_scaffold11965	AT4G04790.1	22.222	225	156	6	1458	820	413	630	4.90e-08	49.7
Lygodium_japonicum_scaffold11972	AT5G21326.1	27.823	248	152	7	1864	1157	19	251	5.56e-15	72.0
Lygodium_japonicum_scaffold11972	AT2G26980.4	28.226	248	151	7	1864	1157	30	262	1.07e-14	70.9
Lygodium_japonicum_scaffold11972	AT5G35410.1	27.530	247	152	8	1864	1157	17	247	1.46e-14	70.5
Lygodium_japonicum_scaffold11972	AT1G01140.3	28.302	212	135	6	1885	1262	18	216	1.86e-14	70.5
Lygodium_japonicum_scaffold11972	AT1G30270.1	26.316	247	157	8	1864	1157	37	269	1.02e-13	68.2
Lygodium_japonicum_scaffold11972	AT4G24400.1	28.436	211	132	7	1864	1244	15	210	4.11e-13	65.9
Lygodium_japonicum_scaffold11979	AT5G57420.1	32.500	80	46	2	1164	946	80	158	3.70e-06	42.4
Lygodium_japonicum_scaffold11984	AT4G04790.1	24.348	115	77	3	1943	1617	484	594	1.56e-06	45.1
Lygodium_japonicum_scaffold11984	AT4G21880.1	22.449	98	72	2	1952	1659	501	594	1.70e-06	45.1
Lygodium_japonicum_scaffold11994	AT4G24400.1	34.272	213	128	5	1260	631	13	216	1.95e-30	117
Lygodium_japonicum_scaffold11994	AT5G35410.1	28.682	258	173	4	1260	493	15	263	2.52e-26	105
Lygodium_japonicum_scaffold11994	AT1G30270.1	27.509	269	180	6	1260	469	35	293	8.53e-26	103
Lygodium_japonicum_scaffold11994	AT5G21326.1	28.253	269	170	7	1260	481	17	271	5.32e-25	100
Lygodium_japonicum_scaffold11994	AT2G26980.4	30.882	204	129	4	1260	667	28	225	1.34e-24	99.8
Lygodium_japonicum_scaffold11994	AT1G01140.3	28.358	268	169	8	1260	484	23	276	6.34e-24	97.8
Lygodium_japonicum_scaffold12003	AT1G30270.1	29.375	160	104	4	1807	1340	79	233	9.59e-15	70.9
Lygodium_japonicum_scaffold12003	AT5G35410.1	32.911	158	97	5	1807	1343	59	210	5.90e-14	68.2
Lygodium_japonicum_scaffold12003	AT5G21326.1	31.056	161	100	5	1807	1340	61	215	2.43e-13	66.2
Lygodium_japonicum_scaffold12003	AT4G24400.1	29.878	164	96	6	1807	1340	57	209	2.47e-13	66.2
Lygodium_japonicum_scaffold12003	AT1G01140.3	27.500	160	107	4	1807	1340	67	221	4.60e-12	62.0
Lygodium_japonicum_scaffold12003	AT2G26980.4	29.193	161	103	5	1807	1340	72	226	5.93e-12	61.6
Lygodium_japonicum_scaffold10583	AT5G35410.1	34.746	118	67	5	993	1343	171	279	3.62e-12	62.4
Lygodium_japonicum_scaffold10583	AT1G30270.1	29.752	121	72	4	951	1298	175	287	6.76e-09	52.0
Lygodium_japonicum_scaffold10583	AT5G21326.1	33.333	87	53	2	993	1250	175	257	1.11e-07	48.1
Lygodium_japonicum_scaffold10583	AT1G01140.3	29.126	103	64	3	993	1298	181	275	1.21e-07	48.1
Lygodium_japonicum_scaffold10583	AT4G24400.1	28.814	118	73	4	951	1295	153	262	1.44e-07	47.8
Lygodium_japonicum_scaffold10583	AT2G26980.4	30.769	91	50	4	993	1250	186	268	5.29e-07	45.8
Lygodium_japonicum_scaffold12016	AT3G49180.1	23.626	182	115	5	443	925	129	307	1.51e-08	50.8
Lygodium_japonicum_scaffold12016	AT2G43770.1	21.864	279	161	8	440	1270	26	249	1.09e-06	44.7
Lygodium_japonicum_scaffold12037	AT5G54510.1	42.995	414	208	5	2	1171	17	426	4.72e-129	333
Lygodium_japonicum_scaffold12037	AT5G54510.1	40.659	182	97	3	1174	1710	427	600	4.72e-129	141
Lygodium_japonicum_scaffold12037	AT4G27260.1	41.546	414	214	5	2	1171	17	426	4.33e-124	315
Lygodium_japonicum_scaffold12037	AT4G27260.1	40.659	182	97	3	1174	1710	427	600	4.33e-124	143
Lygodium_japonicum_scaffold12037	AT2G14960.1	41.919	396	215	5	8	1171	17	405	2.98e-121	304
Lygodium_japonicum_scaffold12037	AT2G14960.1	41.860	172	95	3	1174	1674	406	577	2.98e-121	144
Lygodium_japonicum_scaffold12037	AT2G23170.1	39.900	401	225	7	5	1171	16	412	1.14e-120	295
Lygodium_japonicum_scaffold12037	AT2G23170.1	43.275	171	93	2	1174	1674	413	583	1.14e-120	152
Lygodium_japonicum_scaffold12037	AT1G59500.1	38.250	400	233	5	5	1171	17	413	1.38e-117	288
Lygodium_japonicum_scaffold12037	AT1G59500.1	40.698	172	97	2	1174	1674	414	585	1.38e-117	148
Lygodium_japonicum_scaffold12037	AT1G28130.1	38.889	414	219	8	20	1171	12	421	1.40e-117	298
Lygodium_japonicum_scaffold12037	AT1G28130.1	42.941	170	89	3	1174	1659	422	591	1.40e-117	137
Lygodium_japonicum_scaffold12037	AT4G37390.1	37.931	406	232	5	5	1171	17	419	3.80e-117	284
Lygodium_japonicum_scaffold12037	AT4G37390.1	40.698	172	97	2	1174	1674	420	591	3.80e-117	150
Lygodium_japonicum_scaffold12037	AT2G47750.1	35.961	406	234	8	20	1171	10	411	3.72e-99	259
Lygodium_japonicum_scaffold12037	AT2G47750.1	41.463	164	91	4	1174	1659	412	572	3.72e-99	115
Lygodium_japonicum_scaffold12036	AT2G23170.1	43.373	166	90	2	481	966	418	583	4.52e-41	146
Lygodium_japonicum_scaffold12036	AT4G37390.1	40.120	167	95	2	481	966	425	591	5.04e-40	143
Lygodium_japonicum_scaffold12036	AT1G59500.1	40.000	165	94	2	481	960	419	583	3.21e-39	141
Lygodium_japonicum_scaffold12036	AT2G14960.1	41.317	167	93	3	481	966	411	577	8.46e-38	137
Lygodium_japonicum_scaffold12036	AT4G27260.1	40.113	177	95	3	481	1002	432	600	2.61e-37	135
Lygodium_japonicum_scaffold12036	AT5G54510.1	40.113	177	95	3	481	1002	432	600	3.71e-37	135
Lygodium_japonicum_scaffold12036	AT1G28130.1	43.030	165	86	3	481	951	427	591	4.89e-36	132
Lygodium_japonicum_scaffold12036	AT2G47750.1	40.881	159	89	4	481	951	417	572	4.88e-28	108
Lygodium_japonicum_scaffold12044	AT1G13630.4	22.159	176	137	0	814	1341	424	599	1.06e-13	68.2
Lygodium_japonicum_scaffold12044	AT1G13630.4	25.532	188	136	2	826	1377	319	506	2.31e-13	67.0
Lygodium_japonicum_scaffold12044	AT1G13630.4	25.180	139	104	0	874	1290	514	652	6.88e-10	55.8
Lygodium_japonicum_scaffold12044	AT1G13630.4	20.628	223	141	2	811	1371	352	574	1.31e-08	52.0
Lygodium_japonicum_scaffold12044	AT1G13630.4	23.571	140	107	0	859	1278	263	402	8.80e-08	49.3
Lygodium_japonicum_scaffold12044	AT1G13630.4	24.848	165	118	2	946	1422	216	380	2.11e-07	47.8
Lygodium_japonicum_scaffold12044	AT3G61360.1	24.631	203	144	3	868	1452	207	408	7.26e-13	65.1
Lygodium_japonicum_scaffold12044	AT4G21880.1	23.810	147	104	3	826	1260	516	656	1.69e-07	48.1
Lygodium_japonicum_scaffold12060	AT1G30270.1	26.974	152	95	5	1303	1734	31	174	3.98e-10	56.6
Lygodium_japonicum_scaffold12060	AT2G26980.4	25.641	156	100	5	1291	1734	20	167	1.85e-08	51.2
Lygodium_japonicum_scaffold12060	AT4G24400.1	26.282	156	99	5	1291	1734	5	152	6.38e-08	49.7
Lygodium_japonicum_scaffold12060	AT5G35410.1	23.899	159	105	5	1282	1734	4	154	3.28e-07	47.4
Lygodium_japonicum_scaffold12060	AT5G21326.1	26.282	156	99	5	1291	1734	9	156	1.39e-06	45.4
Lygodium_japonicum_scaffold12060	AT1G01140.3	24.359	156	102	5	1291	1734	15	162	3.43e-06	43.9
Lygodium_japonicum_scaffold12057	AT1G13630.4	20.068	588	364	10	3348	1687	280	795	1.21e-17	82.0
Lygodium_japonicum_scaffold12057	AT1G13630.4	19.797	591	423	15	2676	973	199	761	7.68e-17	79.3
Lygodium_japonicum_scaffold12057	AT1G13630.4	23.171	492	319	15	2958	1621	273	751	3.25e-16	77.4
Lygodium_japonicum_scaffold12057	AT1G13630.4	21.907	388	220	9	2088	964	225	542	8.55e-11	59.7
Lygodium_japonicum_scaffold12057	AT4G21880.1	24.242	198	136	5	3057	2491	434	626	3.24e-10	57.8
Lygodium_japonicum_scaffold12057	AT4G21880.1	28.448	116	77	3	1959	1621	501	613	3.63e-07	48.1
Lygodium_japonicum_scaffold12057	AT4G04790.1	28.682	129	86	3	2868	2491	481	606	2.86e-07	48.5
Lygodium_japonicum_scaffold12057	AT3G61360.1	22.172	221	156	5	1800	1159	164	375	1.44e-06	45.8
Lygodium_japonicum_scaffold12064	AT4G04790.1	26.957	115	78	3	83	421	484	594	1.57e-07	47.4
Lygodium_japonicum_scaffold12064	AT4G21880.1	24.031	129	92	3	74	454	501	625	2.95e-07	46.6
Lygodium_japonicum_scaffold12064	AT3G61360.1	29.000	100	68	3	35	328	305	403	5.66e-06	42.0
Lygodium_japonicum_scaffold12056	AT4G00730.1	38.372	86	44	3	1193	936	135	211	4.52e-06	43.1
Lygodium_japonicum_scaffold12056	AT3G61150.1	38.372	86	44	3	1193	936	111	187	7.85e-06	42.4
Lygodium_japonicum_scaffold12072	AT2G26980.4	30.583	206	128	9	1312	713	30	226	4.45e-15	70.9
Lygodium_japonicum_scaffold12072	AT1G30270.1	27.094	203	139	6	1312	713	37	233	1.01e-14	70.1
Lygodium_japonicum_scaffold12072	AT1G01140.3	26.887	212	144	7	1333	710	18	222	2.08e-13	65.9
Lygodium_japonicum_scaffold12072	AT5G35410.1	28.111	217	143	9	1348	710	5	212	3.55e-13	65.1
Lygodium_japonicum_scaffold12072	AT5G21326.1	27.317	205	136	7	1312	713	19	215	1.36e-10	57.0
Lygodium_japonicum_scaffold12072	AT4G24400.1	26.570	207	135	10	1312	710	15	210	7.20e-10	54.7
Lygodium_japonicum_scaffold12071	AT1G13630.4	22.353	425	268	8	9	1097	267	691	1.22e-17	80.9
Lygodium_japonicum_scaffold12071	AT1G13630.4	20.050	404	286	10	123	1265	210	599	7.54e-14	68.9
Lygodium_japonicum_scaffold12071	AT3G61360.1	23.784	185	134	2	102	635	173	357	4.15e-11	59.7
Lygodium_japonicum_scaffold12071	AT3G61360.1	21.260	254	183	6	192	914	172	421	5.40e-08	49.7
Lygodium_japonicum_scaffold12071	AT4G21880.1	21.176	170	119	4	402	893	466	626	1.98e-08	51.2
Lygodium_japonicum_scaffold12071	AT4G04790.1	21.575	292	203	9	78	893	321	606	9.15e-08	49.3
Lygodium_japonicum_scaffold12080	AT2G36450.1	65.789	76	25	1	689	465	11	86	1.37e-15	68.9
Lygodium_japonicum_scaffold12080	AT5G52020.1	35.321	218	94	5	689	36	61	231	1.88e-14	66.6
Lygodium_japonicum_scaffold12080	AT1G12630.1	69.014	71	21	1	680	468	18	87	2.16e-14	65.5
Lygodium_japonicum_scaffold12079	AT4G04790.1	21.569	204	147	5	26	610	398	597	4.31e-09	53.5
Lygodium_japonicum_scaffold12079	AT1G13630.4	21.963	214	160	2	2	622	251	464	1.07e-08	52.0
Lygodium_japonicum_scaffold12079	AT1G13630.4	21.154	208	141	7	26	604	435	634	1.29e-08	52.0
Lygodium_japonicum_scaffold12079	AT1G13630.4	22.170	212	131	5	20	646	362	542	2.64e-06	44.3
Lygodium_japonicum_scaffold12085	AT5G65930.3	34.576	295	173	7	2609	1767	938	1226	1.05e-39	150
Lygodium_japonicum_scaffold12085	AT5G65930.3	44.000	25	14	0	2769	2695	894	918	1.05e-39	27.3
Lygodium_japonicum_scaffold12100	AT4G24400.1	24.528	159	92	5	28	474	58	198	2.69e-06	42.7
Lygodium_japonicum_scaffold12100	AT1G01140.3	25.806	155	97	5	28	474	68	210	4.19e-06	42.4
Lygodium_japonicum_scaffold12106	AT1G05160.1	33.051	118	71	2	280	633	352	461	8.79e-12	60.1
Lygodium_japonicum_scaffold12106	AT2G32440.1	27.564	156	99	4	178	630	311	457	1.30e-09	53.1
Lygodium_japonicum_scaffold12119	AT4G24400.1	32.353	102	60	3	684	379	119	211	1.18e-09	52.8
Lygodium_japonicum_scaffold12119	AT5G35410.1	33.333	99	59	3	678	382	121	212	1.90e-08	48.9
Lygodium_japonicum_scaffold12119	AT2G26980.4	36.957	92	48	3	648	382	143	227	7.97e-08	47.0
Lygodium_japonicum_scaffold12119	AT1G30270.1	33.696	92	51	3	648	382	150	234	1.20e-07	46.6
Lygodium_japonicum_scaffold12119	AT1G01140.3	31.522	92	53	3	648	382	138	222	2.49e-07	45.4
Lygodium_japonicum_scaffold12119	AT5G21326.1	27.132	129	81	4	759	382	98	216	6.26e-07	44.3
Lygodium_japonicum_scaffold12120	AT4G24400.1	35.468	203	123	4	1200	601	13	210	1.75e-30	118
Lygodium_japonicum_scaffold12120	AT5G35410.1	31.683	202	132	2	1200	601	15	212	4.28e-26	105
Lygodium_japonicum_scaffold12120	AT5G21326.1	32.353	204	126	4	1200	607	17	214	1.05e-25	103
Lygodium_japonicum_scaffold12120	AT1G30270.1	29.703	202	134	3	1200	607	35	232	1.91e-24	100
Lygodium_japonicum_scaffold12120	AT2G26980.4	30.882	204	129	4	1200	607	28	225	2.05e-24	100
Lygodium_japonicum_scaffold12120	AT1G01140.3	30.769	221	137	6	1200	556	23	233	6.37e-24	98.6
Lygodium_japonicum_scaffold12123	AT5G44190.1	58.696	46	18	1	1307	1170	155	199	9.60e-11	57.8
Lygodium_japonicum_scaffold12123	AT2G20570.2	56.522	46	19	1	1307	1170	177	221	9.35e-10	54.7
Lygodium_japonicum_scaffold12134	AT1G13630.4	25.874	143	95	5	18	419	494	634	2.51e-08	50.8
Lygodium_japonicum_scaffold12134	AT1G13630.4	27.273	121	82	4	66	413	338	457	6.22e-08	49.7
Lygodium_japonicum_scaffold12134	AT4G21880.1	25.962	104	71	3	66	374	497	595	5.54e-08	49.7
Lygodium_japonicum_scaffold12134	AT4G04790.1	24.000	125	86	3	66	425	477	597	2.21e-07	47.8
Lygodium_japonicum_scaffold12142	AT1G13630.4	21.413	453	323	14	105	1400	225	665	1.07e-12	65.5
Lygodium_japonicum_scaffold12142	AT1G13630.4	20.608	296	223	5	168	1037	147	436	3.57e-07	47.4
Lygodium_japonicum_scaffold12142	AT3G61360.1	19.928	276	205	6	231	1025	139	409	6.45e-07	46.2
Lygodium_japonicum_scaffold12142	AT4G21880.1	22.467	227	137	6	201	866	449	641	4.95e-06	43.5
Lygodium_japonicum_scaffold12150	AT3G61360.1	22.430	214	157	4	11	628	192	404	3.22e-13	65.5
Lygodium_japonicum_scaffold12150	AT3G61360.1	27.350	117	73	4	155	475	134	248	8.74e-07	45.1
Lygodium_japonicum_scaffold12150	AT4G04790.1	22.394	259	131	8	143	913	437	627	1.06e-09	54.7
Lygodium_japonicum_scaffold12150	AT4G21880.1	23.697	211	123	7	134	760	454	628	4.03e-09	53.1
Lygodium_japonicum_scaffold12150	AT1G13630.4	20.803	274	192	6	5	757	494	765	1.69e-07	47.8
Lygodium_japonicum_scaffold12147	AT5G02950.1	41.772	79	46	0	1256	1020	543	621	8.28e-13	65.9
Lygodium_japonicum_scaffold12158	AT4G04790.1	26.000	100	68	3	24	317	502	597	1.86e-06	43.5
Lygodium_japonicum_scaffold12155	AT5G64940.1	34.434	424	230	11	2102	948	219	633	3.67e-55	198
Lygodium_japonicum_scaffold12169	AT2G32440.1	25.672	335	210	9	1221	235	161	462	5.91e-16	73.2
Lygodium_japonicum_scaffold12169	AT1G05160.1	26.518	313	198	9	1152	235	178	465	4.67e-14	67.4
Lygodium_japonicum_scaffold12177	AT4G15215.11	39.583	96	56	2	1	288	1304	1397	1.69e-13	65.5
Lygodium_japonicum_scaffold12177	AT4G15230.1	39.583	96	56	2	1	288	1307	1400	3.48e-13	64.7
Lygodium_japonicum_scaffold12177	AT3G53480.1	35.417	96	60	2	1	288	1357	1450	4.83e-13	63.9
Lygodium_japonicum_scaffold12177	AT2G37280.3	36.458	96	59	2	1	288	1349	1442	2.23e-12	62.0
Lygodium_japonicum_scaffold12177	AT4G15233.1	38.542	96	57	2	1	288	1299	1392	1.88e-10	56.2
Lygodium_japonicum_scaffold12177	AT4G15236.1	38.542	96	57	2	1	288	1297	1390	2.05e-10	55.8
Lygodium_japonicum_scaffold12173	AT1G13630.4	22.637	402	239	7	2377	1190	302	637	2.73e-17	80.1
Lygodium_japonicum_scaffold12173	AT1G13630.4	22.271	458	295	10	2410	1109	326	746	3.37e-15	73.6
Lygodium_japonicum_scaffold12173	AT1G13630.4	22.939	279	172	5	1837	1109	323	594	2.05e-13	67.8
Lygodium_japonicum_scaffold12173	AT1G13630.4	23.889	180	136	1	1711	1175	253	432	7.87e-11	59.3
Lygodium_japonicum_scaffold12173	AT1G13630.4	23.423	222	162	2	1837	1175	288	502	1.12e-10	58.9
Lygodium_japonicum_scaffold12173	AT3G61360.1	23.762	202	151	2	1762	1157	178	376	8.33e-16	74.7
Lygodium_japonicum_scaffold12173	AT4G04790.1	20.714	140	108	1	1585	1166	434	570	8.88e-08	49.3
Lygodium_japonicum_scaffold12183	AT2G26980.4	28.141	199	111	8	1021	467	47	227	1.03e-13	66.6
Lygodium_japonicum_scaffold12183	AT4G24400.1	32.749	171	93	9	961	467	56	210	1.11e-13	66.6
Lygodium_japonicum_scaffold12183	AT1G30270.1	28.916	166	102	7	961	476	78	231	1.79e-13	66.2
Lygodium_japonicum_scaffold12183	AT1G01140.3	28.571	168	106	7	961	467	66	222	1.27e-12	63.5
Lygodium_japonicum_scaffold12183	AT5G35410.1	27.439	164	105	8	961	476	58	209	8.22e-11	57.8
Lygodium_japonicum_scaffold12183	AT5G21326.1	23.256	258	162	10	1021	269	36	264	2.62e-09	52.8
Lygodium_japonicum_scaffold12199	AT1G13630.4	21.930	228	156	6	1290	655	379	600	4.98e-10	56.2
Lygodium_japonicum_scaffold12199	AT4G04790.1	21.978	182	130	4	1158	631	393	568	1.95e-07	47.8
Lygodium_japonicum_scaffold12199	AT3G61360.1	19.816	217	150	7	1257	655	194	402	4.84e-07	46.2
Lygodium_japonicum_scaffold12199	AT4G21880.1	26.357	129	87	3	1209	835	501	625	3.86e-06	43.5
Lygodium_japonicum_scaffold12198	AT4G14305.1	29.814	161	107	5	498	968	16	174	9.20e-14	63.5
Lygodium_japonicum_scaffold12198	AT4G04470.1	26.087	161	113	5	498	968	18	176	3.66e-08	47.4
Lygodium_japonicum_scaffold12225	AT3G61150.1	34.247	73	48	0	824	606	138	210	2.22e-07	47.4
Lygodium_japonicum_scaffold12233	AT2G26980.4	30.137	219	139	7	1283	1921	16	226	3.62e-16	76.3
Lygodium_japonicum_scaffold12233	AT5G21326.1	30.732	205	128	7	1325	1921	19	215	5.69e-15	72.4
Lygodium_japonicum_scaffold12233	AT1G01140.3	28.302	212	138	7	1304	1921	18	221	7.20e-15	72.0
Lygodium_japonicum_scaffold12233	AT4G24400.1	29.439	214	117	9	1325	1921	15	209	7.74e-15	72.0
Lygodium_japonicum_scaffold12233	AT1G30270.1	29.126	206	130	8	1325	1921	37	233	2.38e-14	70.5
Lygodium_japonicum_scaffold12233	AT5G35410.1	28.713	202	130	7	1325	1915	17	209	7.03e-14	68.9
Lygodium_japonicum_scaffold12236	AT5G46250.1	34.483	87	45	2	152	412	106	180	3.63e-10	56.2
Lygodium_japonicum_scaffold12245	AT1G13630.4	23.158	285	206	4	1907	1089	300	583	1.74e-14	70.9
Lygodium_japonicum_scaffold12245	AT1G13630.4	21.141	298	203	9	1898	1086	514	806	9.11e-09	52.4
Lygodium_japonicum_scaffold12245	AT1G13630.4	19.919	246	186	5	1799	1077	172	411	4.92e-08	37.7
Lygodium_japonicum_scaffold12245	AT1G13630.4	21.656	157	98	6	960	538	414	561	4.92e-08	32.3
Lygodium_japonicum_scaffold12245	AT1G13630.4	24.026	154	107	4	963	526	484	635	5.37e-06	43.1
Lygodium_japonicum_scaffold12245	AT4G21880.1	28.462	130	86	4	1793	1413	501	626	3.14e-09	53.9
Lygodium_japonicum_scaffold12245	AT4G04790.1	29.231	130	85	3	1793	1413	481	606	8.77e-09	52.4
Lygodium_japonicum_scaffold12245	AT3G61360.1	20.398	201	143	6	1637	1062	163	355	1.39e-06	45.1
Lygodium_japonicum_scaffold12259	AT2G32440.1	23.377	154	100	4	477	929	315	453	1.37e-08	50.4
Lygodium_japonicum_scaffold12259	AT1G05160.1	24.516	155	99	5	477	929	316	456	3.88e-08	48.9
Lygodium_japonicum_scaffold12272	AT1G13630.4	22.222	360	223	6	557	1468	338	696	4.59e-17	79.0
Lygodium_japonicum_scaffold12272	AT1G13630.4	19.427	314	216	3	533	1459	225	506	2.81e-15	73.2
Lygodium_japonicum_scaffold12272	AT1G13630.4	21.003	319	221	7	509	1384	494	808	4.46e-12	63.2
Lygodium_japonicum_scaffold12272	AT1G13630.4	21.053	171	131	1	3	503	430	600	2.04e-06	44.7
Lygodium_japonicum_scaffold12272	AT4G04790.1	20.426	235	171	4	782	1450	338	568	2.94e-09	53.9
Lygodium_japonicum_scaffold12272	AT4G04790.1	20.339	177	128	3	494	994	449	622	1.94e-06	44.7
Lygodium_japonicum_scaffold12272	AT4G21880.1	20.851	235	170	5	782	1450	358	588	2.15e-07	47.8
Lygodium_japonicum_scaffold12272	AT4G21880.1	21.379	145	108	2	569	994	501	642	1.95e-06	44.7
Lygodium_japonicum_scaffold12272	AT3G61360.1	23.750	160	115	2	521	979	194	353	1.57e-06	44.7
Lygodium_japonicum_scaffold12271	AT2G43770.1	23.549	293	209	7	123	968	51	339	2.58e-21	89.4
Lygodium_japonicum_scaffold12271	AT2G43770.1	21.912	251	147	5	123	731	94	343	6.18e-12	60.8
Lygodium_japonicum_scaffold12271	AT4G28450.1	22.868	258	173	9	114	833	104	353	8.74e-08	48.1
Lygodium_japonicum_scaffold12271	AT4G28450.1	26.627	169	112	6	270	749	204	369	2.09e-07	47.0
Lygodium_japonicum_scaffold12267	AT2G28000.1	26.437	261	155	12	2562	1810	35	268	1.59e-08	51.6
Lygodium_japonicum_scaffold12267	AT5G18820.1	29.310	116	77	2	2445	2110	55	169	3.39e-07	47.4
Lygodium_japonicum_scaffold12281	AT5G02810.1	29.600	125	82	1	433	807	78	196	1.15e-14	70.9
Lygodium_japonicum_scaffold12281	AT5G60100.2	32.000	125	79	1	433	807	64	182	1.25e-14	70.1
Lygodium_japonicum_scaffold12289	AT5G17300.1	53.763	93	35	1	1668	1414	44	136	3.20e-25	102
Lygodium_japonicum_scaffold12289	AT5G37260.1	59.341	91	33	2	1674	1414	23	113	7.76e-25	99.0
Lygodium_japonicum_scaffold12289	AT3G10113.1	54.255	94	35	1	1668	1411	54	147	3.07e-24	98.2
Lygodium_japonicum_scaffold12289	AT1G18330.2	54.255	94	35	1	1668	1411	65	158	4.15e-24	98.6
Lygodium_japonicum_scaffold12275	AT2G28000.1	80.675	533	103	0	318	1916	37	569	0.0	827
Lygodium_japonicum_scaffold12275	AT5G18820.1	62.731	542	201	1	294	1916	16	557	0.0	617
Lygodium_japonicum_scaffold12288	AT1G30270.1	27.437	277	156	12	1320	532	37	282	5.49e-13	65.9
Lygodium_japonicum_scaffold12288	AT2G26980.4	26.991	226	127	7	1314	661	32	227	6.48e-11	59.3
Lygodium_japonicum_scaffold12288	AT1G01140.3	25.214	234	139	9	1341	661	18	222	2.31e-10	57.4
Lygodium_japonicum_scaffold12288	AT5G35410.1	24.554	224	133	6	1314	661	19	212	4.41e-10	56.6
Lygodium_japonicum_scaffold12288	AT5G21326.1	26.316	228	130	7	1320	661	19	216	5.45e-09	53.1
Lygodium_japonicum_scaffold12288	AT4G24400.1	24.561	228	130	8	1314	658	17	211	2.27e-06	44.7
Lygodium_japonicum_scaffold12295	AT3G61360.1	23.784	185	120	6	847	1359	180	357	1.44e-06	45.1
Lygodium_japonicum_scaffold12295	AT1G13630.4	19.718	355	223	9	499	1533	312	614	1.91e-06	45.1
Lygodium_japonicum_scaffold12300	AT1G30270.1	29.439	214	123	9	1635	1021	37	231	2.66e-11	59.7
Lygodium_japonicum_scaffold12300	AT1G01140.3	28.372	215	124	9	1635	1021	25	219	1.33e-10	57.4
Lygodium_japonicum_scaffold12300	AT5G35410.1	28.037	214	128	8	1635	1015	17	211	2.72e-10	56.6
Lygodium_japonicum_scaffold12300	AT2G26980.4	26.033	242	147	9	1713	1021	4	224	4.64e-10	55.8
Lygodium_japonicum_scaffold12300	AT4G24400.1	26.728	217	123	7	1635	1021	15	207	1.01e-09	54.7
Lygodium_japonicum_scaffold12300	AT5G21326.1	28.333	180	109	6	1551	1021	51	213	1.56e-08	50.8
Lygodium_japonicum_scaffold12305	AT1G13630.4	25.137	366	270	2	69	1163	237	599	2.62e-41	155
Lygodium_japonicum_scaffold12305	AT1G13630.4	25.000	364	262	3	102	1190	185	538	7.95e-39	148
Lygodium_japonicum_scaffold12305	AT1G13630.4	25.549	364	265	3	54	1139	267	626	1.02e-38	147
Lygodium_japonicum_scaffold12305	AT1G13630.4	24.928	349	258	2	45	1088	299	644	8.91e-34	132
Lygodium_japonicum_scaffold12305	AT1G13630.4	21.011	376	253	2	42	1037	439	814	1.64e-28	115
Lygodium_japonicum_scaffold12305	AT1G13630.4	22.013	159	86	3	42	413	661	816	1.28e-06	45.4
Lygodium_japonicum_scaffold12305	AT3G61360.1	21.967	305	234	3	171	1079	141	443	1.23e-19	86.7
Lygodium_japonicum_scaffold12305	AT3G61360.1	26.131	199	134	3	15	593	230	421	5.00e-19	84.7
Lygodium_japonicum_scaffold12305	AT3G61360.1	21.649	291	218	5	300	1151	110	397	8.40e-17	77.8
Lygodium_japonicum_scaffold12305	AT4G21880.1	24.638	207	153	2	465	1085	385	588	1.68e-19	87.0
Lygodium_japonicum_scaffold12305	AT4G21880.1	23.293	249	170	5	54	779	391	625	1.48e-16	77.8
Lygodium_japonicum_scaffold12305	AT4G21880.1	22.745	255	193	3	273	1037	391	641	1.33e-13	68.2
Lygodium_japonicum_scaffold12305	AT4G04790.1	23.558	208	154	2	465	1085	365	568	2.48e-17	80.1
Lygodium_japonicum_scaffold12305	AT4G04790.1	20.611	262	177	5	54	803	371	613	4.35e-13	66.6
Lygodium_japonicum_scaffold12305	AT4G04790.1	20.440	318	209	6	108	1058	353	627	8.95e-12	62.0
Lygodium_japonicum_scaffold12307	AT1G13630.4	24.556	338	238	5	1102	113	310	638	2.83e-22	94.7
Lygodium_japonicum_scaffold12307	AT1G13630.4	22.337	291	209	4	1126	290	443	728	3.54e-20	88.2
Lygodium_japonicum_scaffold12307	AT1G13630.4	20.233	257	168	3	901	239	267	522	1.90e-15	73.2
Lygodium_japonicum_scaffold12307	AT1G13630.4	20.588	306	191	3	1123	347	514	814	1.04e-12	64.3
Lygodium_japonicum_scaffold12307	AT1G13630.4	22.523	222	162	5	961	299	185	397	3.91e-12	62.8
Lygodium_japonicum_scaffold12307	AT1G13630.4	19.565	230	176	3	1111	446	588	816	9.40e-08	48.5
Lygodium_japonicum_scaffold12307	AT3G61360.1	23.889	180	136	1	886	347	179	357	2.39e-13	66.2
Lygodium_japonicum_scaffold12307	AT3G61360.1	21.097	237	170	3	1021	332	208	434	1.36e-09	54.3
Lygodium_japonicum_scaffold12307	AT4G04790.1	25.517	145	98	2	907	473	439	573	1.70e-10	57.4
Lygodium_japonicum_scaffold12307	AT4G21880.1	19.192	198	152	3	1126	533	391	580	2.55e-09	53.5
Lygodium_japonicum_scaffold12307	AT4G21880.1	19.708	137	102	3	1150	740	453	581	1.15e-07	48.1
Lygodium_japonicum_scaffold12308	AT5G21326.1	29.915	234	136	7	1623	970	30	251	4.62e-14	68.6
Lygodium_japonicum_scaffold12308	AT4G24400.1	29.268	205	130	7	1539	946	57	253	7.07e-14	68.2
Lygodium_japonicum_scaffold12308	AT5G35410.1	27.143	210	138	5	1539	931	59	260	1.59e-13	67.0
Lygodium_japonicum_scaffold12308	AT2G26980.4	28.821	229	135	6	1608	970	46	262	9.67e-13	64.7
Lygodium_japonicum_scaffold12308	AT1G01140.3	27.273	231	136	8	1608	970	41	257	5.81e-12	62.0
Lygodium_japonicum_scaffold12308	AT1G30270.1	27.273	209	129	7	1596	982	57	246	5.69e-11	58.9
Lygodium_japonicum_scaffold12326	AT5G13250.1	43.704	135	64	4	896	498	262	386	2.67e-18	81.3
Lygodium_japonicum_scaffold12326	AT1G28080.2	46.000	50	26	1	893	744	224	272	1.94e-07	47.0
Lygodium_japonicum_scaffold12333	AT3G17920.1	30.612	147	85	5	132	545	225	363	1.57e-07	47.0
Lygodium_japonicum_scaffold12333	AT1G48540.1	28.455	123	64	2	132	428	209	331	2.97e-07	46.2
Lygodium_japonicum_scaffold12339	AT5G35410.1	31.618	136	83	5	88	471	127	260	2.69e-09	52.8
Lygodium_japonicum_scaffold12339	AT1G30270.1	29.139	151	90	5	61	489	141	282	5.98e-09	51.6
Lygodium_japonicum_scaffold12339	AT4G24400.1	29.714	175	89	10	1	471	100	258	1.22e-08	50.8
Lygodium_japonicum_scaffold12339	AT1G01140.3	29.787	141	84	6	61	453	129	264	2.36e-08	49.7
Lygodium_japonicum_scaffold12339	AT5G21326.1	36.264	91	53	3	61	330	123	209	3.91e-07	45.8
Lygodium_japonicum_scaffold12339	AT2G26980.4	34.286	105	62	3	64	375	132	230	7.19e-07	45.1
Lygodium_japonicum_scaffold12334	AT4G24400.1	27.014	211	122	7	1474	890	15	209	3.99e-12	63.2
Lygodium_japonicum_scaffold12334	AT2G26980.4	26.360	239	142	8	1564	884	12	228	1.19e-11	61.6
Lygodium_japonicum_scaffold12334	AT5G35410.1	26.341	205	135	6	1474	884	17	213	3.01e-09	53.9
Lygodium_japonicum_scaffold12334	AT1G01140.3	23.902	205	138	6	1474	890	25	221	3.91e-09	53.9
Lygodium_japonicum_scaffold12334	AT1G30270.1	24.402	209	136	6	1474	884	37	235	4.73e-09	53.5
Lygodium_japonicum_scaffold12334	AT5G21326.1	23.661	224	147	8	1516	884	5	217	1.22e-08	52.0
Lygodium_japonicum_scaffold12335	AT4G24400.1	27.014	211	122	7	1953	1369	15	209	4.82e-12	63.2
Lygodium_japonicum_scaffold12335	AT2G26980.4	26.360	239	142	8	2043	1363	12	228	1.43e-11	61.6
Lygodium_japonicum_scaffold12335	AT5G35410.1	26.341	205	135	6	1953	1363	17	213	3.61e-09	53.9
Lygodium_japonicum_scaffold12335	AT1G01140.3	23.902	205	138	6	1953	1369	25	221	4.68e-09	53.9
Lygodium_japonicum_scaffold12335	AT1G30270.1	24.402	209	136	6	1953	1363	37	235	5.68e-09	53.5
Lygodium_japonicum_scaffold12335	AT5G21326.1	23.661	224	147	8	1995	1363	5	217	1.46e-08	52.0
Lygodium_japonicum_scaffold12360	AT4G24400.1	30.841	214	131	7	1608	979	11	211	3.08e-19	85.1
Lygodium_japonicum_scaffold12360	AT1G30270.1	29.130	230	141	8	1608	940	33	247	2.27e-18	82.8
Lygodium_japonicum_scaffold12360	AT5G21326.1	29.565	230	140	8	1608	940	15	229	6.83e-17	77.8
Lygodium_japonicum_scaffold12360	AT2G26980.4	28.696	230	142	8	1608	940	26	240	7.59e-17	77.8
Lygodium_japonicum_scaffold12360	AT5G35410.1	28.095	210	136	6	1608	988	13	210	1.03e-16	77.4
Lygodium_japonicum_scaffold12360	AT1G01140.3	28.440	218	129	8	1608	985	21	221	1.03e-16	77.4
Lygodium_japonicum_scaffold12369	AT4G24400.1	37.052	251	154	3	1004	1750	3	251	2.79e-46	165
Lygodium_japonicum_scaffold12369	AT5G35410.1	37.037	243	151	2	1028	1750	11	253	5.53e-45	162
Lygodium_japonicum_scaffold12369	AT1G30270.1	33.878	245	158	2	1028	1750	31	275	4.94e-44	160
Lygodium_japonicum_scaffold12369	AT1G01140.3	33.473	239	155	2	1025	1729	18	256	1.05e-43	158
Lygodium_japonicum_scaffold12369	AT2G26980.4	34.177	237	152	2	1028	1726	24	260	5.97e-43	156
Lygodium_japonicum_scaffold12369	AT5G21326.1	35.021	237	150	2	1028	1726	13	249	3.46e-42	153
Lygodium_japonicum_scaffold12373	AT1G15810.1	42.381	210	101	7	991	365	223	413	1.30e-27	110
Lygodium_japonicum_scaffold12373	AT1G80620.1	38.942	208	112	4	988	365	216	408	5.11e-25	102
Lygodium_japonicum_scaffold12374	AT3G03060.1	42.857	35	20	0	2100	1996	387	421	3.21e-08	35.8
Lygodium_japonicum_scaffold12374	AT3G03060.1	27.389	157	80	6	1919	1527	447	595	3.21e-08	35.0
Lygodium_japonicum_scaffold12387	AT1G13630.4	26.908	249	181	1	43	786	371	619	8.10e-25	102
Lygodium_japonicum_scaffold12387	AT1G13630.4	23.148	324	210	3	46	909	267	587	3.29e-21	91.3
Lygodium_japonicum_scaffold12387	AT1G13630.4	23.810	252	163	3	43	789	442	667	1.20e-20	89.4
Lygodium_japonicum_scaffold12387	AT1G13630.4	27.234	235	157	3	37	702	475	708	4.89e-20	87.4
Lygodium_japonicum_scaffold12387	AT1G13630.4	21.014	138	109	0	373	786	236	373	4.48e-09	52.8
Lygodium_japonicum_scaffold12387	AT1G13630.4	19.598	199	148	2	46	606	618	816	2.64e-07	47.0
Lygodium_japonicum_scaffold12387	AT1G13630.4	14.672	259	209	1	46	786	548	806	3.25e-07	46.6
Lygodium_japonicum_scaffold12387	AT3G61360.1	24.725	182	136	1	61	606	179	359	2.49e-13	65.9
Lygodium_japonicum_scaffold12387	AT3G61360.1	22.907	227	157	4	46	693	134	353	2.92e-11	59.3
Lygodium_japonicum_scaffold12387	AT3G61360.1	22.010	209	161	1	25	645	201	409	1.71e-09	53.5
Lygodium_japonicum_scaffold12387	AT3G61360.1	20.370	216	158	4	13	636	232	441	9.54e-06	41.6
Lygodium_japonicum_scaffold12387	AT4G04790.1	25.714	140	99	2	40	453	439	575	1.34e-10	57.4
Lygodium_japonicum_scaffold12387	AT4G21880.1	23.973	146	107	2	1	438	447	588	2.75e-09	53.1
Lygodium_japonicum_scaffold12394	AT1G30270.1	28.517	263	180	5	432	1205	28	287	1.51e-30	119
Lygodium_japonicum_scaffold12394	AT1G01140.3	29.964	277	186	5	390	1205	2	275	2.45e-30	118
Lygodium_japonicum_scaffold12394	AT4G24400.1	29.572	257	175	5	423	1184	3	256	2.07e-29	115
Lygodium_japonicum_scaffold12394	AT5G35410.1	29.020	255	175	5	411	1166	1	252	3.50e-27	108
Lygodium_japonicum_scaffold12394	AT5G21326.1	29.057	265	180	5	426	1205	8	269	2.63e-26	106
Lygodium_japonicum_scaffold12394	AT2G26980.4	27.170	265	185	5	426	1205	19	280	8.39e-25	102
Lygodium_japonicum_scaffold12399	AT3G61360.1	23.214	168	119	4	1545	1060	185	348	2.63e-07	46.6
Lygodium_japonicum_scaffold12399	AT1G13630.4	23.438	192	125	5	1542	1033	525	716	2.28e-06	43.9
Lygodium_japonicum_scaffold12400	AT1G13630.4	26.087	161	115	1	1364	894	393	553	4.46e-11	58.9
Lygodium_japonicum_scaffold12400	AT1G13630.4	24.852	169	106	4	856	404	529	694	1.32e-07	47.8
Lygodium_japonicum_scaffold12400	AT4G21880.1	25.510	98	69	2	691	398	501	594	4.85e-06	42.7
Lygodium_japonicum_scaffold12408	AT5G21326.1	41.935	62	31	1	102	272	114	175	1.48e-19	54.7
Lygodium_japonicum_scaffold12408	AT5G21326.1	28.346	127	73	2	272	652	198	306	1.48e-19	53.5
Lygodium_japonicum_scaffold12408	AT2G26980.4	43.548	62	30	1	102	272	125	186	4.95e-17	53.5
Lygodium_japonicum_scaffold12408	AT2G26980.4	28.346	127	73	3	272	652	209	317	4.95e-17	46.2
Lygodium_japonicum_scaffold12408	AT1G30270.1	40.323	62	32	1	102	272	132	193	1.41e-16	51.2
Lygodium_japonicum_scaffold12408	AT1G30270.1	31.579	76	47	1	272	499	216	286	1.41e-16	47.0
Lygodium_japonicum_scaffold12408	AT4G24400.1	41.538	65	35	1	87	272	105	169	1.80e-16	53.9
Lygodium_japonicum_scaffold12408	AT4G24400.1	28.571	77	50	1	272	502	192	263	1.80e-16	44.3
Lygodium_japonicum_scaffold12408	AT5G35410.1	45.652	46	25	0	99	236	111	156	1.37e-15	49.7
Lygodium_japonicum_scaffold12408	AT5G35410.1	34.211	76	45	1	272	499	194	264	1.37e-15	45.4
Lygodium_japonicum_scaffold12408	AT1G01140.3	40.323	62	32	2	102	272	120	181	2.86e-15	51.2
Lygodium_japonicum_scaffold12408	AT1G01140.3	27.632	76	50	1	272	499	204	274	2.86e-15	42.7
Lygodium_japonicum_scaffold12412	AT1G13630.4	22.566	226	140	1	3302	2730	420	645	1.74e-15	75.1
Lygodium_japonicum_scaffold12412	AT1G13630.4	20.942	191	139	1	3311	2775	522	712	5.22e-07	47.4
Lygodium_japonicum_scaffold12412	AT4G21880.1	21.101	218	169	1	3278	2625	411	625	1.43e-13	68.9
Lygodium_japonicum_scaffold12412	AT4G04790.1	20.183	218	171	2	3278	2625	391	605	4.77e-08	50.8
Lygodium_japonicum_scaffold12412	AT3G61360.1	24.476	143	105	2	3044	2625	236	378	5.31e-08	50.4
Lygodium_japonicum_scaffold12418	AT2G20570.2	43.333	90	41	3	1457	1206	171	256	5.82e-12	62.0
Lygodium_japonicum_scaffold12418	AT5G44190.1	51.852	54	25	1	1463	1302	147	199	2.67e-11	59.7
Lygodium_japonicum_scaffold12434	AT3G61360.1	25.564	133	91	3	1331	948	224	353	2.71e-07	46.2
Lygodium_japonicum_scaffold12434	AT1G13630.4	23.423	111	73	2	1196	876	299	401	8.61e-07	32.7
Lygodium_japonicum_scaffold12434	AT1G13630.4	36.000	50	29	1	820	680	416	465	8.61e-07	32.3
Lygodium_japonicum_scaffold12430	AT4G19390.1	51.087	92	39	1	817	1092	95	180	2.77e-43	99.4
Lygodium_japonicum_scaffold12430	AT4G19390.1	53.571	84	35	1	1101	1340	179	262	2.77e-43	89.4
Lygodium_japonicum_scaffold12431	AT4G19390.1	41.912	136	72	2	817	1224	95	223	6.79e-26	101
Lygodium_japonicum_scaffold12431	AT4G19390.1	53.333	75	35	0	1113	1337	187	261	2.22e-21	88.2
Lygodium_japonicum_scaffold12438	AT5G56290.1	22.000	200	141	3	444	1040	513	698	8.87e-07	45.8
Lygodium_japonicum_scaffold12479	AT1G13630.4	28.852	357	238	3	1582	560	324	680	3.41e-42	155
Lygodium_japonicum_scaffold12479	AT1G13630.4	27.881	269	189	3	1327	530	237	503	9.32e-36	122
Lygodium_japonicum_scaffold12479	AT1G13630.4	22.727	110	85	0	528	199	503	612	9.32e-36	40.4
Lygodium_japonicum_scaffold12479	AT1G13630.4	23.656	372	268	4	1579	512	399	770	1.90e-31	123
Lygodium_japonicum_scaffold12479	AT1G13630.4	25.872	344	236	2	1561	566	440	776	9.20e-31	120
Lygodium_japonicum_scaffold12479	AT1G13630.4	23.179	302	212	9	1441	557	171	459	6.22e-19	84.3
Lygodium_japonicum_scaffold12479	AT1G13630.4	33.010	103	68	1	528	223	362	464	5.83e-11	58.9
Lygodium_japonicum_scaffold12479	AT1G13630.4	30.769	52	32	2	700	551	236	285	4.12e-07	37.4
Lygodium_japonicum_scaffold12479	AT1G13630.4	24.742	97	63	2	507	232	299	390	4.12e-07	28.9
Lygodium_japonicum_scaffold12479	AT1G13630.4	27.434	113	81	1	537	202	254	366	1.71e-06	44.3
Lygodium_japonicum_scaffold12479	AT3G61360.1	25.962	208	152	1	1324	707	214	421	8.62e-20	86.3
Lygodium_japonicum_scaffold12479	AT3G61360.1	25.758	264	152	5	1327	551	179	403	1.78e-17	79.0
Lygodium_japonicum_scaffold12479	AT4G21880.1	27.957	186	130	2	1168	611	449	630	1.34e-15	73.6
Lygodium_japonicum_scaffold12479	AT4G21880.1	22.857	210	158	2	1570	941	420	625	5.66e-11	58.9
Lygodium_japonicum_scaffold12479	AT4G21880.1	22.603	146	113	0	1015	578	395	540	2.20e-08	50.4
Lygodium_japonicum_scaffold12479	AT4G21880.1	20.973	329	187	13	1540	707	500	806	5.12e-06	42.7
Lygodium_japonicum_scaffold12479	AT4G04790.1	26.108	203	134	3	1168	578	429	621	7.12e-15	71.2
Lygodium_japonicum_scaffold12479	AT4G04790.1	19.935	306	206	3	1537	620	376	642	1.46e-09	54.3
Lygodium_japonicum_scaffold12479	AT4G04790.1	21.019	157	124	0	1015	545	375	531	9.08e-09	51.6
Lygodium_japonicum_scaffold12454	AT3G53480.1	48.800	125	63	1	1272	898	1327	1450	3.47e-37	139
Lygodium_japonicum_scaffold12454	AT3G53480.1	27.941	136	85	5	1236	838	686	811	3.20e-09	53.1
Lygodium_japonicum_scaffold12454	AT4G15236.1	43.750	160	89	1	1377	898	1232	1390	4.26e-36	136
Lygodium_japonicum_scaffold12454	AT4G15236.1	26.271	118	83	2	1245	898	648	763	4.23e-11	58.9
Lygodium_japonicum_scaffold12454	AT4G15215.11	44.800	125	68	1	1272	898	1274	1397	2.62e-35	134
Lygodium_japonicum_scaffold12454	AT4G15215.11	27.049	122	85	2	1257	898	644	763	1.44e-08	50.8
Lygodium_japonicum_scaffold12454	AT4G15233.1	43.750	160	89	1	1377	898	1234	1392	4.05e-35	133
Lygodium_japonicum_scaffold12454	AT4G15233.1	26.957	115	80	2	1236	898	653	765	8.87e-10	54.7
Lygodium_japonicum_scaffold12454	AT4G15230.1	43.200	125	70	1	1272	898	1277	1400	3.40e-34	130
Lygodium_japonicum_scaffold12454	AT4G15230.1	27.350	117	76	3	1227	898	652	766	8.41e-08	48.5
Lygodium_japonicum_scaffold12454	AT2G37280.3	45.600	125	67	1	1272	898	1319	1442	6.27e-34	129
Lygodium_japonicum_scaffold12454	AT2G37280.3	28.676	136	84	5	1236	838	680	805	2.76e-09	53.1
Lygodium_japonicum_scaffold12481	AT3G63170.1	25.472	212	135	8	327	938	79	275	2.15e-10	55.5
Lygodium_japonicum_scaffold12486	AT3G10113.1	44.444	54	25	3	1531	1370	62	110	7.32e-08	48.5
Lygodium_japonicum_scaffold12486	AT1G18330.2	44.444	54	25	3	1531	1370	73	121	8.98e-08	48.5
Lygodium_japonicum_scaffold12486	AT5G37260.1	44.444	54	25	3	1531	1370	33	81	4.99e-07	45.8
Lygodium_japonicum_scaffold12486	AT5G17300.1	42.593	54	26	3	1531	1370	52	100	5.43e-07	46.2
Lygodium_japonicum_scaffold12483	AT5G65930.3	38.292	363	198	8	1638	559	844	1183	2.35e-70	246
Lygodium_japonicum_scaffold12499	AT1G13630.4	19.744	390	293	7	59	1183	270	654	2.79e-12	63.2
Lygodium_japonicum_scaffold12499	AT1G13630.4	21.184	321	213	6	5	940	318	607	2.82e-09	53.5
Lygodium_japonicum_scaffold12499	AT1G13630.4	24.468	282	173	12	5	754	494	767	7.29e-08	48.9
Lygodium_japonicum_scaffold12499	AT4G21880.1	23.684	152	108	3	335	781	492	638	4.01e-08	49.7
Lygodium_japonicum_scaffold12499	AT4G21880.1	23.305	236	163	7	407	1075	407	637	5.51e-07	46.2
Lygodium_japonicum_scaffold12503	AT1G13630.4	22.010	418	285	8	1839	676	322	728	7.03e-19	84.7
Lygodium_japonicum_scaffold12503	AT1G13630.4	20.513	390	280	9	1848	751	425	808	1.94e-15	73.6
Lygodium_japonicum_scaffold12503	AT1G13630.4	26.111	180	117	5	1128	625	282	457	7.20e-10	55.8
Lygodium_japonicum_scaffold12503	AT4G04790.1	20.902	244	175	5	1215	514	392	627	1.56e-09	54.7
Lygodium_japonicum_scaffold12503	AT4G21880.1	23.121	173	125	5	978	472	495	663	4.12e-09	53.1
Lygodium_japonicum_scaffold12503	AT4G21880.1	27.206	136	91	5	1881	1489	502	634	2.47e-06	44.3
Lygodium_japonicum_scaffold12503	AT3G61360.1	23.148	216	148	9	1320	712	191	401	3.16e-06	43.5
Lygodium_japonicum_scaffold12511	AT5G21326.1	27.835	97	63	2	1166	1453	130	220	1.90e-06	44.7
Lygodium_japonicum_scaffold12511	AT1G01140.3	29.885	87	60	1	1166	1423	136	222	3.57e-06	43.5
Lygodium_japonicum_scaffold12530	AT1G13630.4	22.727	352	247	8	1495	512	414	764	4.47e-24	92.4
Lygodium_japonicum_scaffold12530	AT1G13630.4	21.678	143	108	1	1892	1476	273	415	4.47e-24	32.0
Lygodium_japonicum_scaffold12530	AT1G13630.4	22.284	359	252	7	1501	497	306	661	3.74e-20	89.0
Lygodium_japonicum_scaffold12530	AT1G13630.4	26.708	161	112	3	2021	1554	441	600	8.72e-08	49.3
Lygodium_japonicum_scaffold12530	AT1G13630.4	19.412	170	132	1	2015	1521	337	506	5.41e-06	43.1
Lygodium_japonicum_scaffold12530	AT3G61360.1	21.226	212	158	4	1249	641	192	403	2.01e-11	60.5
Lygodium_japonicum_scaffold12530	AT3G61360.1	23.239	142	105	1	1501	1088	212	353	4.89e-07	46.6
Lygodium_japonicum_scaffold12530	AT4G04790.1	22.162	185	137	2	1144	602	393	574	6.55e-09	52.8
Lygodium_japonicum_scaffold12530	AT4G04790.1	25.714	140	96	4	1195	791	481	617	7.26e-08	49.3
Lygodium_japonicum_scaffold12530	AT4G21880.1	19.874	317	230	8	1408	506	320	628	6.72e-09	52.8
Lygodium_japonicum_scaffold12530	AT4G21880.1	23.030	165	110	3	1988	1521	435	591	2.38e-07	47.8
Lygodium_japonicum_scaffold12535	AT1G13630.4	24.375	160	113	4	1407	943	282	438	8.31e-08	48.5
Lygodium_japonicum_scaffold12552	AT1G13630.4	22.030	404	285	11	1375	248	407	808	7.77e-21	89.7
Lygodium_japonicum_scaffold12552	AT1G13630.4	22.193	374	274	5	1282	209	227	599	1.01e-18	82.8
Lygodium_japonicum_scaffold12552	AT1G13630.4	24.841	314	210	8	1375	491	301	607	6.51e-16	74.3
Lygodium_japonicum_scaffold12552	AT4G21880.1	20.642	218	135	4	1303	668	449	634	8.89e-15	70.5
Lygodium_japonicum_scaffold12552	AT4G21880.1	21.951	287	192	8	1174	386	347	625	2.97e-13	65.9
Lygodium_japonicum_scaffold12552	AT4G21880.1	19.663	178	134	3	1369	854	497	671	5.75e-08	48.9
Lygodium_japonicum_scaffold12552	AT4G04790.1	20.192	208	130	3	1267	659	441	617	1.45e-13	66.6
Lygodium_japonicum_scaffold12552	AT4G04790.1	20.067	299	208	7	1144	317	338	628	2.58e-09	53.1
Lygodium_japonicum_scaffold12552	AT4G04790.1	20.988	162	118	3	1369	899	477	633	9.78e-07	45.1
Lygodium_japonicum_scaffold12552	AT3G61360.1	22.441	254	146	8	1360	641	141	357	2.82e-10	55.8
Lygodium_japonicum_scaffold12552	AT3G61360.1	22.709	251	133	9	1045	350	145	353	2.85e-08	49.7
Lygodium_japonicum_scaffold12552	AT3G61360.1	19.417	206	139	6	1300	722	232	423	6.71e-08	48.5
Lygodium_japonicum_scaffold12542	AT4G36580.1	28.972	214	108	7	1122	583	381	584	7.25e-15	72.4
Lygodium_japonicum_scaffold12542	AT5G16930.1	28.440	218	99	7	1122	586	397	596	7.83e-15	72.4
Lygodium_japonicum_scaffold12542	AT3G03060.1	28.899	218	98	7	1122	586	385	584	2.65e-14	70.5
Lygodium_japonicum_scaffold12542	AT2G18330.1	32.653	147	85	5	1122	697	384	521	7.07e-14	69.3
Lygodium_japonicum_scaffold12564	AT1G12630.1	55.357	56	24	1	586	753	19	73	4.57e-08	48.1
Lygodium_japonicum_scaffold12564	AT5G52020.1	51.786	56	26	1	586	753	65	119	8.13e-08	47.8
Lygodium_japonicum_scaffold12564	AT2G36450.1	52.381	63	29	1	586	771	15	77	1.74e-07	46.2
Lygodium_japonicum_scaffold12568	AT4G00730.1	33.696	92	59	1	802	533	126	217	3.46e-08	50.8
Lygodium_japonicum_scaffold12584	AT5G35410.1	28.922	204	130	6	1431	841	62	257	2.21e-13	66.2
Lygodium_japonicum_scaffold12584	AT2G26980.4	29.688	192	118	5	1419	871	79	262	9.04e-13	64.3
Lygodium_japonicum_scaffold12584	AT4G24400.1	29.208	202	128	7	1431	847	60	253	1.12e-12	64.3
Lygodium_japonicum_scaffold12584	AT5G21326.1	29.688	192	118	5	1419	871	68	251	2.33e-12	63.2
Lygodium_japonicum_scaffold12584	AT1G01140.3	24.169	331	183	12	1419	589	74	390	3.21e-11	59.7
Lygodium_japonicum_scaffold12584	AT1G30270.1	24.632	272	168	8	1419	673	86	343	6.76e-11	58.5
Lygodium_japonicum_scaffold12585	AT5G06950.1	68.387	310	89	4	1412	507	22	330	2.47e-144	419
Lygodium_japonicum_scaffold12585	AT3G12250.4	61.236	356	107	6	1487	507	2	355	1.22e-137	403
Lygodium_japonicum_scaffold12585	AT5G06960.1	62.462	333	113	5	1484	507	3	330	5.28e-136	398
Lygodium_japonicum_scaffold12585	AT1G68640.1	65.595	311	99	3	1415	507	142	452	2.11e-132	393
Lygodium_japonicum_scaffold12599	AT5G67385.1	40.290	345	154	9	995	3	295	601	1.31e-83	229
Lygodium_japonicum_scaffold12599	AT5G67385.1	38.650	163	67	4	1528	1040	152	281	1.31e-83	94.4
Lygodium_japonicum_scaffold12599	AT3G49970.1	35.328	351	146	11	1025	3	233	512	8.41e-68	180
Lygodium_japonicum_scaffold12599	AT3G49970.1	36.364	165	49	4	1528	1040	119	229	8.41e-68	90.5
Lygodium_japonicum_scaffold12606	AT1G13630.4	23.431	239	150	7	75	713	494	725	1.27e-07	47.4
Lygodium_japonicum_scaffold12606	AT1G13630.4	21.005	219	159	5	75	698	318	533	5.33e-06	39.3
Lygodium_japonicum_scaffold12606	AT1G13630.4	25.333	75	48	4	736	951	548	617	5.33e-06	22.7
Lygodium_japonicum_scaffold12606	AT4G04790.1	27.679	112	76	3	426	761	477	583	2.62e-07	46.6
Lygodium_japonicum_scaffold12606	AT3G61360.1	21.000	200	142	5	63	623	220	416	1.33e-06	43.9
Lygodium_japonicum_scaffold12606	AT4G21880.1	23.529	136	96	3	117	512	495	626	6.67e-06	42.0
Lygodium_japonicum_scaffold12611	AT5G35410.1	31.443	194	116	8	649	1212	17	199	5.76e-17	77.4
Lygodium_japonicum_scaffold12611	AT4G24400.1	27.979	193	124	7	649	1212	15	197	2.18e-15	72.4
Lygodium_japonicum_scaffold12611	AT1G01140.3	28.293	205	124	9	628	1212	18	209	4.21e-13	65.5
Lygodium_japonicum_scaffold12611	AT2G26980.4	28.283	198	119	9	649	1212	30	214	1.47e-12	63.5
Lygodium_japonicum_scaffold12611	AT1G30270.1	27.778	198	120	9	649	1212	37	221	3.54e-12	62.4
Lygodium_japonicum_scaffold12611	AT5G21326.1	28.729	181	107	8	697	1212	36	203	2.79e-10	56.2
Lygodium_japonicum_scaffold12607	AT5G35410.1	30.657	274	157	14	702	1463	6	266	7.06e-20	87.0
Lygodium_japonicum_scaffold12607	AT1G30270.1	27.609	297	162	12	717	1571	31	286	2.85e-18	82.4
Lygodium_japonicum_scaffold12607	AT4G24400.1	32.212	208	119	9	717	1310	9	204	4.03e-18	81.6
Lygodium_japonicum_scaffold12607	AT2G26980.4	27.697	343	180	16	702	1694	19	305	6.05e-18	81.3
Lygodium_japonicum_scaffold12607	AT5G21326.1	30.986	213	127	9	702	1310	8	210	7.14e-17	77.8
Lygodium_japonicum_scaffold12607	AT1G01140.3	30.841	214	124	8	705	1310	15	216	5.64e-16	75.1
Lygodium_japonicum_scaffold12615	AT3G61150.1	34.615	78	49	1	1223	996	111	188	2.92e-08	50.1
Lygodium_japonicum_scaffold12615	AT4G00730.1	36.585	82	48	3	1223	987	135	215	9.15e-08	48.5
Lygodium_japonicum_scaffold12657	AT1G13630.4	23.506	251	175	8	8	730	382	625	3.94e-11	59.3
Lygodium_japonicum_scaffold12657	AT1G13630.4	25.828	151	103	3	101	529	485	634	1.26e-09	54.3
Lygodium_japonicum_scaffold12657	AT1G13630.4	23.729	177	124	6	20	523	283	457	4.19e-09	52.8
Lygodium_japonicum_scaffold12657	AT4G21880.1	25.600	125	87	3	170	538	495	615	8.97e-06	42.0
Lygodium_japonicum_scaffold12658	AT5G64940.1	29.614	233	128	5	1316	726	393	625	4.52e-24	99.0
Lygodium_japonicum_scaffold12660	AT4G24400.1	27.586	232	141	10	995	336	13	229	2.27e-16	75.9
Lygodium_japonicum_scaffold12660	AT1G01140.3	27.014	211	133	9	995	390	23	221	6.63e-15	71.2
Lygodium_japonicum_scaffold12660	AT2G26980.4	27.315	216	130	10	995	384	28	228	3.60e-14	68.9
Lygodium_japonicum_scaffold12660	AT5G21326.1	27.830	212	134	8	995	384	17	217	1.00e-13	67.4
Lygodium_japonicum_scaffold12660	AT1G30270.1	24.645	211	142	8	995	384	35	235	1.04e-13	67.4
Lygodium_japonicum_scaffold12660	AT5G35410.1	27.830	212	124	10	995	396	15	209	1.74e-13	66.6
Lygodium_japonicum_scaffold12664	AT1G13630.4	26.190	546	350	6	2	1480	271	816	5.93e-60	211
Lygodium_japonicum_scaffold12664	AT1G13630.4	26.653	499	341	7	56	1483	216	712	1.07e-56	202
Lygodium_japonicum_scaffold12664	AT1G13630.4	25.314	478	339	5	2	1381	236	713	3.09e-50	182
Lygodium_japonicum_scaffold12664	AT1G13630.4	24.499	449	327	4	164	1495	158	599	1.19e-44	166
Lygodium_japonicum_scaffold12664	AT1G13630.4	21.078	204	160	1	923	1531	233	436	1.22e-13	68.2
Lygodium_japonicum_scaffold12664	AT1G13630.4	24.468	188	135	1	974	1537	187	367	1.27e-11	61.6
Lygodium_japonicum_scaffold12664	AT3G61360.1	24.024	333	240	5	131	1096	113	443	6.48e-25	103
Lygodium_japonicum_scaffold12664	AT3G61360.1	21.935	310	232	4	512	1411	134	443	7.05e-20	87.4
Lygodium_japonicum_scaffold12664	AT3G61360.1	23.333	330	239	5	527	1483	106	432	2.23e-17	79.7
Lygodium_japonicum_scaffold12664	AT3G61360.1	24.891	229	140	4	2	688	247	443	7.85e-15	71.6
Lygodium_japonicum_scaffold12664	AT4G21880.1	21.399	243	180	5	302	1012	390	627	3.08e-11	60.5
Lygodium_japonicum_scaffold12664	AT4G21880.1	21.925	187	133	2	914	1474	367	540	1.18e-09	55.5
Lygodium_japonicum_scaffold12664	AT4G21880.1	26.812	138	91	4	5	409	501	631	3.16e-07	47.4
Lygodium_japonicum_scaffold12664	AT4G21880.1	22.340	188	140	4	59	619	449	631	1.87e-06	45.1
Lygodium_japonicum_scaffold12664	AT4G04790.1	22.857	210	147	3	851	1474	324	520	5.73e-10	56.2
Lygodium_japonicum_scaffold12664	AT4G04790.1	20.795	327	240	6	311	1279	341	652	4.70e-09	53.5
Lygodium_japonicum_scaffold12664	AT4G04790.1	19.038	499	343	13	158	1564	181	648	2.77e-06	44.3
Lygodium_japonicum_scaffold12652	AT5G16930.1	28.000	100	61	3	834	1121	397	489	5.54e-09	39.3
Lygodium_japonicum_scaffold12652	AT5G16930.1	37.500	48	28	1	1153	1296	499	544	5.54e-09	33.5
Lygodium_japonicum_scaffold12652	AT4G36580.1	25.694	144	80	5	714	1121	349	473	4.19e-06	43.1
Lygodium_japonicum_scaffold12652	AT2G18330.1	25.362	138	84	4	720	1121	354	476	5.20e-06	42.7
Lygodium_japonicum_scaffold12670	AT3G10113.1	40.741	54	27	3	377	538	62	110	1.40e-07	47.4
Lygodium_japonicum_scaffold12670	AT1G18330.2	40.741	54	27	3	377	538	73	121	1.49e-07	47.4
Lygodium_japonicum_scaffold12670	AT5G37260.1	42.308	52	28	2	389	544	34	83	1.69e-07	47.0
Lygodium_japonicum_scaffold12670	AT5G17300.1	40.741	54	27	3	377	538	52	100	4.11e-07	46.2
Lygodium_japonicum_scaffold12682	AT1G13630.4	25.123	203	147	2	2048	1452	338	539	1.91e-12	64.3
Lygodium_japonicum_scaffold12682	AT1G13630.4	24.125	257	168	9	2048	1344	514	765	7.64e-10	55.8
Lygodium_japonicum_scaffold12682	AT1G13630.4	22.088	249	145	6	2054	1344	442	653	2.75e-07	47.4
Lygodium_japonicum_scaffold12682	AT3G61360.1	22.088	249	168	8	2048	1368	209	453	1.88e-08	50.8
Lygodium_japonicum_scaffold12682	AT4G04790.1	24.204	157	106	3	2036	1584	481	630	4.43e-08	50.1
Lygodium_japonicum_scaffold12682	AT4G21880.1	24.427	131	90	5	2036	1656	501	626	4.45e-07	47.0
Lygodium_japonicum_scaffold12683	AT5G64550.1	76.963	191	43	1	12	581	214	404	4.41e-120	281
Lygodium_japonicum_scaffold12683	AT5G64550.1	63.194	144	28	4	584	1015	402	520	4.41e-120	163
Lygodium_japonicum_scaffold12683	AT5G64550.1	58.333	96	38	1	297	584	209	302	2.30e-44	96.7
Lygodium_japonicum_scaffold12683	AT5G64550.1	45.833	120	57	3	572	907	295	414	2.30e-44	95.9
Lygodium_japonicum_scaffold12683	AT5G64550.1	48.295	176	60	2	18	452	317	492	7.91e-39	146
Lygodium_japonicum_scaffold12683	AT5G64550.1	43.478	115	59	2	581	907	272	386	1.00e-21	93.6
Lygodium_japonicum_scaffold12683	AT5G64550.1	44.954	109	41	1	581	907	222	311	1.46e-21	92.8
Lygodium_japonicum_scaffold12683	AT5G09670.1	75.000	192	46	2	12	581	154	345	2.29e-117	276
Lygodium_japonicum_scaffold12683	AT5G09670.1	59.574	141	33	2	581	1003	342	458	2.29e-117	160
Lygodium_japonicum_scaffold12683	AT5G09670.1	55.102	196	82	4	12	584	229	423	1.33e-51	181
Lygodium_japonicum_scaffold12683	AT5G09670.1	54.494	178	75	3	12	527	255	432	1.99e-45	164
Lygodium_japonicum_scaffold12683	AT5G09670.1	57.292	96	39	1	297	584	149	242	4.72e-42	98.6
Lygodium_japonicum_scaffold12683	AT5G09670.1	56.410	78	33	1	560	790	256	333	4.72e-42	86.3
Lygodium_japonicum_scaffold12683	AT5G09670.1	45.690	116	56	2	581	907	212	327	1.68e-23	98.6
Lygodium_japonicum_scaffold12683	AT5G09670.1	45.872	109	40	2	581	907	162	251	7.13e-23	96.7
Lygodium_japonicum_scaffold12688	AT2G43770.1	28.125	256	171	6	430	1164	46	299	2.50e-25	101
Lygodium_japonicum_scaffold12688	AT2G43770.1	26.619	139	85	5	283	663	210	343	8.95e-08	48.1
Lygodium_japonicum_scaffold12688	AT4G28450.1	23.106	264	137	8	562	1173	62	319	3.82e-14	68.9
Lygodium_japonicum_scaffold12688	AT4G28450.1	22.556	266	179	10	352	1089	118	376	8.11e-06	42.4
Lygodium_japonicum_scaffold12688	AT3G49180.1	26.267	217	136	8	574	1164	78	290	3.19e-09	53.1
Lygodium_japonicum_scaffold12688	AT3G49180.1	24.766	214	141	7	328	912	79	291	4.99e-08	49.3
Lygodium_japonicum_scaffold12696	AT5G13250.1	40.984	122	57	3	579	220	276	384	5.55e-20	86.7
Lygodium_japonicum_scaffold12696	AT1G28080.2	51.923	52	25	0	579	424	237	288	1.29e-10	57.0
Lygodium_japonicum_scaffold12699	AT1G13630.4	31.193	109	71	1	2771	2457	494	602	9.91e-10	56.2
Lygodium_japonicum_scaffold12699	AT1G13630.4	23.243	185	133	3	2915	2388	270	454	1.04e-06	46.2
Lygodium_japonicum_scaffold12699	AT4G21880.1	27.434	113	76	3	2356	2024	517	625	5.51e-09	53.5
Lygodium_japonicum_scaffold12699	AT4G21880.1	24.348	115	80	2	2756	2424	482	593	4.08e-08	50.8
Lygodium_japonicum_scaffold12699	AT4G04790.1	31.373	102	64	3	2356	2057	497	594	1.17e-08	52.8
Lygodium_japonicum_scaffold12705	AT1G13630.4	26.351	296	193	9	1575	754	435	727	5.19e-18	81.6
Lygodium_japonicum_scaffold12705	AT1G13630.4	24.727	275	197	4	1554	757	266	539	6.23e-18	81.3
Lygodium_japonicum_scaffold12705	AT1G13630.4	22.152	316	236	3	1713	793	318	632	2.90e-17	79.3
Lygodium_japonicum_scaffold12705	AT3G61360.1	20.949	253	185	6	1575	850	168	416	4.05e-11	59.3
Lygodium_japonicum_scaffold12709	AT1G13630.4	25.000	132	91	2	6	383	430	559	4.90e-06	42.4
Lygodium_japonicum_scaffold12714	AT5G35410.1	34.694	98	60	2	1	291	62	156	4.24e-13	64.3
Lygodium_japonicum_scaffold12714	AT5G35410.1	31.313	99	63	2	804	1100	171	264	1.91e-06	43.5
Lygodium_japonicum_scaffold12714	AT4G24400.1	31.313	99	62	2	1	291	60	154	2.26e-12	62.0
Lygodium_japonicum_scaffold12714	AT5G21326.1	34.043	94	58	2	13	291	68	158	2.82e-12	61.6
Lygodium_japonicum_scaffold12714	AT2G26980.4	32.258	93	61	1	13	291	79	169	1.84e-11	59.3
Lygodium_japonicum_scaffold12714	AT1G30270.1	31.183	93	62	1	13	291	86	176	2.70e-11	58.5
Lygodium_japonicum_scaffold12714	AT1G30270.1	28.431	102	69	1	801	1106	192	289	4.72e-07	45.4
Lygodium_japonicum_scaffold12714	AT1G01140.3	30.108	93	63	1	13	291	74	164	1.53e-09	53.1
Lygodium_japonicum_scaffold12698	AT5G03840.1	52.096	167	77	2	155	646	6	172	5.85e-51	165
Lygodium_japonicum_scaffold12698	AT1G65480.2	51.136	176	78	2	143	646	37	212	1.42e-48	160
Lygodium_japonicum_scaffold12698	AT4G20370.1	51.497	167	78	2	149	643	2	167	1.29e-44	148
Lygodium_japonicum_scaffold12698	AT5G62040.1	52.663	169	76	3	152	646	1	169	1.46e-44	148
Lygodium_japonicum_scaffold12698	AT2G27550.1	50.000	170	80	4	152	646	1	170	1.24e-43	145
Lygodium_japonicum_scaffold12725	AT5G02810.1	45.098	51	28	0	2176	2328	667	717	1.30e-09	55.8
Lygodium_japonicum_scaffold12725	AT5G60100.2	51.111	45	22	0	2176	2310	467	511	5.72e-09	53.5
Lygodium_japonicum_scaffold12733	AT1G13630.4	25.000	168	118	5	105	587	337	503	1.87e-06	43.9
Lygodium_japonicum_scaffold12733	AT3G61360.1	18.644	236	157	8	36	677	182	404	4.08e-06	42.4
Lygodium_japonicum_scaffold12739	AT5G21326.1	38.065	155	88	3	604	1050	123	275	6.90e-43	106
Lygodium_japonicum_scaffold12739	AT5G21326.1	33.043	115	77	0	255	599	13	127	6.90e-43	80.1
Lygodium_japonicum_scaffold12739	AT1G30270.1	37.162	148	85	3	604	1029	141	286	2.83e-42	105
Lygodium_japonicum_scaffold12739	AT1G30270.1	29.565	115	81	0	255	599	31	145	2.83e-42	79.0
Lygodium_japonicum_scaffold12739	AT5G35410.1	36.184	152	91	3	604	1047	121	270	1.87e-40	99.4
Lygodium_japonicum_scaffold12739	AT5G35410.1	31.304	115	79	0	255	599	11	125	1.87e-40	79.3
Lygodium_japonicum_scaffold12739	AT2G26980.4	35.714	154	91	3	604	1047	134	285	1.63e-39	94.4
Lygodium_japonicum_scaffold12739	AT2G26980.4	32.174	115	78	0	255	599	24	138	1.63e-39	81.3
Lygodium_japonicum_scaffold12739	AT4G24400.1	36.913	149	88	3	613	1047	122	268	3.24e-39	98.2
Lygodium_japonicum_scaffold12739	AT4G24400.1	30.435	115	80	0	255	599	9	123	3.24e-39	76.6
Lygodium_japonicum_scaffold12739	AT1G01140.3	34.416	154	93	3	604	1047	129	280	1.10e-36	97.8
Lygodium_japonicum_scaffold12739	AT1G01140.3	26.446	121	89	0	237	599	13	133	1.10e-36	68.2
Lygodium_japonicum_scaffold12745	AT5G08130.8	71.264	87	25	0	1715	1455	271	357	1.25e-31	124
Lygodium_japonicum_scaffold12745	AT5G08130.8	63.415	41	15	0	791	669	456	496	6.28e-10	56.2
Lygodium_japonicum_scaffold12745	AT1G69010.1	55.340	103	45	1	1772	1464	18	119	1.28e-28	111
Lygodium_japonicum_scaffold12745	AT1G69010.1	62.222	45	17	0	803	669	225	269	2.57e-12	62.8
Lygodium_japonicum_scaffold12752	AT5G52020.1	53.333	30	13	1	451	540	65	93	2.88e-06	42.4
Lygodium_japonicum_scaffold12752	AT1G12630.1	60.000	30	11	1	451	540	19	47	5.37e-06	41.2
Lygodium_japonicum_scaffold12748	AT4G28450.1	23.041	217	135	10	1400	774	182	374	2.35e-06	43.9
Lygodium_japonicum_scaffold12758	AT5G46250.1	37.179	78	47	1	1560	1333	100	177	1.03e-12	64.7
Lygodium_japonicum_scaffold12771	AT1G13630.4	20.423	284	206	5	24	815	409	692	6.26e-13	64.7
Lygodium_japonicum_scaffold12771	AT4G21880.1	26.471	102	72	1	321	626	495	593	1.16e-06	44.7
Lygodium_japonicum_scaffold12771	AT3G61360.1	22.335	197	133	4	210	776	215	399	1.74e-06	43.9
Lygodium_japonicum_scaffold12771	AT3G61360.1	23.810	210	150	5	174	773	224	433	2.02e-06	43.5
Lygodium_japonicum_scaffold12787	AT1G13630.4	20.960	396	269	9	1725	592	389	758	2.18e-14	70.1
Lygodium_japonicum_scaffold12787	AT1G13630.4	19.220	359	242	7	1584	649	265	622	1.80e-13	67.0
Lygodium_japonicum_scaffold12787	AT1G13630.4	21.203	316	224	8	1623	748	494	808	1.35e-08	51.6
Lygodium_japonicum_scaffold12787	AT4G04790.1	28.689	122	77	3	969	622	477	594	1.85e-08	51.2
Lygodium_japonicum_scaffold12787	AT4G21880.1	25.688	109	75	3	996	670	490	592	1.79e-07	47.8
Lygodium_japonicum_scaffold12793	AT1G05160.1	27.711	166	111	3	1235	753	301	462	3.17e-16	75.5
Lygodium_japonicum_scaffold12793	AT2G32440.1	27.711	166	111	3	1235	750	300	460	7.85e-15	70.9
Lygodium_japonicum_scaffold12796	AT4G21880.1	23.894	113	80	3	21	353	520	628	1.59e-06	44.3
Lygodium_japonicum_scaffold12795	AT1G13630.4	27.451	102	71	2	615	310	516	614	1.83e-06	44.3
Lygodium_japonicum_scaffold12801	AT1G13630.4	23.111	225	130	3	2318	1650	412	595	1.32e-09	55.5
Lygodium_japonicum_scaffold12801	AT4G21880.1	21.809	188	129	5	2207	1656	368	541	9.72e-08	49.3
Lygodium_japonicum_scaffold12801	AT4G04790.1	21.875	160	116	2	2120	1653	368	522	2.11e-06	45.1
Lygodium_japonicum_scaffold12813	AT5G35410.1	30.061	163	96	6	1088	615	55	204	3.90e-11	59.7
Lygodium_japonicum_scaffold12813	AT4G24400.1	30.120	166	84	6	1088	627	53	198	1.49e-10	57.8
Lygodium_japonicum_scaffold12813	AT1G30270.1	26.540	211	129	9	1232	615	37	226	6.06e-10	55.8
Lygodium_japonicum_scaffold12813	AT1G01140.3	26.829	164	106	6	1094	615	61	214	8.99e-08	48.9
Lygodium_japonicum_scaffold12813	AT2G26980.4	26.275	255	135	12	1088	384	68	289	2.08e-07	47.8
Lygodium_japonicum_scaffold12813	AT5G21326.1	36.364	77	47	2	839	615	132	208	2.12e-07	47.8
Lygodium_japonicum_scaffold12818	AT5G64940.1	41.935	155	86	2	731	1189	219	371	3.01e-53	122
Lygodium_japonicum_scaffold12818	AT5G64940.1	27.208	283	167	5	1224	1976	373	648	3.01e-53	100
Lygodium_japonicum_scaffold12824	AT2G35635.1	36.111	72	43	1	305	520	79	147	1.02e-09	52.0
Lygodium_japonicum_scaffold12824	AT2G35635.1	37.838	74	43	1	299	520	1	71	4.03e-08	47.4
Lygodium_japonicum_scaffold12824	AT1G31340.1	36.111	72	43	1	305	520	79	147	2.18e-09	50.8
Lygodium_japonicum_scaffold12824	AT1G31340.1	37.838	74	43	1	299	520	1	71	4.54e-08	47.0
Lygodium_japonicum_scaffold12824	AT1G11980.1	32.432	74	47	1	299	520	1	71	4.17e-08	45.1
Lygodium_japonicum_scaffold12833	AT5G35410.1	42.529	87	45	3	944	687	124	206	4.86e-11	58.5
Lygodium_japonicum_scaffold12833	AT4G24400.1	35.870	92	52	3	959	687	119	204	8.21e-10	54.7
Lygodium_japonicum_scaffold12833	AT1G30270.1	40.000	85	48	3	938	687	146	228	4.74e-09	52.4
Lygodium_japonicum_scaffold12833	AT1G01140.3	37.647	85	50	3	938	687	134	216	2.59e-08	50.1
Lygodium_japonicum_scaffold12833	AT5G21326.1	37.647	85	50	3	938	687	128	210	5.67e-08	48.9
Lygodium_japonicum_scaffold12833	AT2G26980.4	36.471	85	51	3	938	687	139	221	7.90e-08	48.5
Lygodium_japonicum_scaffold12829	AT1G30270.1	29.870	154	93	6	2192	1755	30	176	1.48e-10	57.8
Lygodium_japonicum_scaffold12829	AT1G01140.3	29.814	161	99	8	2216	1755	11	164	1.85e-10	57.4
Lygodium_japonicum_scaffold12829	AT5G21326.1	27.011	174	85	7	2213	1755	6	158	3.06e-10	56.6
Lygodium_japonicum_scaffold12829	AT5G35410.1	27.381	168	103	7	2204	1734	7	166	7.28e-10	55.5
Lygodium_japonicum_scaffold12829	AT2G26980.4	30.409	171	77	8	2204	1755	20	169	1.42e-09	54.7
Lygodium_japonicum_scaffold12853	AT1G13630.4	25.735	136	93	2	1593	1210	494	629	6.75e-08	48.9
Lygodium_japonicum_scaffold12856	AT2G43770.1	29.245	212	147	3	1467	838	49	259	9.30e-25	100
Lygodium_japonicum_scaffold12856	AT2G43770.1	28.235	170	119	3	1365	862	41	209	3.31e-18	81.3
Lygodium_japonicum_scaffold12856	AT2G43770.1	26.277	137	97	3	1227	826	45	180	6.27e-12	62.0
Lygodium_japonicum_scaffold12856	AT4G28450.1	27.679	224	134	9	1470	859	104	319	7.13e-14	68.6
Lygodium_japonicum_scaffold12856	AT4G28450.1	37.975	79	48	1	1083	850	64	142	1.44e-09	55.1
Lygodium_japonicum_scaffold12856	AT4G28450.1	28.058	139	81	5	1215	844	62	196	1.11e-08	52.0
Lygodium_japonicum_scaffold12856	AT4G28450.1	30.120	83	57	1	1341	1096	285	367	4.65e-08	50.1
Lygodium_japonicum_scaffold12856	AT3G49180.1	25.352	213	140	6	1449	865	80	291	1.19e-12	64.7
Lygodium_japonicum_scaffold12856	AT3G49180.1	36.232	69	44	0	1068	862	81	149	3.52e-10	57.0
Lygodium_japonicum_scaffold12856	AT3G49180.1	26.613	248	145	11	1608	943	71	307	3.64e-09	53.5
Lygodium_japonicum_scaffold12856	AT3G49180.1	23.810	210	139	6	1410	835	6	212	6.86e-09	52.8
Lygodium_japonicum_scaffold12856	AT4G07410.1	29.299	157	94	7	1416	988	165	318	1.77e-07	48.5
Lygodium_japonicum_scaffold12856	AT4G07410.1	25.610	164	112	3	1296	835	164	327	3.54e-07	47.8
Lygodium_japonicum_scaffold12856	AT1G27470.1	24.561	171	117	4	1314	835	158	327	1.75e-06	45.4
Lygodium_japonicum_scaffold12856	AT1G03060.1	27.966	118	69	3	1164	850	3299	3413	3.09e-06	44.7
Lygodium_japonicum_scaffold12856	AT4G02660.2	27.966	118	69	3	1164	850	3292	3406	5.76e-06	43.9
Lygodium_japonicum_scaffold12866	AT1G13630.4	23.118	186	137	3	135	680	410	593	2.62e-11	59.3
Lygodium_japonicum_scaffold12866	AT1G13630.4	23.077	221	148	8	84	686	494	712	8.80e-11	57.8
Lygodium_japonicum_scaffold12866	AT1G13630.4	25.269	186	131	3	90	626	216	400	2.99e-09	52.8
Lygodium_japonicum_scaffold12866	AT3G61360.1	24.299	214	118	6	54	674	180	356	1.06e-08	50.8
Lygodium_japonicum_scaffold12866	AT4G21880.1	22.603	146	104	4	144	569	501	641	2.61e-07	46.6
Lygodium_japonicum_scaffold12866	AT4G04790.1	23.567	157	107	4	144	596	481	630	7.13e-07	45.1
Lygodium_japonicum_scaffold12869	AT5G67385.1	34.861	502	205	13	1829	327	224	604	2.56e-77	251
Lygodium_japonicum_scaffold12869	AT3G49970.1	43.575	179	60	6	1829	1293	172	309	5.60e-31	120
Lygodium_japonicum_scaffold12869	AT3G49970.1	31.395	258	117	8	1088	327	314	515	6.53e-27	108
Lygodium_japonicum_scaffold12878	AT1G13630.4	26.452	155	103	6	16	462	460	609	4.02e-06	42.7
Lygodium_japonicum_scaffold12875	AT5G65930.3	48.013	302	153	2	2331	1426	943	1240	6.42e-78	268
Lygodium_japonicum_scaffold12877	AT1G13630.4	24.022	358	209	10	663	1664	407	725	2.33e-14	71.2
Lygodium_japonicum_scaffold12877	AT1G13630.4	22.105	190	144	1	65	622	410	599	2.25e-11	61.2
Lygodium_japonicum_scaffold12877	AT1G13630.4	22.599	177	117	3	14	484	494	670	1.14e-09	55.8
Lygodium_japonicum_scaffold12877	AT1G13630.4	23.629	237	172	4	975	1664	269	503	3.28e-09	54.3
Lygodium_japonicum_scaffold12877	AT1G13630.4	21.127	213	157	3	14	628	357	566	9.73e-08	49.7
Lygodium_japonicum_scaffold12877	AT1G13630.4	22.093	172	121	3	2	484	279	448	1.11e-06	46.2
Lygodium_japonicum_scaffold12877	AT1G13630.4	21.008	238	158	5	630	1268	532	764	1.58e-06	45.8
Lygodium_japonicum_scaffold12877	AT1G13630.4	19.342	243	189	4	945	1655	224	465	3.44e-06	44.7
Lygodium_japonicum_scaffold12877	AT3G61360.1	24.444	180	123	3	20	520	192	371	2.45e-12	63.9
Lygodium_japonicum_scaffold12877	AT3G61360.1	25.556	180	126	4	975	1496	176	353	2.73e-09	54.3
Lygodium_japonicum_scaffold12877	AT3G61360.1	21.642	268	189	8	483	1244	146	406	8.24e-06	43.1
Lygodium_japonicum_scaffold12877	AT4G21880.1	31.034	87	57	1	377	637	501	584	3.93e-08	50.8
Lygodium_japonicum_scaffold12877	AT4G21880.1	29.457	129	85	3	681	1058	501	626	1.60e-06	45.4
Lygodium_japonicum_scaffold12877	AT4G21880.1	26.866	134	82	4	74	451	501	626	2.26e-06	45.1
Lygodium_japonicum_scaffold12877	AT4G04790.1	20.747	241	177	6	966	1664	334	568	6.44e-08	50.1
Lygodium_japonicum_scaffold12877	AT4G04790.1	21.675	203	150	3	41	637	367	564	7.35e-07	46.6
Lygodium_japonicum_scaffold12877	AT4G04790.1	24.806	129	91	3	74	451	481	606	1.16e-06	46.2
Lygodium_japonicum_scaffold12883	AT3G49180.1	34.759	187	78	3	48	605	59	202	5.12e-36	92.0
Lygodium_japonicum_scaffold12883	AT3G49180.1	29.412	238	147	7	632	1321	209	433	5.12e-36	72.4
Lygodium_japonicum_scaffold12880	AT1G05160.1	43.137	153	84	2	1300	851	316	468	3.42e-33	124
Lygodium_japonicum_scaffold12880	AT2G32440.1	41.026	156	91	1	1300	836	315	470	9.98e-33	123
Lygodium_japonicum_scaffold12887	AT2G43770.1	25.676	296	157	7	1233	382	56	300	4.64e-22	92.4
Lygodium_japonicum_scaffold12887	AT2G43770.1	30.286	175	111	3	894	376	45	210	2.81e-16	75.1
Lygodium_japonicum_scaffold12887	AT2G43770.1	25.490	153	104	4	1233	805	183	335	6.89e-10	55.5
Lygodium_japonicum_scaffold12887	AT4G28450.1	22.530	253	165	9	1197	493	82	321	5.19e-09	53.1
Lygodium_japonicum_scaffold12887	AT4G28450.1	25.786	159	95	7	951	499	219	362	1.30e-07	48.5
Lygodium_japonicum_scaffold12887	AT3G49180.1	23.938	259	151	10	1233	478	81	300	8.67e-07	45.8
Lygodium_japonicum_scaffold12881	AT2G43770.1	22.088	249	171	10	1214	513	89	329	4.97e-13	65.1
Lygodium_japonicum_scaffold12881	AT2G43770.1	20.710	338	198	10	1532	627	32	335	2.59e-07	47.4
Lygodium_japonicum_scaffold12881	AT2G43770.1	20.179	223	149	8	950	351	49	265	6.97e-07	45.8
Lygodium_japonicum_scaffold12912	AT1G13630.4	29.457	129	84	3	1902	1528	494	619	5.77e-06	43.1
Lygodium_japonicum_scaffold12915	AT1G30270.1	28.079	203	118	10	130	708	37	221	2.36e-10	55.8
Lygodium_japonicum_scaffold12915	AT2G26980.4	27.074	229	134	10	73	708	2	214	3.83e-08	48.9
Lygodium_japonicum_scaffold12915	AT4G24400.1	27.919	197	124	8	130	708	15	197	5.08e-08	48.5
Lygodium_japonicum_scaffold12915	AT5G35410.1	26.616	263	161	13	130	879	17	260	1.45e-07	47.0
Lygodium_japonicum_scaffold12915	AT1G01140.3	25.962	208	130	9	109	708	18	209	4.98e-07	45.4
Lygodium_japonicum_scaffold12915	AT5G21326.1	28.302	159	93	8	247	708	61	203	5.04e-07	45.4
Lygodium_japonicum_scaffold12927	AT1G01140.3	25.352	142	95	5	227	637	16	151	1.35e-08	42.0
Lygodium_japonicum_scaffold12927	AT1G01140.3	30.488	82	50	2	633	875	150	225	1.35e-08	29.3
Lygodium_japonicum_scaffold12927	AT1G30270.1	23.944	142	97	5	227	637	28	163	2.95e-06	43.5
Lygodium_japonicum_scaffold12927	AT5G35410.1	23.944	142	97	4	227	637	8	143	4.65e-06	42.7
Lygodium_japonicum_scaffold12927	AT4G24400.1	25.000	144	97	5	227	643	6	143	8.17e-06	42.0
Lygodium_japonicum_scaffold12941	AT4G04790.1	21.557	167	120	3	1374	895	480	642	3.95e-07	46.2
Lygodium_japonicum_scaffold12941	AT4G21880.1	22.222	153	111	3	1374	925	500	647	2.57e-06	43.9
Lygodium_japonicum_scaffold12941	AT1G13630.4	25.455	110	76	4	1317	1000	653	760	5.06e-06	42.7
Lygodium_japonicum_scaffold12951	AT5G37260.1	33.696	92	55	3	486	758	7	93	3.26e-06	43.1
Lygodium_japonicum_scaffold12977	AT2G43770.1	25.940	266	160	11	1639	914	89	341	1.73e-12	63.2
Lygodium_japonicum_scaffold12977	AT3G49180.1	27.564	156	95	5	1183	764	89	242	5.75e-09	52.4
Lygodium_japonicum_scaffold12987	AT5G65930.3	32.432	74	40	1	1972	1781	1164	1237	2.22e-08	51.2
Lygodium_japonicum_scaffold12983	AT2G26980.4	30.653	199	106	8	1581	1033	45	227	2.15e-12	63.9
Lygodium_japonicum_scaffold12983	AT1G30270.1	26.957	230	138	9	1521	853	75	281	1.67e-10	58.2
Lygodium_japonicum_scaffold12983	AT1G01140.3	27.322	183	119	6	1578	1051	41	216	4.69e-09	53.5
Lygodium_japonicum_scaffold12983	AT5G35410.1	25.824	182	121	7	1578	1051	33	206	1.37e-07	48.9
Lygodium_japonicum_scaffold12983	AT4G24400.1	25.000	168	111	5	1521	1033	53	210	1.04e-06	45.8
Lygodium_japonicum_scaffold12983	AT5G21326.1	26.190	210	132	9	1626	1033	18	216	5.30e-06	43.5
Lygodium_japonicum_scaffold13002	AT1G13630.4	20.367	491	348	12	321	1679	279	764	7.19e-16	75.1
Lygodium_japonicum_scaffold13002	AT1G13630.4	21.145	454	312	14	276	1523	369	814	1.99e-15	73.9
Lygodium_japonicum_scaffold13002	AT1G13630.4	18.108	370	290	4	357	1427	225	594	5.43e-13	65.9
Lygodium_japonicum_scaffold13002	AT3G61360.1	22.311	251	177	7	837	1550	158	403	1.48e-09	54.7
Lygodium_japonicum_scaffold13002	AT3G61360.1	20.737	217	163	3	306	935	181	395	7.04e-09	52.4
Lygodium_japonicum_scaffold13002	AT4G21880.1	25.532	141	95	5	360	770	492	626	2.32e-06	44.7
Lygodium_japonicum_scaffold13009	AT5G35410.1	27.099	262	162	12	959	1693	11	260	4.94e-13	65.9
Lygodium_japonicum_scaffold13009	AT1G30270.1	22.388	335	230	11	959	1918	31	350	4.49e-12	63.2
Lygodium_japonicum_scaffold13009	AT1G01140.3	25.446	224	141	7	956	1597	18	225	7.26e-12	62.4
Lygodium_japonicum_scaffold13009	AT4G24400.1	25.110	227	136	9	956	1597	8	213	2.74e-10	57.4
Lygodium_japonicum_scaffold13009	AT5G21326.1	25.000	212	147	6	935	1552	5	210	4.71e-09	53.1
Lygodium_japonicum_scaffold13009	AT2G26980.4	23.009	226	158	5	935	1597	16	230	4.95e-08	50.1
Lygodium_japonicum_scaffold13029	AT1G13630.4	32.258	155	103	2	3	461	310	464	1.18e-18	83.2
Lygodium_japonicum_scaffold13029	AT1G13630.4	25.767	163	120	1	3	488	416	578	1.94e-14	69.7
Lygodium_japonicum_scaffold13029	AT1G13630.4	28.859	149	105	1	3	446	451	599	2.33e-13	66.2
Lygodium_japonicum_scaffold13029	AT1G13630.4	30.556	144	93	4	3	422	240	380	6.30e-10	55.5
Lygodium_japonicum_scaffold13029	AT1G13630.4	24.138	174	119	2	3	485	521	694	1.24e-09	54.3
Lygodium_japonicum_scaffold13029	AT1G13630.4	23.288	146	107	2	39	473	221	362	6.16e-09	52.4
Lygodium_japonicum_scaffold13029	AT3G61360.1	30.496	141	97	1	3	422	216	356	1.18e-13	66.6
Lygodium_japonicum_scaffold13028	AT3G61150.1	36.111	72	46	0	736	521	125	196	7.85e-07	45.4
Lygodium_japonicum_scaffold13039	AT1G13630.4	21.344	506	352	9	10	1470	232	710	1.37e-21	93.2
Lygodium_japonicum_scaffold13039	AT1G13630.4	20.370	324	208	7	622	1560	269	553	7.47e-06	42.7
Lygodium_japonicum_scaffold13039	AT4G04790.1	20.896	201	140	5	817	1374	329	525	1.11e-06	45.4
Lygodium_japonicum_scaffold13039	AT4G21880.1	25.984	127	88	3	331	702	502	625	4.34e-06	43.5
Lygodium_japonicum_scaffold13043	AT4G24400.1	32.701	211	122	7	1200	595	13	212	4.07e-25	102
Lygodium_japonicum_scaffold13043	AT1G30270.1	33.649	211	122	7	1200	595	35	236	1.20e-24	101
Lygodium_japonicum_scaffold13043	AT1G01140.3	31.280	211	137	5	1215	595	18	224	8.31e-24	99.0
Lygodium_japonicum_scaffold13043	AT2G26980.4	30.698	215	131	7	1212	595	24	229	8.77e-24	98.6
Lygodium_japonicum_scaffold13043	AT5G35410.1	29.524	210	138	5	1212	595	11	214	2.10e-23	97.4
Lygodium_japonicum_scaffold13043	AT5G21326.1	31.628	215	129	7	1212	595	13	218	2.06e-21	91.3
Lygodium_japonicum_scaffold13053	AT1G13630.4	26.370	292	197	6	8	847	330	615	4.73e-19	86.3
Lygodium_japonicum_scaffold13053	AT1G13630.4	23.575	386	256	11	110	1183	261	635	2.23e-14	71.2
Lygodium_japonicum_scaffold13053	AT1G13630.4	21.233	438	289	14	302	1549	216	619	1.19e-13	68.9
Lygodium_japonicum_scaffold13053	AT4G21880.1	26.316	209	142	6	170	769	435	640	2.33e-09	54.7
Lygodium_japonicum_scaffold13053	AT3G61360.1	20.465	215	157	4	242	850	206	418	5.77e-06	43.5
Lygodium_japonicum_scaffold13050	AT1G13630.4	21.748	492	353	7	1868	489	273	764	3.25e-27	111
Lygodium_japonicum_scaffold13050	AT1G13630.4	23.540	531	371	10	2153	663	279	808	2.31e-24	102
Lygodium_japonicum_scaffold13050	AT1G13630.4	20.672	387	245	9	1622	621	223	600	8.99e-14	68.6
Lygodium_japonicum_scaffold13050	AT1G13630.4	20.178	337	246	8	1208	234	225	550	7.11e-07	46.2
Lygodium_japonicum_scaffold13050	AT4G04790.1	24.490	196	134	4	824	249	496	681	1.57e-10	58.2
Lygodium_japonicum_scaffold13050	AT4G21880.1	23.223	211	146	5	869	252	501	700	4.36e-09	53.5
Lygodium_japonicum_scaffold13050	AT4G21880.1	22.754	167	121	3	1475	987	501	663	5.72e-07	46.6
Lygodium_japonicum_scaffold13050	AT4G21880.1	26.357	129	89	3	1778	1401	501	626	1.12e-06	45.8
Lygodium_japonicum_scaffold13050	AT4G21880.1	24.286	140	98	4	1172	768	501	637	9.97e-06	42.7
Lygodium_japonicum_scaffold13050	AT3G61360.1	21.154	208	128	4	1184	576	244	420	1.44e-06	45.1
Lygodium_japonicum_scaffold13057	AT1G17720.1	76.109	293	68	1	678	1556	211	501	0.0	480
Lygodium_japonicum_scaffold13057	AT1G17720.1	63.942	208	62	4	55	675	16	211	0.0	220
Lygodium_japonicum_scaffold13057	AT1G51690.5	72.696	293	78	1	678	1556	320	610	0.0	460
Lygodium_japonicum_scaffold13057	AT1G51690.5	58.904	219	71	6	55	675	109	320	0.0	210
Lygodium_japonicum_scaffold13067	AT4G21880.1	21.212	132	98	3	81	470	501	628	2.55e-06	43.5
Lygodium_japonicum_scaffold13062	AT2G43770.1	31.250	80	44	3	1042	809	61	131	6.13e-07	45.1
Lygodium_japonicum_scaffold13062	AT3G49180.1	30.435	69	40	1	1033	827	89	149	9.90e-06	41.6
Lygodium_japonicum_scaffold13065	AT1G13630.4	27.937	383	257	4	19	1116	299	679	5.99e-44	164
Lygodium_japonicum_scaffold13065	AT1G13630.4	24.771	436	266	8	7	1146	365	794	2.53e-33	131
Lygodium_japonicum_scaffold13065	AT1G13630.4	24.189	339	241	5	4	975	470	807	8.10e-26	107
Lygodium_japonicum_scaffold13065	AT1G13630.4	21.023	352	265	4	76	1119	151	493	2.91e-21	92.8
Lygodium_japonicum_scaffold13065	AT3G61360.1	24.444	225	149	6	1	639	199	414	1.03e-15	74.3
Lygodium_japonicum_scaffold13065	AT3G61360.1	23.711	291	208	8	133	972	134	421	1.39e-15	73.9
Lygodium_japonicum_scaffold13065	AT3G61360.1	24.701	251	178	4	373	1101	110	357	1.48e-15	73.9
Lygodium_japonicum_scaffold13065	AT3G61360.1	23.353	167	121	3	22	510	276	439	5.99e-09	52.8
Lygodium_japonicum_scaffold13065	AT4G21880.1	20.761	289	219	5	124	978	388	670	4.50e-13	66.2
Lygodium_japonicum_scaffold13065	AT4G21880.1	23.301	206	152	3	451	1059	391	593	5.87e-11	59.7
Lygodium_japonicum_scaffold13065	AT4G21880.1	19.741	309	194	7	157	1071	373	631	1.32e-10	58.5
Lygodium_japonicum_scaffold13065	AT4G21880.1	22.727	88	68	0	7	270	454	541	1.95e-06	45.1
Lygodium_japonicum_scaffold13065	AT4G04790.1	19.565	368	261	11	124	1167	368	720	2.73e-11	60.5
Lygodium_japonicum_scaffold13093	AT1G13630.4	27.723	202	138	4	1646	1056	414	612	5.03e-17	78.6
Lygodium_japonicum_scaffold13093	AT1G13630.4	25.523	239	130	6	1652	1065	306	539	1.88e-10	57.4
Lygodium_japonicum_scaffold13093	AT1G13630.4	24.812	133	97	1	1029	640	338	470	6.24e-08	49.3
Lygodium_japonicum_scaffold13093	AT1G13630.4	25.904	166	79	3	1709	1236	494	623	5.55e-07	46.2
Lygodium_japonicum_scaffold13093	AT3G61360.1	24.800	125	79	5	1077	733	294	413	2.12e-06	43.9
Lygodium_japonicum_scaffold13093	AT4G21880.1	27.692	130	87	4	1649	1269	501	626	2.84e-06	43.9
Lygodium_japonicum_scaffold13093	AT4G21880.1	24.219	128	91	3	1017	640	501	624	5.70e-06	42.7
Lygodium_japonicum_scaffold13093	AT4G04790.1	28.409	88	59	2	1017	754	481	564	3.47e-06	43.5
Lygodium_japonicum_scaffold13093	AT4G04790.1	27.481	131	86	3	1649	1269	481	606	8.82e-06	42.4
Lygodium_japonicum_scaffold13101	AT1G13630.4	22.814	263	185	5	1994	1248	373	631	1.14e-10	58.5
Lygodium_japonicum_scaffold13101	AT1G13630.4	22.531	324	223	11	1979	1080	414	733	1.20e-08	52.0
Lygodium_japonicum_scaffold13101	AT1G13630.4	18.919	333	224	6	1691	828	268	599	9.42e-08	48.9
Lygodium_japonicum_scaffold13101	AT4G21880.1	25.926	162	107	4	1388	927	497	653	2.96e-08	50.8
Lygodium_japonicum_scaffold13101	AT4G04790.1	30.189	106	68	2	732	421	493	594	4.90e-07	46.6
Lygodium_japonicum_scaffold13101	AT3G61360.1	24.138	174	119	6	1679	1182	179	347	3.10e-06	43.9
Lygodium_japonicum_scaffold13101	AT3G61360.1	20.115	174	132	2	1769	1269	180	353	3.55e-06	43.5
Lygodium_japonicum_scaffold13094	AT1G30270.1	28.571	182	105	8	1226	708	70	235	5.92e-10	53.1
Lygodium_japonicum_scaffold13094	AT1G30270.1	37.037	27	16	1	1333	1256	37	63	5.92e-10	23.1
Lygodium_japonicum_scaffold13094	AT5G35410.1	29.651	172	100	7	1211	708	59	213	2.09e-08	50.4
Lygodium_japonicum_scaffold13094	AT1G01140.3	27.647	170	106	6	1211	711	67	222	4.05e-08	49.7
Lygodium_japonicum_scaffold13094	AT5G21326.1	26.923	208	122	10	1211	627	61	251	4.08e-08	49.7
Lygodium_japonicum_scaffold13094	AT4G24400.1	29.762	168	103	6	1211	711	57	210	4.77e-08	49.3
Lygodium_japonicum_scaffold13094	AT2G26980.4	29.480	173	101	7	1211	708	72	228	2.46e-07	47.0
Lygodium_japonicum_scaffold13122	AT1G13630.4	22.581	310	217	9	9	887	308	611	9.06e-11	58.2
Lygodium_japonicum_scaffold13122	AT1G13630.4	23.301	309	213	8	3	887	173	471	4.39e-09	52.8
Lygodium_japonicum_scaffold13122	AT1G13630.4	20.455	264	188	6	3	731	517	779	1.11e-07	48.1
Lygodium_japonicum_scaffold13122	AT4G21880.1	27.692	130	88	3	309	689	501	627	2.28e-08	50.4
Lygodium_japonicum_scaffold13122	AT4G21880.1	25.610	164	116	3	3	485	500	660	4.88e-07	46.2
Lygodium_japonicum_scaffold13122	AT3G61360.1	19.231	208	159	3	117	719	148	353	4.12e-08	49.3
Lygodium_japonicum_scaffold13122	AT4G04790.1	24.837	153	103	3	3	443	480	626	1.98e-07	47.4
Lygodium_japonicum_scaffold13122	AT4G04790.1	24.590	122	84	4	534	899	461	574	7.26e-06	42.4
Lygodium_japonicum_scaffold13115	AT4G15215.11	36.000	75	46	2	1067	849	933	1007	3.66e-07	47.8
Lygodium_japonicum_scaffold13115	AT2G37280.3	35.821	67	41	2	1043	849	986	1052	8.15e-07	46.6
Lygodium_japonicum_scaffold13115	AT3G53480.1	37.313	67	40	2	1043	849	994	1060	1.83e-06	45.4
Lygodium_japonicum_scaffold13115	AT4G15233.1	34.328	67	42	2	1043	849	936	1002	1.83e-06	45.4
Lygodium_japonicum_scaffold13115	AT4G15230.1	35.821	67	41	2	1043	849	944	1010	2.17e-06	45.1
Lygodium_japonicum_scaffold13115	AT4G15236.1	32.836	67	43	2	1043	849	934	1000	2.47e-06	44.7
Lygodium_japonicum_scaffold13133	AT2G43770.1	23.786	206	139	8	1360	764	56	250	6.84e-10	43.9
Lygodium_japonicum_scaffold13133	AT2G43770.1	29.231	65	46	0	701	507	276	340	6.84e-10	32.0
Lygodium_japonicum_scaffold13133	AT2G43770.1	20.354	113	86	2	1339	1001	149	257	1.07e-06	44.3
Lygodium_japonicum_scaffold13146	AT1G30270.1	27.347	245	152	10	1465	773	37	269	2.59e-18	82.4
Lygodium_japonicum_scaffold13146	AT1G01140.3	27.935	247	148	8	1465	773	25	257	1.86e-17	79.7
Lygodium_japonicum_scaffold13146	AT2G26980.4	27.459	244	153	9	1465	773	30	262	6.44e-17	78.2
Lygodium_japonicum_scaffold13146	AT5G35410.1	28.467	274	157	13	1465	686	17	265	1.14e-16	77.0
Lygodium_japonicum_scaffold13146	AT5G21326.1	27.869	244	152	9	1465	773	19	251	2.80e-15	72.8
Lygodium_japonicum_scaffold13146	AT4G24400.1	27.230	213	137	7	1465	845	15	215	1.95e-12	63.9
Lygodium_japonicum_scaffold13156	AT1G13630.4	21.429	462	306	13	2165	912	318	766	7.70e-22	95.5
Lygodium_japonicum_scaffold13156	AT1G13630.4	22.222	567	336	14	1895	354	118	632	1.36e-18	85.1
Lygodium_japonicum_scaffold13156	AT1G13630.4	20.600	500	330	15	2603	1203	302	767	1.93e-17	81.3
Lygodium_japonicum_scaffold13156	AT1G13630.4	18.499	373	277	7	2708	1668	443	814	3.54e-08	51.2
Lygodium_japonicum_scaffold13156	AT3G61360.1	23.223	211	151	5	1751	1143	158	365	1.91e-09	55.1
Lygodium_japonicum_scaffold13156	AT3G61360.1	21.127	213	159	4	1946	1335	192	404	2.93e-07	47.8
Lygodium_japonicum_scaffold13156	AT3G61360.1	23.348	227	151	10	1118	483	172	390	3.51e-06	44.3
Lygodium_japonicum_scaffold13156	AT3G61360.1	21.200	250	171	7	2252	1524	199	429	8.72e-06	43.1
Lygodium_japonicum_scaffold13156	AT4G21880.1	24.503	151	103	5	2252	1821	479	625	7.03e-07	47.0
Lygodium_japonicum_scaffold13156	AT4G04790.1	25.140	179	125	4	2129	1605	434	607	1.73e-06	45.4
Lygodium_japonicum_scaffold13158	AT1G05160.1	35.644	202	121	5	1050	454	283	478	7.91e-37	137
Lygodium_japonicum_scaffold13158	AT1G05160.1	28.780	205	144	2	1796	1185	55	258	5.99e-23	96.3
Lygodium_japonicum_scaffold13158	AT2G32440.1	34.444	180	112	2	1044	505	284	457	3.18e-33	127
Lygodium_japonicum_scaffold13158	AT2G32440.1	30.732	205	140	2	1796	1185	54	257	1.69e-24	100
Lygodium_japonicum_scaffold13167	AT1G69010.1	38.824	85	51	1	774	1025	16	100	1.69e-10	56.6
Lygodium_japonicum_scaffold13167	AT5G08130.8	40.230	87	48	3	876	1130	285	369	1.15e-09	54.7
Lygodium_japonicum_scaffold13175	AT1G13630.4	23.301	206	137	6	53	628	414	612	5.95e-08	49.3
Lygodium_japonicum_scaffold13186	AT1G13630.4	28.500	200	124	2	14	556	353	552	6.05e-17	77.8
Lygodium_japonicum_scaffold13186	AT1G13630.4	25.137	183	120	3	2	550	420	585	2.43e-11	60.1
Lygodium_japonicum_scaffold13186	AT1G13630.4	26.708	161	102	3	62	544	299	443	4.88e-10	55.8
Lygodium_japonicum_scaffold13186	AT1G13630.4	22.772	202	130	4	2	550	180	374	9.51e-09	51.6
Lygodium_japonicum_scaffold13186	AT3G61360.1	26.554	177	115	3	35	565	231	392	1.22e-09	54.3
Lygodium_japonicum_scaffold13231	AT1G13630.4	25.373	335	219	10	33	974	276	600	6.33e-14	68.6
Lygodium_japonicum_scaffold13231	AT1G13630.4	21.951	369	217	13	27	932	415	779	2.54e-06	43.9
Lygodium_japonicum_scaffold13231	AT3G61360.1	21.196	184	130	4	18	542	180	357	2.48e-06	43.9
Lygodium_japonicum_scaffold13228	AT4G36580.1	31.507	146	90	5	2047	1613	383	519	2.30e-11	61.2
Lygodium_japonicum_scaffold13228	AT2G18330.1	31.507	146	90	5	2047	1613	386	522	2.47e-11	61.2
Lygodium_japonicum_scaffold13228	AT3G03060.1	28.947	152	98	5	2047	1595	387	529	5.32e-10	56.6
Lygodium_japonicum_scaffold13228	AT5G16930.1	28.289	152	99	5	2047	1595	399	541	2.37e-09	54.7
Lygodium_japonicum_scaffold13236	AT2G22010.2	29.208	202	89	9	1141	560	127	282	5.71e-10	56.2
Lygodium_japonicum_scaffold13242	AT1G13630.4	21.732	589	380	15	2383	719	175	716	5.42e-22	95.5
Lygodium_japonicum_scaffold13242	AT3G61360.1	24.623	199	137	3	1945	1388	180	378	9.04e-12	62.0
Lygodium_japonicum_scaffold13242	AT3G61360.1	22.275	211	154	4	1447	839	145	353	1.12e-09	55.1
Lygodium_japonicum_scaffold13242	AT4G21880.1	22.311	251	158	6	1807	1064	447	663	9.52e-10	55.8
Lygodium_japonicum_scaffold13242	AT4G21880.1	22.685	216	145	8	2398	1781	423	626	5.96e-08	50.1
Lygodium_japonicum_scaffold13242	AT4G21880.1	24.806	129	91	4	1855	1478	501	626	3.01e-06	44.7
Lygodium_japonicum_scaffold13242	AT4G21880.1	32.727	55	37	0	958	794	497	551	8.14e-06	43.1
Lygodium_japonicum_scaffold13242	AT4G04790.1	19.910	221	160	5	2320	1679	430	640	2.02e-07	48.1
Lygodium_japonicum_scaffold13253	AT2G28000.1	46.330	436	228	3	197	1492	31	464	3.53e-129	390
Lygodium_japonicum_scaffold13253	AT2G28000.1	45.217	115	60	2	1461	1799	454	567	7.33e-22	94.0
Lygodium_japonicum_scaffold13253	AT5G18820.1	40.278	432	251	4	206	1489	26	454	2.45e-96	304
Lygodium_japonicum_scaffold13253	AT5G18820.1	40.945	127	71	2	1461	1832	441	566	6.47e-20	87.8
Lygodium_japonicum_scaffold13267	AT1G13630.4	22.712	295	217	5	1885	1031	318	611	9.01e-14	68.9
Lygodium_japonicum_scaffold13267	AT1G13630.4	19.872	312	239	4	1957	1052	224	534	5.68e-11	60.1
Lygodium_japonicum_scaffold13267	AT1G13630.4	21.622	259	192	5	2536	1790	338	595	1.87e-10	58.2
Lygodium_japonicum_scaffold13267	AT3G61360.1	23.684	190	132	4	1669	1124	192	376	1.31e-08	52.0
Lygodium_japonicum_scaffold13267	AT4G21880.1	25.000	152	100	7	1963	1535	482	628	4.95e-07	47.0
Lygodium_japonicum_scaffold13269	AT1G13630.4	22.692	260	175	4	5	706	422	681	1.19e-11	61.2
Lygodium_japonicum_scaffold13269	AT1G13630.4	23.704	135	99	2	901	1296	406	539	4.13e-11	41.2
Lygodium_japonicum_scaffold13269	AT1G13630.4	22.603	146	109	1	362	787	264	409	4.13e-11	38.9
Lygodium_japonicum_scaffold13269	AT1G13630.4	18.387	310	198	5	11	775	459	768	8.64e-07	45.4
Lygodium_japonicum_scaffold13269	AT4G21880.1	27.941	136	90	3	263	658	495	626	2.23e-08	50.4
Lygodium_japonicum_scaffold13270	AT5G67385.1	29.940	167	98	6	1	453	13	176	5.47e-14	69.3
Lygodium_japonicum_scaffold13270	AT3G49970.1	28.889	135	83	4	55	435	7	136	8.00e-10	55.5
Lygodium_japonicum_scaffold13288	AT1G13630.4	17.890	436	293	11	2082	853	368	764	1.08e-12	65.1
Lygodium_japonicum_scaffold13288	AT1G13630.4	21.283	343	222	9	1947	949	308	612	4.42e-12	63.2
Lygodium_japonicum_scaffold13288	AT1G13630.4	19.580	429	266	11	2079	892	334	716	2.24e-10	57.4
Lygodium_japonicum_scaffold13288	AT4G04790.1	28.148	135	79	5	1236	856	481	605	8.48e-10	55.8
Lygodium_japonicum_scaffold13288	AT4G21880.1	26.154	130	88	4	1236	856	501	625	4.49e-08	50.1
Lygodium_japonicum_scaffold13293	AT1G13630.4	22.069	290	180	5	1599	865	340	628	8.04e-17	77.4
Lygodium_japonicum_scaffold13293	AT1G13630.4	22.222	252	172	9	1605	916	514	763	4.40e-11	59.3
Lygodium_japonicum_scaffold13293	AT1G13630.4	24.848	165	120	1	1605	1123	444	608	6.77e-10	55.5
Lygodium_japonicum_scaffold13293	AT1G13630.4	20.874	206	142	6	743	186	494	698	6.63e-06	42.7
Lygodium_japonicum_scaffold13293	AT3G61360.1	27.273	154	98	6	1605	1171	209	357	6.73e-08	48.9
Lygodium_japonicum_scaffold13293	AT4G21880.1	20.675	237	174	4	1596	913	395	626	8.79e-08	48.5
Lygodium_japonicum_scaffold13293	AT4G21880.1	20.468	171	124	5	1593	1099	501	665	8.87e-07	45.4
Lygodium_japonicum_scaffold13293	AT4G04790.1	21.875	160	117	3	1593	1126	481	636	9.19e-08	48.5
Lygodium_japonicum_scaffold13296	AT1G20670.1	31.034	87	55	2	450	710	183	264	4.66e-08	50.1
Lygodium_japonicum_scaffold13296	AT1G76380.2	31.081	74	46	2	489	710	166	234	3.83e-07	47.0
Lygodium_japonicum_scaffold13298	AT1G30270.1	28.571	147	95	4	619	188	141	280	3.70e-13	65.9
Lygodium_japonicum_scaffold13298	AT1G01140.3	25.455	165	107	5	619	134	129	280	4.79e-13	53.5
Lygodium_japonicum_scaffold13298	AT1G01140.3	29.487	78	46	3	956	732	23	94	4.79e-13	33.5
Lygodium_japonicum_scaffold13298	AT5G21326.1	29.801	151	88	5	619	188	123	262	1.13e-10	57.8
Lygodium_japonicum_scaffold13298	AT4G24400.1	29.252	147	96	5	619	182	119	258	1.43e-10	57.4
Lygodium_japonicum_scaffold13298	AT5G35410.1	27.891	147	98	4	619	182	121	260	4.83e-10	55.8
Lygodium_japonicum_scaffold13298	AT2G26980.4	29.139	151	89	5	619	188	134	273	4.26e-09	52.8
Lygodium_japonicum_scaffold13311	AT5G02810.1	46.667	45	24	0	773	639	669	713	1.22e-09	55.1
Lygodium_japonicum_scaffold13311	AT5G60100.2	51.163	43	21	0	773	645	469	511	1.35e-08	51.6
Lygodium_japonicum_scaffold13309	AT2G43770.1	27.586	203	120	8	1545	955	68	249	6.41e-12	61.6
Lygodium_japonicum_scaffold13309	AT4G28450.1	29.245	106	71	3	1467	1150	198	299	2.23e-06	44.7
Lygodium_japonicum_scaffold13324	AT1G13630.4	23.711	291	185	8	35	838	318	594	1.68e-10	57.4
Lygodium_japonicum_scaffold13324	AT1G13630.4	21.875	256	165	5	98	853	414	638	1.67e-09	54.3
Lygodium_japonicum_scaffold13324	AT1G13630.4	20.183	327	230	7	35	940	494	814	5.71e-08	49.3
Lygodium_japonicum_scaffold13324	AT1G13630.4	21.198	217	163	3	362	1000	225	437	1.75e-07	47.8
Lygodium_japonicum_scaffold13324	AT4G04790.1	21.944	319	194	11	287	1198	329	607	3.06e-08	50.1
Lygodium_japonicum_scaffold13324	AT3G61360.1	21.450	331	187	11	35	964	124	402	1.37e-06	44.7
Lygodium_japonicum_scaffold13319	AT4G24400.1	25.217	230	145	9	1681	1022	15	227	7.58e-11	58.5
Lygodium_japonicum_scaffold13319	AT5G35410.1	27.094	203	129	8	1681	1100	17	209	2.53e-10	56.6
Lygodium_japonicum_scaffold13319	AT2G26980.4	26.214	206	129	6	1681	1100	30	224	4.28e-10	56.2
Lygodium_japonicum_scaffold13319	AT1G30270.1	22.271	229	153	7	1681	1025	37	250	9.99e-10	55.1
Lygodium_japonicum_scaffold13319	AT5G21326.1	24.878	205	133	5	1681	1100	19	213	6.97e-09	52.0
Lygodium_japonicum_scaffold13319	AT1G01140.3	25.000	204	134	6	1681	1100	25	219	7.24e-08	48.9
Lygodium_japonicum_scaffold13330	AT5G44190.1	43.333	60	33	1	609	788	139	197	7.97e-09	51.6
Lygodium_japonicum_scaffold13330	AT2G20570.2	55.319	47	20	1	648	788	174	219	2.55e-08	50.1
Lygodium_japonicum_scaffold13333	AT4G04790.1	21.073	261	180	8	1714	989	338	591	2.98e-06	43.9
Lygodium_japonicum_scaffold13335	AT3G53480.1	21.212	198	152	2	1	582	1195	1392	1.16e-06	45.1
Lygodium_japonicum_scaffold13334	AT4G17810.1	86.111	36	5	0	1285	1178	41	76	1.62e-16	72.4
Lygodium_japonicum_scaffold13323	AT3G19820.1	73.984	369	93	1	1522	416	196	561	0.0	583
Lygodium_japonicum_scaffold13323	AT3G19820.1	79.275	193	40	0	2106	1528	2	194	0.0	297
Lygodium_japonicum_scaffold13339	AT1G13630.4	22.126	348	222	8	142	1041	273	619	1.37e-16	77.8
Lygodium_japonicum_scaffold13339	AT1G13630.4	26.740	273	166	10	220	957	514	779	3.14e-16	76.6
Lygodium_japonicum_scaffold13339	AT1G13630.4	20.996	462	295	10	13	1311	370	790	1.89e-13	67.8
Lygodium_japonicum_scaffold13339	AT1G13630.4	20.091	219	163	3	496	1128	224	438	2.13e-06	45.1
Lygodium_japonicum_scaffold13339	AT3G61360.1	24.468	188	131	5	103	642	169	353	6.12e-10	55.8
Lygodium_japonicum_scaffold13339	AT3G61360.1	21.649	194	144	4	199	765	170	360	9.63e-07	45.8
Lygodium_japonicum_scaffold13339	AT4G04790.1	21.577	241	137	9	238	915	404	607	7.18e-09	52.8
Lygodium_japonicum_scaffold13339	AT4G04790.1	23.077	91	67	1	232	504	481	568	2.00e-08	51.6
Lygodium_japonicum_scaffold13339	AT4G21880.1	24.176	91	66	1	232	504	501	588	1.29e-07	48.9
Lygodium_japonicum_scaffold13339	AT4G21880.1	23.899	159	99	5	463	915	483	627	7.43e-06	43.1
Lygodium_japonicum_scaffold13329	AT5G18820.1	23.689	553	333	23	1973	468	57	571	1.26e-11	61.2
Lygodium_japonicum_scaffold13329	AT2G28000.1	25.000	164	107	3	1973	1494	70	221	4.61e-09	53.1
Lygodium_japonicum_scaffold13353	AT1G13630.4	27.308	260	172	5	1679	927	238	489	1.55e-16	77.0
Lygodium_japonicum_scaffold13353	AT1G13630.4	23.368	291	202	5	1832	1020	433	722	1.12e-14	71.2
Lygodium_japonicum_scaffold13353	AT1G13630.4	21.306	291	209	8	1811	978	334	617	1.24e-14	70.9
Lygodium_japonicum_scaffold13368	AT1G13630.4	29.154	319	210	4	42	956	514	830	7.72e-35	134
Lygodium_japonicum_scaffold13368	AT1G13630.4	24.157	356	198	3	42	896	233	587	1.62e-31	124
Lygodium_japonicum_scaffold13368	AT1G13630.4	30.000	280	144	5	42	725	444	723	2.49e-31	123
Lygodium_japonicum_scaffold13368	AT1G13630.4	23.746	299	205	2	57	953	414	689	1.29e-30	121
Lygodium_japonicum_scaffold13368	AT3G61360.1	26.531	245	164	5	75	776	146	385	1.03e-20	89.4
Lygodium_japonicum_scaffold13368	AT3G61360.1	23.741	278	166	6	54	764	179	451	2.30e-19	85.1
Lygodium_japonicum_scaffold13368	AT3G61360.1	21.788	179	139	1	357	893	175	352	1.85e-10	57.0
Lygodium_japonicum_scaffold13368	AT4G04790.1	20.677	266	179	7	144	896	371	619	3.44e-10	56.6
Lygodium_japonicum_scaffold13368	AT4G21880.1	19.600	250	193	4	21	767	387	629	4.23e-10	56.2
Lygodium_japonicum_scaffold13368	AT4G21880.1	22.699	163	125	1	408	893	373	535	1.59e-08	51.2
Lygodium_japonicum_scaffold13367	AT2G43770.1	21.244	193	146	5	31	600	146	335	2.52e-10	56.2
Lygodium_japonicum_scaffold13364	AT3G66658.2	22.093	344	245	8	317	1303	66	401	1.15e-22	63.2
Lygodium_japonicum_scaffold13364	AT3G66658.2	32.895	76	51	0	1339	1566	413	488	1.15e-22	56.6
Lygodium_japonicum_scaffold13377	AT5G09670.1	60.465	387	107	7	4	1155	95	438	1.02e-140	419
Lygodium_japonicum_scaffold13377	AT5G64550.1	62.755	392	104	10	1	1155	142	498	1.04e-138	417
Lygodium_japonicum_scaffold13373	AT1G20670.1	45.070	71	38	1	1195	1407	196	265	3.80e-06	43.5
Lygodium_japonicum_scaffold13373	AT1G76380.2	44.737	76	40	2	1171	1395	157	231	7.15e-06	42.7
Lygodium_japonicum_scaffold13372	AT1G13630.4	20.402	348	259	6	2	1012	274	614	2.42e-17	81.6
Lygodium_japonicum_scaffold13372	AT1G13630.4	19.136	324	232	7	2	904	415	731	2.98e-11	61.6
Lygodium_japonicum_scaffold13372	AT3G61360.1	25.000	228	146	8	209	847	143	360	6.50e-09	53.9
Lygodium_japonicum_scaffold13374	AT2G43770.1	27.727	220	141	8	867	1520	49	252	9.95e-17	75.9
Lygodium_japonicum_scaffold13371	AT1G30270.1	34.629	283	167	8	536	1354	30	304	1.22e-45	165
Lygodium_japonicum_scaffold13371	AT5G35410.1	35.606	264	159	7	536	1318	10	265	6.02e-44	159
Lygodium_japonicum_scaffold13371	AT5G21326.1	36.842	266	155	7	536	1318	12	269	4.38e-43	156
Lygodium_japonicum_scaffold13371	AT2G26980.4	35.662	272	162	7	536	1336	23	286	1.17e-42	155
Lygodium_japonicum_scaffold13371	AT1G01140.3	33.213	277	172	7	539	1354	19	287	1.13e-41	152
Lygodium_japonicum_scaffold13371	AT4G24400.1	34.470	264	160	6	536	1315	8	262	1.26e-38	143
Lygodium_japonicum_scaffold13388	AT3G10700.1	46.178	314	142	6	1584	703	3	309	1.53e-72	232
Lygodium_japonicum_scaffold13388	AT3G10700.1	58.993	139	57	0	775	359	285	423	1.98e-34	129
Lygodium_japonicum_scaffold13380	AT2G43770.1	21.705	258	166	8	2576	1830	61	291	9.79e-09	52.0
Lygodium_japonicum_scaffold13380	AT2G43770.1	25.455	110	79	3	1271	945	144	251	3.37e-06	44.3
Lygodium_japonicum_scaffold13394	AT5G35410.1	38.222	225	123	7	1839	1192	68	285	1.64e-38	142
Lygodium_japonicum_scaffold13394	AT1G30270.1	32.353	306	186	10	1848	964	85	380	1.54e-37	140
Lygodium_japonicum_scaffold13394	AT2G26980.4	38.571	210	117	6	1848	1234	78	280	1.34e-36	137
Lygodium_japonicum_scaffold13394	AT5G21326.1	38.095	210	118	6	1848	1234	67	269	3.39e-36	135
Lygodium_japonicum_scaffold13394	AT1G01140.3	35.377	212	125	6	1848	1228	73	277	2.35e-34	130
Lygodium_japonicum_scaffold13394	AT4G24400.1	37.981	208	117	6	1848	1237	63	262	2.89e-33	127
Lygodium_japonicum_scaffold13400	AT2G43770.1	25.260	289	200	8	696	1529	52	335	1.36e-23	96.7
Lygodium_japonicum_scaffold13400	AT2G43770.1	28.517	263	172	8	792	1547	42	299	2.07e-23	95.9
Lygodium_japonicum_scaffold13400	AT2G43770.1	26.842	190	123	8	741	1280	153	336	5.04e-11	58.5
Lygodium_japonicum_scaffold13400	AT2G43770.1	21.910	178	124	5	660	1154	163	338	3.20e-07	46.6
Lygodium_japonicum_scaffold13400	AT4G28450.1	21.864	279	190	7	768	1547	47	316	4.05e-15	72.0
Lygodium_japonicum_scaffold13400	AT3G49180.1	22.707	229	136	10	954	1556	78	293	2.48e-06	43.9
Lygodium_japonicum_scaffold13422	AT2G20570.2	57.692	52	21	1	1126	971	171	221	6.96e-12	61.2
Lygodium_japonicum_scaffold13422	AT5G44190.1	53.704	54	24	1	1132	971	147	199	1.17e-11	60.5
Lygodium_japonicum_scaffold13422	AT5G17300.1	36.957	92	47	4	1195	923	35	116	2.35e-06	43.9
Lygodium_japonicum_scaffold13426	AT1G30270.1	35.915	284	162	8	2045	1224	30	303	1.54e-53	186
Lygodium_japonicum_scaffold13426	AT5G21326.1	36.803	269	155	7	2045	1254	12	270	2.88e-51	179
Lygodium_japonicum_scaffold13426	AT1G01140.3	34.663	326	186	11	2042	1116	19	334	1.74e-49	174
Lygodium_japonicum_scaffold13426	AT5G35410.1	35.338	266	159	7	2045	1257	10	265	2.86e-48	171
Lygodium_japonicum_scaffold13426	AT2G26980.4	33.910	289	173	8	2096	1254	3	281	6.41e-46	164
Lygodium_japonicum_scaffold13426	AT4G24400.1	36.604	265	153	7	2045	1263	8	261	5.77e-44	158
Lygodium_japonicum_scaffold13438	AT5G55860.1	43.011	93	52	1	1141	863	478	569	7.76e-06	42.7
Lygodium_japonicum_scaffold13467	AT4G34310.1	72.015	268	71	3	1302	502	948	1212	1.30e-130	411
Lygodium_japonicum_scaffold13467	AT4G34310.1	36.123	227	126	5	2060	1428	675	898	3.31e-21	92.8
Lygodium_japonicum_scaffold13464	AT5G35410.1	31.034	174	100	6	872	372	124	284	1.40e-15	64.7
Lygodium_japonicum_scaffold13464	AT5G35410.1	26.389	72	50	1	1120	914	33	104	1.40e-15	30.8
Lygodium_japonicum_scaffold13464	AT1G30270.1	30.435	161	91	5	884	405	142	282	6.10e-12	56.2
Lygodium_japonicum_scaffold13464	AT1G30270.1	23.596	89	56	2	1195	938	37	116	6.10e-12	26.9
Lygodium_japonicum_scaffold13464	AT4G24400.1	32.639	144	86	5	887	477	119	258	4.70e-11	58.9
Lygodium_japonicum_scaffold13464	AT2G26980.4	33.083	133	76	4	887	516	134	262	1.55e-10	57.4
Lygodium_japonicum_scaffold13464	AT5G21326.1	31.579	133	78	4	887	516	123	251	4.02e-10	55.8
Lygodium_japonicum_scaffold13464	AT1G01140.3	35.417	96	59	2	887	603	129	222	5.77e-09	52.4
Lygodium_japonicum_scaffold13491	AT1G20670.1	29.825	114	74	2	350	682	163	273	6.86e-09	52.4
Lygodium_japonicum_scaffold13491	AT1G76380.2	27.885	104	75	0	368	679	139	242	9.45e-08	48.5
Lygodium_japonicum_scaffold13492	AT1G05900.2	28.837	215	122	9	1101	1712	174	368	9.74e-10	55.1
Lygodium_japonicum_scaffold13492	AT2G31450.1	28.351	194	111	8	1101	1637	167	347	9.38e-08	48.5
Lygodium_japonicum_scaffold13489	AT5G35410.1	28.571	210	136	4	468	1079	59	260	7.98e-16	73.9
Lygodium_japonicum_scaffold13489	AT5G21326.1	29.469	207	128	5	324	935	19	210	2.55e-14	68.9
Lygodium_japonicum_scaffold13489	AT1G01140.3	25.342	292	180	8	288	1151	13	270	5.07e-13	65.1
Lygodium_japonicum_scaffold13489	AT1G30270.1	27.053	207	133	4	324	935	37	228	8.49e-13	64.3
Lygodium_japonicum_scaffold13489	AT2G26980.4	27.488	211	127	4	324	935	30	221	1.01e-12	63.9
Lygodium_japonicum_scaffold13489	AT4G24400.1	30.247	162	105	3	468	953	57	210	2.32e-12	62.8
Lygodium_japonicum_scaffold13505	AT1G13630.4	23.926	326	245	3	3	971	267	592	5.61e-23	97.8
Lygodium_japonicum_scaffold13505	AT1G13630.4	23.411	299	213	7	123	974	518	815	1.88e-14	70.5
Lygodium_japonicum_scaffold13505	AT1G13630.4	22.973	296	203	3	99	980	440	712	1.42e-13	67.8
Lygodium_japonicum_scaffold13505	AT1G13630.4	23.311	296	186	4	96	980	200	455	1.30e-11	61.2
Lygodium_japonicum_scaffold13505	AT3G61360.1	20.673	208	135	3	201	779	171	363	2.87e-06	43.9
Lygodium_japonicum_scaffold13509	AT1G13630.4	21.250	400	300	6	304	1470	225	620	8.93e-20	87.8
Lygodium_japonicum_scaffold13509	AT1G13630.4	21.429	294	187	4	25	774	338	631	7.40e-14	68.9
Lygodium_japonicum_scaffold13509	AT1G13630.4	16.162	297	229	4	37	867	518	814	1.15e-08	52.0
Lygodium_japonicum_scaffold13509	AT4G04790.1	20.543	258	176	7	4	720	360	607	3.21e-10	57.0
Lygodium_japonicum_scaffold13509	AT4G21880.1	19.763	253	184	6	4	720	380	627	5.80e-10	56.2
Lygodium_japonicum_scaffold13509	AT4G21880.1	20.489	327	230	11	520	1449	351	664	4.40e-07	47.0
Lygodium_japonicum_scaffold13509	AT3G61360.1	23.611	216	119	9	286	798	192	406	1.86e-08	51.2
Lygodium_japonicum_scaffold13509	AT3G61360.1	20.979	286	202	11	631	1437	135	413	6.19e-08	49.3
Lygodium_japonicum_scaffold13511	AT1G13630.4	21.596	426	229	11	11	1249	474	807	4.33e-12	63.2
Lygodium_japonicum_scaffold13511	AT1G13630.4	17.778	405	292	7	95	1282	224	596	1.90e-11	61.2
Lygodium_japonicum_scaffold13511	AT1G13630.4	19.630	433	278	10	128	1231	270	697	2.22e-08	51.2
Lygodium_japonicum_scaffold13511	AT4G21880.1	24.113	141	99	3	707	1120	492	627	1.03e-06	45.8
Lygodium_japonicum_scaffold13511	AT4G21880.1	24.286	140	98	4	101	511	492	626	6.91e-06	43.1
Lygodium_japonicum_scaffold13514	AT1G13630.4	22.432	370	256	7	2148	1129	414	782	7.55e-17	78.6
Lygodium_japonicum_scaffold13514	AT1G13630.4	18.874	302	224	5	2163	1318	514	814	2.48e-07	47.8
Lygodium_japonicum_scaffold13514	AT1G13630.4	23.077	208	148	5	1860	1261	268	471	3.34e-07	47.4
Lygodium_japonicum_scaffold13514	AT3G61360.1	24.725	182	131	2	1890	1363	234	415	6.79e-11	58.9
Lygodium_japonicum_scaffold13514	AT4G21880.1	24.427	131	91	4	1881	1495	492	616	3.50e-07	47.4
Lygodium_japonicum_scaffold13513	AT4G24400.1	31.010	287	148	5	351	1208	6	243	5.32e-38	141
Lygodium_japonicum_scaffold13513	AT5G35410.1	31.126	302	158	5	351	1253	8	260	5.36e-37	138
Lygodium_japonicum_scaffold13513	AT1G30270.1	28.571	287	157	5	351	1208	28	267	3.13e-36	136
Lygodium_japonicum_scaffold13513	AT1G01140.3	29.276	304	163	6	351	1253	16	270	3.60e-36	135
Lygodium_japonicum_scaffold13513	AT2G26980.4	29.139	302	166	4	306	1208	6	260	4.78e-36	135
Lygodium_japonicum_scaffold13513	AT5G21326.1	28.571	287	157	4	351	1208	10	249	6.65e-33	126
Lygodium_japonicum_scaffold13530	AT4G24400.1	28.082	146	99	2	722	1153	13	154	2.46e-12	63.2
Lygodium_japonicum_scaffold13530	AT1G30270.1	28.859	149	104	1	707	1153	30	176	3.45e-12	62.8
Lygodium_japonicum_scaffold13530	AT1G30270.1	32.609	92	50	4	1505	1771	193	275	3.60e-07	47.0
Lygodium_japonicum_scaffold13530	AT5G35410.1	30.345	145	97	2	722	1153	15	156	5.33e-12	62.0
Lygodium_japonicum_scaffold13530	AT5G35410.1	33.333	117	61	7	1505	1846	171	273	1.52e-07	48.1
Lygodium_japonicum_scaffold13530	AT2G26980.4	28.472	144	101	1	722	1153	28	169	1.67e-10	57.4
Lygodium_japonicum_scaffold13530	AT2G26980.4	32.258	93	51	5	1505	1774	186	269	4.37e-06	43.1
Lygodium_japonicum_scaffold13530	AT5G21326.1	29.167	144	100	1	722	1153	17	158	3.02e-10	56.6
Lygodium_japonicum_scaffold13530	AT5G21326.1	31.522	92	51	4	1505	1771	175	257	1.01e-06	45.4
Lygodium_japonicum_scaffold13530	AT1G01140.3	26.846	149	107	1	707	1153	18	164	7.60e-10	55.5
Lygodium_japonicum_scaffold13530	AT1G01140.3	31.183	93	52	5	1505	1774	181	264	1.12e-06	45.1
Lygodium_japonicum_scaffold13531	AT1G13630.4	22.642	318	227	5	140	1048	225	538	1.80e-14	70.5
Lygodium_japonicum_scaffold13531	AT1G13630.4	24.839	310	207	12	179	1036	414	721	4.23e-10	56.6
Lygodium_japonicum_scaffold13531	AT4G04790.1	30.328	122	79	3	1069	1428	477	594	2.69e-07	47.4
Lygodium_japonicum_scaffold13531	AT4G21880.1	27.928	111	73	3	143	469	492	597	2.71e-07	47.4
Lygodium_japonicum_scaffold13531	AT3G61360.1	21.145	227	133	6	122	664	192	418	7.82e-07	45.8
Lygodium_japonicum_scaffold13536	AT1G30270.1	31.757	148	87	5	1056	1475	140	281	1.29e-17	79.7
Lygodium_japonicum_scaffold13536	AT4G24400.1	32.653	147	87	6	1050	1472	116	256	2.57e-17	78.6
Lygodium_japonicum_scaffold13536	AT1G01140.3	38.947	95	54	2	1056	1328	128	222	3.35e-16	75.1
Lygodium_japonicum_scaffold13536	AT2G26980.4	39.362	94	53	2	1059	1328	134	227	7.64e-15	70.9
Lygodium_japonicum_scaffold13536	AT5G21326.1	37.113	97	57	2	1050	1328	120	216	1.04e-14	70.5
Lygodium_japonicum_scaffold13536	AT5G35410.1	37.931	87	52	2	1074	1328	126	212	4.12e-13	65.5
Lygodium_japonicum_scaffold13543	AT1G05160.1	34.559	136	89	0	883	476	329	464	6.57e-37	93.2
Lygodium_japonicum_scaffold13543	AT1G05160.1	20.913	263	197	7	1680	913	60	318	6.57e-37	73.9
Lygodium_japonicum_scaffold13543	AT2G32440.1	33.803	142	93	1	901	476	321	461	2.10e-34	87.4
Lygodium_japonicum_scaffold13543	AT2G32440.1	22.269	238	173	7	1638	943	76	307	2.10e-34	71.6
Lygodium_japonicum_scaffold13547	AT5G65930.3	52.000	75	36	0	2228	2004	1145	1219	2.62e-16	77.0
Lygodium_japonicum_scaffold13549	AT5G35410.1	27.389	157	105	5	1401	934	58	206	3.28e-10	57.0
Lygodium_japonicum_scaffold13549	AT4G24400.1	30.000	140	88	5	1314	919	72	209	1.51e-09	54.7
Lygodium_japonicum_scaffold13549	AT1G30270.1	35.955	89	48	4	1182	934	143	228	3.69e-08	50.4
Lygodium_japonicum_scaffold13549	AT1G01140.3	34.066	91	57	3	1182	919	131	221	1.28e-07	48.5
Lygodium_japonicum_scaffold13549	AT2G26980.4	33.333	96	55	4	1182	913	136	228	2.48e-07	47.8
Lygodium_japonicum_scaffold13549	AT5G21326.1	34.884	86	53	3	1182	934	125	210	7.56e-07	46.2
Lygodium_japonicum_scaffold13554	AT5G57420.1	38.372	86	44	4	1428	1676	79	158	5.47e-11	55.8
Lygodium_japonicum_scaffold13555	AT5G16930.1	73.810	546	140	3	1	1635	92	635	0.0	720
Lygodium_japonicum_scaffold13555	AT3G03060.1	73.443	546	140	4	1	1635	82	623	0.0	708
Lygodium_japonicum_scaffold13555	AT4G36580.1	64.130	552	190	5	1	1641	76	624	0.0	610
Lygodium_japonicum_scaffold13555	AT2G18330.1	64.982	554	186	5	1	1641	78	630	0.0	598
Lygodium_japonicum_scaffold13560	AT2G43770.1	24.419	172	117	5	1078	1575	92	256	3.53e-10	55.8
Lygodium_japonicum_scaffold13560	AT3G49180.1	24.242	231	149	9	1120	1743	90	317	5.34e-07	46.2
Lygodium_japonicum_scaffold13566	AT5G35410.1	31.544	149	94	5	1920	1483	13	156	3.80e-15	72.4
Lygodium_japonicum_scaffold13566	AT1G01140.3	31.579	152	90	6	1920	1483	21	164	7.15e-15	66.2
Lygodium_japonicum_scaffold13566	AT1G01140.3	30.000	50	26	2	1445	1299	180	221	7.15e-15	26.9
Lygodium_japonicum_scaffold13566	AT1G30270.1	32.886	149	92	5	1920	1483	33	176	1.06e-14	71.2
Lygodium_japonicum_scaffold13566	AT2G26980.4	32.886	149	92	5	1920	1483	26	169	2.78e-14	69.7
Lygodium_japonicum_scaffold13566	AT4G24400.1	31.544	149	94	5	1920	1483	11	154	2.34e-13	66.6
Lygodium_japonicum_scaffold13566	AT5G21326.1	32.215	149	93	5	1920	1483	15	158	3.62e-12	62.8
Lygodium_japonicum_scaffold13565	AT5G58100.1	33.775	151	96	2	1489	1046	705	854	3.86e-18	83.2
Lygodium_japonicum_scaffold13565	AT5G58100.1	42.857	35	20	0	2139	2035	379	413	8.08e-07	46.6
Lygodium_japonicum_scaffold13573	AT4G24400.1	29.353	201	124	7	367	954	15	202	2.20e-13	66.6
Lygodium_japonicum_scaffold13573	AT2G26980.4	29.208	202	125	8	367	954	30	219	2.00e-11	60.5
Lygodium_japonicum_scaffold13573	AT5G35410.1	26.866	201	129	7	367	954	17	204	2.93e-11	59.7
Lygodium_japonicum_scaffold13573	AT1G30270.1	25.980	204	129	9	367	954	37	226	1.79e-10	57.4
Lygodium_japonicum_scaffold13573	AT5G21326.1	27.228	202	129	7	367	954	19	208	2.64e-09	53.5
Lygodium_japonicum_scaffold13573	AT1G01140.3	25.248	202	133	7	367	954	25	214	3.21e-09	53.1
Lygodium_japonicum_scaffold13575	AT3G53480.1	28.659	164	91	7	1035	619	888	1050	1.67e-07	48.9
Lygodium_japonicum_scaffold13575	AT4G15215.11	28.230	209	126	9	1209	640	780	983	8.80e-07	46.6
Lygodium_japonicum_scaffold13575	AT2G37280.3	30.000	150	86	7	1035	640	880	1028	1.09e-06	46.2
Lygodium_japonicum_scaffold13584	AT5G64940.1	27.103	214	141	3	953	1585	297	498	1.64e-25	75.1
Lygodium_japonicum_scaffold13584	AT5G64940.1	34.247	73	48	0	726	944	230	302	1.64e-25	54.3
Lygodium_japonicum_scaffold13591	AT2G32440.1	28.692	237	127	7	1461	772	259	460	5.88e-23	97.4
Lygodium_japonicum_scaffold13591	AT1G05160.1	28.279	244	132	8	1461	754	260	468	7.20e-20	87.8
Lygodium_japonicum_scaffold13608	AT1G01140.3	31.000	200	131	4	14	601	74	270	7.25e-26	105
Lygodium_japonicum_scaffold13608	AT1G30270.1	29.851	201	134	5	14	604	86	283	4.60e-25	103
Lygodium_japonicum_scaffold13608	AT4G24400.1	32.338	201	129	5	2	595	60	256	4.58e-24	100
Lygodium_japonicum_scaffold13608	AT5G35410.1	30.622	209	140	5	2	622	62	267	4.81e-23	97.1
Lygodium_japonicum_scaffold13608	AT5G21326.1	31.658	199	129	4	14	598	68	263	3.78e-22	94.0
Lygodium_japonicum_scaffold13608	AT2G26980.4	29.358	218	144	5	14	655	79	290	5.66e-22	93.6
Lygodium_japonicum_scaffold13605	AT2G43770.1	22.535	284	206	7	2221	1403	55	335	1.42e-18	82.0
Lygodium_japonicum_scaffold13605	AT2G43770.1	30.508	118	81	1	1861	1511	49	166	8.41e-14	67.4
Lygodium_japonicum_scaffold13605	AT2G43770.1	22.051	195	135	4	2182	1634	154	343	1.61e-07	48.1
Lygodium_japonicum_scaffold13605	AT4G07410.1	21.583	278	188	8	2197	1427	77	345	1.95e-10	58.2
Lygodium_japonicum_scaffold13605	AT4G28450.1	21.269	268	187	9	2125	1376	58	319	1.08e-09	55.5
Lygodium_japonicum_scaffold13605	AT3G49180.1	28.926	121	72	3	1696	1373	87	206	1.07e-06	45.8
Lygodium_japonicum_scaffold13605	AT1G27470.1	21.739	184	126	4	1960	1451	158	337	2.03e-06	45.1
Lygodium_japonicum_scaffold13607	AT4G22140.1	36.250	80	48	1	2054	1815	35	111	1.35e-10	56.2
Lygodium_japonicum_scaffold13607	AT4G04260.2	35.366	82	50	1	2060	1815	8	86	2.38e-10	55.1
Lygodium_japonicum_scaffold13607	AT4G39100.1	35.802	81	48	2	2054	1815	27	104	6.23e-07	45.1
Lygodium_japonicum_scaffold13615	AT4G24400.1	30.526	190	112	8	1503	961	31	209	1.19e-13	67.8
Lygodium_japonicum_scaffold13615	AT5G35410.1	29.843	191	116	7	1503	955	33	213	2.35e-13	67.0
Lygodium_japonicum_scaffold13615	AT2G26980.4	28.571	189	123	7	1503	955	46	228	5.85e-12	62.4
Lygodium_japonicum_scaffold13615	AT1G01140.3	28.191	188	123	7	1503	958	41	222	1.71e-11	60.8
Lygodium_japonicum_scaffold13615	AT1G30270.1	26.984	189	126	7	1503	955	53	235	9.88e-11	58.5
Lygodium_japonicum_scaffold13615	AT5G21326.1	28.042	189	124	7	1503	955	35	217	8.34e-10	55.5
Lygodium_japonicum_scaffold13618	AT5G21326.1	31.667	180	107	5	487	1017	19	185	2.05e-12	63.5
Lygodium_japonicum_scaffold13618	AT4G24400.1	31.373	153	96	4	562	1011	31	177	6.17e-12	62.0
Lygodium_japonicum_scaffold13618	AT1G01140.3	28.877	187	117	5	466	1017	18	191	1.46e-11	60.1
Lygodium_japonicum_scaffold13618	AT1G01140.3	25.373	67	40	2	1043	1219	201	265	1.46e-11	21.9
Lygodium_japonicum_scaffold13618	AT5G35410.1	31.013	158	99	4	562	1026	33	183	3.15e-11	59.7
Lygodium_japonicum_scaffold13618	AT2G26980.4	29.775	178	109	4	487	1011	30	194	1.51e-10	57.4
Lygodium_japonicum_scaffold13618	AT1G30270.1	26.904	197	126	5	487	1068	37	218	1.28e-09	54.7
Lygodium_japonicum_scaffold13621	AT5G44190.1	66.667	60	20	0	133	312	146	205	9.97e-22	92.4
Lygodium_japonicum_scaffold13621	AT2G20570.2	64.912	57	20	0	142	312	171	227	8.18e-19	84.0
Lygodium_japonicum_scaffold13631	AT1G13630.4	19.701	335	227	7	3018	2032	210	508	4.68e-10	57.4
Lygodium_japonicum_scaffold13631	AT1G13630.4	21.345	342	255	5	3018	2032	273	613	3.68e-08	51.2
Lygodium_japonicum_scaffold13631	AT1G13630.4	18.625	349	250	9	3024	2065	477	820	1.78e-07	48.9
Lygodium_japonicum_scaffold13631	AT2G26980.4	28.230	209	125	10	394	984	24	219	4.14e-08	50.4
Lygodium_japonicum_scaffold13631	AT5G35410.1	24.651	215	145	9	376	999	5	209	8.42e-08	49.7
Lygodium_japonicum_scaffold13631	AT4G24400.1	29.577	142	82	5	610	999	72	207	7.09e-07	46.6
Lygodium_japonicum_scaffold13631	AT4G21880.1	23.223	211	125	7	2871	2248	450	626	7.69e-07	47.0
Lygodium_japonicum_scaffold13631	AT3G61360.1	21.304	230	161	5	2715	2068	180	403	1.17e-06	45.8
Lygodium_japonicum_scaffold13631	AT5G21326.1	27.103	214	131	9	394	999	13	213	2.47e-06	44.7
Lygodium_japonicum_scaffold13631	AT1G30270.1	23.832	214	138	8	394	999	31	231	4.41e-06	43.9
Lygodium_japonicum_scaffold13631	AT1G01140.3	26.636	214	124	10	391	984	18	214	7.01e-06	43.5
Lygodium_japonicum_scaffold13633	AT1G67210.1	45.701	221	108	4	1686	1027	75	284	1.22e-60	197
Lygodium_japonicum_scaffold13633	AT1G67210.1	38.202	89	51	2	1010	750	284	370	1.22e-60	49.7
Lygodium_japonicum_scaffold13633	AT5G38600.1	46.789	218	104	5	1671	1027	122	330	6.68e-56	194
Lygodium_japonicum_scaffold13633	AT5G38600.1	37.398	123	66	3	1094	732	301	414	4.66e-10	56.2
Lygodium_japonicum_scaffold13637	AT4G24400.1	31.000	200	126	6	438	1022	2	194	2.59e-19	85.1
Lygodium_japonicum_scaffold13637	AT2G26980.4	29.557	203	133	4	432	1025	15	212	4.58e-19	84.3
Lygodium_japonicum_scaffold13637	AT5G35410.1	31.188	202	123	10	441	1025	5	197	8.81e-18	80.5
Lygodium_japonicum_scaffold13637	AT5G21326.1	29.208	202	131	6	438	1025	6	201	1.32e-15	73.6
Lygodium_japonicum_scaffold13637	AT1G01140.3	26.667	195	133	5	453	1022	17	206	5.94e-15	71.6
Lygodium_japonicum_scaffold13637	AT1G30270.1	26.531	196	134	5	453	1025	29	219	1.24e-14	70.5
Lygodium_japonicum_scaffold13635	AT1G20110.1	45.000	260	115	11	265	1008	198	441	2.14e-88	172
Lygodium_japonicum_scaffold13635	AT1G20110.1	69.811	106	30	1	1023	1340	450	553	2.14e-88	166
Lygodium_japonicum_scaffold13635	AT1G20110.1	85.366	41	6	0	1548	1670	560	600	2.47e-18	82.8
Lygodium_japonicum_scaffold13641	AT4G04790.1	23.661	224	142	8	920	1537	413	625	2.50e-11	60.8
Lygodium_japonicum_scaffold13641	AT4G21880.1	21.076	223	159	7	923	1558	434	650	6.81e-08	50.1
Lygodium_japonicum_scaffold13641	AT1G13630.4	22.685	216	136	5	29	583	414	629	1.28e-06	45.8
Lygodium_japonicum_scaffold13642	AT5G21326.1	30.137	146	95	5	1526	1104	71	214	1.95e-12	63.5
Lygodium_japonicum_scaffold13642	AT1G01140.3	29.801	151	91	8	1526	1107	77	223	1.17e-11	60.8
Lygodium_japonicum_scaffold13642	AT4G24400.1	26.207	145	100	4	1526	1104	67	208	1.24e-10	57.8
Lygodium_japonicum_scaffold13642	AT2G26980.4	27.703	148	96	7	1526	1104	82	225	1.91e-10	57.0
Lygodium_japonicum_scaffold13642	AT1G30270.1	26.351	148	98	7	1526	1104	89	232	7.94e-10	55.5
Lygodium_japonicum_scaffold13642	AT5G35410.1	27.517	149	93	8	1526	1104	69	210	1.90e-09	53.9
Lygodium_japonicum_scaffold13639	AT5G35410.1	30.719	153	95	5	992	540	66	209	1.22e-08	52.0
Lygodium_japonicum_scaffold13639	AT1G30270.1	26.230	183	119	6	1016	474	78	246	1.99e-07	48.1
Lygodium_japonicum_scaffold13639	AT4G24400.1	30.065	153	96	6	992	540	64	207	4.60e-07	47.0
Lygodium_japonicum_scaffold13639	AT2G26980.4	28.049	164	95	6	1004	540	75	224	1.68e-06	45.1
Lygodium_japonicum_scaffold13639	AT5G21326.1	34.615	104	57	4	779	477	132	227	7.17e-06	43.1
Lygodium_japonicum_scaffold13644	AT1G13630.4	22.667	225	159	3	1445	813	452	675	7.72e-20	67.8
Lygodium_japonicum_scaffold13644	AT1G13630.4	20.661	121	93	2	1822	1463	330	448	7.72e-20	42.7
Lygodium_japonicum_scaffold13644	AT1G13630.4	21.811	243	151	4	1430	813	388	628	7.36e-13	65.9
Lygodium_japonicum_scaffold13644	AT1G13630.4	23.232	198	150	2	1379	789	265	461	2.42e-12	64.3
Lygodium_japonicum_scaffold13644	AT1G13630.4	19.817	328	216	8	1433	513	317	618	3.83e-10	57.0
Lygodium_japonicum_scaffold13644	AT1G13630.4	22.807	228	171	2	1487	807	337	560	3.90e-10	57.0
Lygodium_japonicum_scaffold13644	AT1G13630.4	21.714	175	122	4	1454	969	591	763	4.05e-07	47.4
Lygodium_japonicum_scaffold13644	AT3G61360.1	21.484	256	185	5	1439	681	150	392	8.09e-10	55.8
Lygodium_japonicum_scaffold13644	AT3G61360.1	20.109	184	142	3	1394	852	236	417	1.36e-06	45.4
Lygodium_japonicum_scaffold13644	AT4G21880.1	21.739	161	116	3	1445	981	431	587	2.04e-07	48.1
Lygodium_japonicum_scaffold13644	AT4G21880.1	23.256	172	132	0	1319	804	373	544	3.40e-07	47.4
Lygodium_japonicum_scaffold13644	AT4G04790.1	20.205	292	183	7	1454	588	449	693	2.18e-06	45.1
Lygodium_japonicum_scaffold13655	AT5G46250.1	41.617	334	158	10	1206	2168	101	410	1.58e-61	209
Lygodium_japonicum_scaffold13670	AT1G13630.4	27.692	325	234	1	2237	1266	238	562	8.69e-42	126
Lygodium_japonicum_scaffold13670	AT1G13630.4	23.267	202	143	1	1251	682	562	763	8.69e-42	57.8
Lygodium_japonicum_scaffold13670	AT1G13630.4	30.732	205	139	1	1191	577	407	608	2.00e-39	100
Lygodium_japonicum_scaffold13670	AT1G13630.4	26.190	168	120	1	1784	1281	218	381	2.00e-39	75.5
Lygodium_japonicum_scaffold13670	AT1G13630.4	30.603	232	160	1	1290	598	233	464	4.54e-31	124
Lygodium_japonicum_scaffold13670	AT1G13630.4	26.023	342	205	3	2252	1266	373	679	7.20e-31	123
Lygodium_japonicum_scaffold13670	AT1G13630.4	22.754	334	211	2	2237	1272	414	712	2.12e-28	100
Lygodium_japonicum_scaffold13670	AT1G13630.4	29.870	77	54	0	1173	943	740	816	2.12e-28	38.9
Lygodium_japonicum_scaffold13670	AT1G13630.4	28.500	200	142	1	1185	589	373	572	4.94e-22	95.5
Lygodium_japonicum_scaffold13670	AT1G13630.4	22.619	336	248	1	2237	1266	449	784	5.48e-21	92.0
Lygodium_japonicum_scaffold13670	AT1G13630.4	24.194	310	193	5	2189	1266	223	492	2.33e-20	90.1
Lygodium_japonicum_scaffold13670	AT1G13630.4	26.556	241	151	3	1263	598	453	686	2.36e-19	86.7
Lygodium_japonicum_scaffold13670	AT1G13630.4	24.725	182	130	2	1134	589	187	361	3.19e-10	57.4
Lygodium_japonicum_scaffold13670	AT3G61360.1	28.444	225	149	4	1925	1251	155	367	7.27e-19	84.3
Lygodium_japonicum_scaffold13670	AT3G61360.1	24.199	281	206	4	2237	1410	143	421	3.55e-14	69.3
Lygodium_japonicum_scaffold13670	AT3G61360.1	25.714	175	94	2	1245	826	190	363	2.07e-13	67.0
Lygodium_japonicum_scaffold13670	AT3G61360.1	23.558	208	155	3	1251	637	257	463	2.73e-08	50.4
Lygodium_japonicum_scaffold13670	AT4G21880.1	22.148	298	189	8	2084	1209	305	565	6.59e-11	59.3
Lygodium_japonicum_scaffold13670	AT4G21880.1	20.000	255	170	4	2201	1536	373	626	5.70e-09	53.1
Lygodium_japonicum_scaffold13670	AT4G21880.1	22.901	131	97	2	1173	781	501	627	8.42e-08	49.3
Lygodium_japonicum_scaffold13670	AT4G21880.1	22.078	154	101	2	1194	790	405	558	1.02e-07	49.3
Lygodium_japonicum_scaffold13670	AT4G21880.1	20.231	173	129	2	1134	631	373	541	3.75e-06	43.9
Lygodium_japonicum_scaffold13670	AT4G04790.1	22.798	193	145	2	1829	1251	408	596	7.72e-10	55.8
Lygodium_japonicum_scaffold13670	AT4G04790.1	22.500	160	120	2	1086	607	475	630	5.65e-07	46.6
Lygodium_japonicum_scaffold13669	AT5G67385.1	40.000	505	244	10	235	1728	22	474	3.77e-108	340
Lygodium_japonicum_scaffold13669	AT3G49970.1	37.553	474	203	12	283	1683	7	394	1.17e-87	283
Lygodium_japonicum_scaffold13678	AT2G26980.4	28.947	114	45	4	1262	1591	143	224	1.45e-06	45.1
Lygodium_japonicum_scaffold13678	AT1G30270.1	27.778	126	49	5	1262	1627	150	237	7.55e-06	42.7
Lygodium_japonicum_scaffold13675	AT1G13630.4	23.590	195	148	1	1988	1404	427	620	1.44e-12	65.1
Lygodium_japonicum_scaffold13675	AT1G13630.4	27.041	196	105	2	1916	1329	415	572	3.67e-12	63.5
Lygodium_japonicum_scaffold13675	AT1G13630.4	26.946	167	110	2	942	478	238	404	7.07e-10	56.2
Lygodium_japonicum_scaffold13675	AT1G13630.4	21.875	224	160	3	1934	1299	514	734	8.52e-08	49.7
Lygodium_japonicum_scaffold13675	AT1G13630.4	22.517	151	117	0	927	475	431	581	8.82e-08	49.7
Lygodium_japonicum_scaffold13675	AT1G13630.4	23.622	254	165	6	1994	1302	97	344	2.01e-07	48.5
Lygodium_japonicum_scaffold13675	AT1G13630.4	22.222	270	183	8	1976	1179	163	409	5.70e-07	47.0
Lygodium_japonicum_scaffold13675	AT4G21880.1	20.093	214	165	3	1925	1287	395	603	9.72e-08	49.3
Lygodium_japonicum_scaffold13675	AT4G21880.1	23.129	147	111	1	1844	1410	385	531	4.35e-07	47.4
Lygodium_japonicum_scaffold13675	AT4G04790.1	22.989	174	128	3	1862	1347	360	529	2.95e-07	47.8
Lygodium_japonicum_scaffold13675	AT4G04790.1	22.034	118	87	2	876	526	446	559	9.46e-06	42.7
Lygodium_japonicum_scaffold13675	AT3G61360.1	24.088	137	104	0	885	475	210	346	3.82e-06	43.9
Lygodium_japonicum_scaffold13674	AT2G01980.1	27.832	309	200	7	2210	1314	40	335	6.71e-15	72.4
Lygodium_japonicum_scaffold13674	AT1G14660.1	26.891	238	153	6	2009	1314	111	333	2.26e-09	54.3
Lygodium_japonicum_scaffold13688	AT1G05160.1	26.733	101	64	3	726	998	229	329	5.41e-06	43.1
Lygodium_japonicum_scaffold13697	AT1G30270.1	28.261	230	134	8	1320	1961	37	251	9.07e-13	65.1
Lygodium_japonicum_scaffold13697	AT2G26980.4	32.432	185	109	6	1362	1883	45	224	6.10e-12	62.4
Lygodium_japonicum_scaffold13697	AT5G21326.1	30.435	207	127	7	1311	1895	16	217	4.39e-11	59.7
Lygodium_japonicum_scaffold13697	AT4G24400.1	26.339	224	144	7	1320	1961	15	227	1.11e-10	58.5
Lygodium_japonicum_scaffold13697	AT1G01140.3	29.000	200	125	6	1320	1883	25	219	1.16e-10	58.5
Lygodium_japonicum_scaffold13697	AT5G35410.1	25.683	183	122	4	1362	1883	32	209	9.02e-08	49.3
Lygodium_japonicum_scaffold13708	AT5G02810.1	26.613	124	86	2	1433	1798	76	196	3.58e-07	47.4
Lygodium_japonicum_scaffold13708	AT5G60100.2	24.183	153	106	3	1433	1885	62	206	6.63e-06	43.1
Lygodium_japonicum_scaffold13710	AT1G13630.4	24.014	583	397	14	4011	2374	173	746	4.59e-30	122
Lygodium_japonicum_scaffold13710	AT1G13630.4	23.063	555	369	11	4005	2476	273	814	2.28e-27	114
Lygodium_japonicum_scaffold13710	AT4G04790.1	20.539	297	215	7	3696	2860	340	633	5.46e-13	67.4
Lygodium_japonicum_scaffold13710	AT4G21880.1	21.898	274	194	6	3402	2629	357	626	5.73e-12	63.9
Lygodium_japonicum_scaffold13710	AT3G61360.1	19.737	228	167	5	3843	3202	128	353	8.48e-09	53.1
Lygodium_japonicum_scaffold13710	AT3G61360.1	23.494	166	120	2	3363	2887	192	357	1.20e-08	52.8
Lygodium_japonicum_scaffold13710	AT3G61360.1	20.641	281	206	7	3402	2608	142	421	2.12e-07	48.9
Lygodium_japonicum_scaffold13710	AT3G61360.1	22.289	166	122	2	3969	3493	192	357	4.68e-07	47.8
Lygodium_japonicum_scaffold13717	AT3G61150.1	44.892	372	179	9	3	1076	175	534	2.78e-156	297
Lygodium_japonicum_scaffold13717	AT3G61150.1	52.899	276	114	2	1063	1842	530	805	2.78e-156	268
Lygodium_japonicum_scaffold13717	AT4G00730.1	42.935	368	173	8	3	1076	199	539	3.59e-153	281
Lygodium_japonicum_scaffold13717	AT4G00730.1	56.667	270	103	5	1063	1842	535	800	3.59e-153	275
Lygodium_japonicum_scaffold13721	AT1G30270.1	29.224	219	138	6	1259	618	37	243	1.61e-17	80.1
Lygodium_japonicum_scaffold13721	AT2G26980.4	29.091	220	137	7	1259	618	30	236	2.81e-16	75.9
Lygodium_japonicum_scaffold13721	AT5G35410.1	30.455	220	132	8	1259	618	17	221	2.17e-15	73.2
Lygodium_japonicum_scaffold13721	AT5G21326.1	31.163	215	129	7	1259	633	19	220	5.40e-15	72.0
Lygodium_japonicum_scaffold13721	AT1G01140.3	29.048	210	127	6	1259	660	25	222	9.45e-15	71.2
Lygodium_japonicum_scaffold13721	AT4G24400.1	27.184	206	134	7	1259	660	15	210	1.79e-11	60.8
Lygodium_japonicum_scaffold13722	AT4G24400.1	34.783	207	129	4	1848	1234	2	204	9.83e-29	114
Lygodium_japonicum_scaffold13722	AT2G26980.4	33.333	207	134	3	1848	1234	17	221	4.56e-27	109
Lygodium_japonicum_scaffold13722	AT5G35410.1	34.634	205	128	4	1842	1234	6	206	5.33e-27	108
Lygodium_japonicum_scaffold13722	AT1G30270.1	32.653	196	124	4	1809	1234	37	228	9.09e-27	108
Lygodium_japonicum_scaffold13722	AT5G21326.1	33.816	207	133	3	1848	1234	6	210	1.32e-26	107
Lygodium_japonicum_scaffold13722	AT1G01140.3	31.731	208	130	5	1839	1234	15	216	2.00e-25	104
Lygodium_japonicum_scaffold13732	AT5G35410.1	30.120	166	100	6	1131	640	59	210	2.91e-11	60.5
Lygodium_japonicum_scaffold13732	AT1G30270.1	28.313	166	107	6	1131	637	79	233	5.00e-10	56.6
Lygodium_japonicum_scaffold13732	AT4G24400.1	28.743	167	103	7	1131	637	57	209	4.61e-09	53.5
Lygodium_japonicum_scaffold13732	AT1G01140.3	27.108	166	109	5	1131	637	67	221	3.68e-08	50.8
Lygodium_japonicum_scaffold13732	AT2G26980.4	28.916	166	106	5	1131	637	72	226	3.84e-08	50.4
Lygodium_japonicum_scaffold13732	AT5G21326.1	28.743	167	105	6	1131	637	61	215	1.13e-07	49.3
Lygodium_japonicum_scaffold13757	AT5G58100.1	25.974	77	57	0	1401	1631	747	823	6.37e-06	43.9
Lygodium_japonicum_scaffold13771	AT1G13630.4	22.767	347	243	5	2264	1266	236	571	1.80e-18	84.7
Lygodium_japonicum_scaffold13771	AT1G13630.4	20.936	406	288	9	2576	1377	413	791	2.55e-15	74.3
Lygodium_japonicum_scaffold13771	AT1G13630.4	24.585	301	213	6	2402	1512	304	594	1.64e-14	71.6
Lygodium_japonicum_scaffold13771	AT3G61360.1	21.318	258	157	6	2555	1908	113	366	1.64e-13	67.8
Lygodium_japonicum_scaffold13771	AT3G61360.1	22.222	216	165	2	2639	2001	226	441	6.14e-08	50.1
Lygodium_japonicum_scaffold13776	AT4G24400.1	43.750	32	18	0	1312	1217	128	159	2.95e-07	36.2
Lygodium_japonicum_scaffold13776	AT4G24400.1	31.169	77	47	3	1173	961	169	245	2.95e-07	30.8
Lygodium_japonicum_scaffold13776	AT1G30270.1	23.239	142	96	4	1630	1214	51	182	1.32e-06	37.0
Lygodium_japonicum_scaffold13776	AT1G30270.1	29.870	77	48	3	1173	961	193	269	1.32e-06	28.1
Lygodium_japonicum_scaffold13776	AT1G01140.3	42.424	33	19	0	1312	1214	138	170	1.49e-06	34.3
Lygodium_japonicum_scaffold13776	AT1G01140.3	30.000	80	44	3	1173	961	181	257	1.49e-06	30.4
Lygodium_japonicum_scaffold13782	AT1G13630.4	23.003	313	216	9	2525	1647	302	609	1.11e-14	72.0
Lygodium_japonicum_scaffold13782	AT1G13630.4	21.918	292	173	8	2528	1806	336	623	9.29e-11	59.3
Lygodium_japonicum_scaffold13782	AT1G13630.4	20.139	288	218	5	2468	1641	251	538	4.47e-10	57.0
Lygodium_japonicum_scaffold13782	AT4G21880.1	26.923	130	89	3	1913	1533	501	627	2.21e-08	51.6
Lygodium_japonicum_scaffold13782	AT4G21880.1	22.152	158	115	3	2525	2064	496	649	7.15e-07	46.6
Lygodium_japonicum_scaffold13782	AT3G61360.1	24.390	164	115	4	2555	2088	195	357	2.90e-08	50.8
Lygodium_japonicum_scaffold13777	AT5G35410.1	30.653	199	123	9	1157	579	20	209	7.92e-14	68.2
Lygodium_japonicum_scaffold13777	AT1G30270.1	30.769	208	119	8	1166	579	37	231	2.67e-12	63.5
Lygodium_japonicum_scaffold13777	AT2G26980.4	31.579	209	115	10	1154	573	31	226	3.93e-11	59.7
Lygodium_japonicum_scaffold13777	AT4G24400.1	31.481	162	100	6	1052	573	57	209	1.55e-10	57.8
Lygodium_japonicum_scaffold13777	AT1G01140.3	29.469	207	127	8	1166	573	25	221	5.16e-10	56.2
Lygodium_japonicum_scaffold13777	AT5G21326.1	30.542	203	126	8	1166	579	19	213	2.08e-09	54.3
Lygodium_japonicum_scaffold13792	AT1G13630.4	23.239	142	92	4	4	381	540	680	5.10e-07	47.4
Lygodium_japonicum_scaffold13792	AT3G61360.1	25.000	104	68	3	25	312	277	378	7.60e-07	46.2
Lygodium_japonicum_scaffold13792	AT4G21880.1	25.490	153	104	4	136	576	501	649	2.76e-06	44.7
Lygodium_japonicum_scaffold13796	AT1G13630.4	22.906	406	257	10	82	1224	297	671	1.70e-13	68.6
Lygodium_japonicum_scaffold13796	AT1G13630.4	23.599	339	227	12	265	1197	433	767	1.05e-10	59.7
Lygodium_japonicum_scaffold13796	AT4G04790.1	22.170	212	147	5	361	963	428	632	5.00e-07	47.4
Lygodium_japonicum_scaffold13796	AT4G21880.1	21.505	186	128	4	361	885	448	626	5.82e-07	47.4
Lygodium_japonicum_scaffold13796	AT4G21880.1	23.529	136	98	3	676	1083	459	588	8.03e-06	43.5
Lygodium_japonicum_scaffold13804	AT1G01140.3	42.233	206	110	5	632	1234	19	220	2.34e-43	157
Lygodium_japonicum_scaffold13804	AT4G24400.1	41.667	204	112	5	632	1234	9	208	8.33e-43	156
Lygodium_japonicum_scaffold13804	AT5G35410.1	39.706	204	116	4	632	1234	11	210	3.60e-42	154
Lygodium_japonicum_scaffold13804	AT5G21326.1	39.320	206	116	4	632	1234	13	214	2.83e-41	151
Lygodium_japonicum_scaffold13804	AT1G30270.1	39.320	206	116	5	632	1234	31	232	1.83e-40	150
Lygodium_japonicum_scaffold13804	AT2G26980.4	35.808	229	138	4	563	1234	1	225	6.07e-40	147
Lygodium_japonicum_scaffold13809	AT4G24400.1	29.720	286	164	6	1671	817	13	262	1.89e-34	132
Lygodium_japonicum_scaffold13809	AT1G30270.1	27.063	303	179	7	1671	766	35	296	5.92e-31	122
Lygodium_japonicum_scaffold13809	AT5G35410.1	29.293	297	170	9	1671	787	15	273	7.23e-30	118
Lygodium_japonicum_scaffold13809	AT2G26980.4	27.483	302	180	7	1761	862	4	268	3.88e-29	116
Lygodium_japonicum_scaffold13809	AT5G21326.1	28.205	273	161	6	1671	862	17	257	4.89e-28	112
Lygodium_japonicum_scaffold13809	AT1G01140.3	25.538	325	196	9	1671	712	23	306	3.82e-27	110
Lygodium_japonicum_scaffold13819	AT4G04790.1	24.380	242	162	8	1520	2197	331	567	4.24e-11	60.5
Lygodium_japonicum_scaffold13819	AT1G13630.4	20.896	268	190	5	1316	2104	514	764	1.46e-09	55.5
Lygodium_japonicum_scaffold13821	AT5G53480.1	73.319	476	124	3	3	1427	219	692	0.0	676
Lygodium_japonicum_scaffold13821	AT5G53480.1	60.355	169	66	1	1453	1956	701	869	0.0	162
Lygodium_japonicum_scaffold13821	AT3G08947.1	65.684	475	161	2	3	1424	5	478	0.0	593
Lygodium_japonicum_scaffold13821	AT3G08947.1	56.970	165	71	0	1459	1953	490	654	0.0	164
Lygodium_japonicum_scaffold13821	AT3G08943.1	65.474	475	162	2	3	1424	221	694	0.0	590
Lygodium_japonicum_scaffold13821	AT3G08943.1	56.364	165	72	0	1459	1953	706	870	0.0	160
Lygodium_japonicum_scaffold13832	AT1G13630.4	22.193	374	233	11	2870	1875	274	631	1.80e-12	65.1
Lygodium_japonicum_scaffold13832	AT1G13630.4	21.101	327	226	5	2096	1212	273	599	1.55e-08	52.4
Lygodium_japonicum_scaffold13832	AT4G04790.1	29.213	89	59	2	1352	1086	481	565	8.54e-08	49.7
Lygodium_japonicum_scaffold13832	AT4G21880.1	26.891	119	80	3	1352	1005	501	615	1.61e-06	45.8
Lygodium_japonicum_scaffold13830	AT1G13630.4	21.263	649	440	12	3653	1872	135	767	1.13e-34	137
Lygodium_japonicum_scaffold13830	AT1G13630.4	20.263	380	255	4	3536	2538	414	792	6.07e-22	96.3
Lygodium_japonicum_scaffold13830	AT1G13630.4	20.504	556	410	11	3485	1851	88	622	9.50e-18	82.8
Lygodium_japonicum_scaffold13830	AT1G13630.4	21.226	424	307	8	3083	1833	155	558	8.54e-15	73.2
Lygodium_japonicum_scaffold13830	AT1G13630.4	22.800	250	178	7	3725	2991	577	816	7.22e-08	50.4
Lygodium_japonicum_scaffold13830	AT3G61360.1	23.693	287	191	9	3395	2601	106	386	1.03e-14	72.0
Lygodium_japonicum_scaffold13830	AT3G61360.1	26.111	180	132	1	3011	2472	179	357	2.26e-14	70.9
Lygodium_japonicum_scaffold13830	AT3G61360.1	22.034	236	161	3	3599	2928	228	452	1.51e-13	68.6
Lygodium_japonicum_scaffold13830	AT3G61360.1	25.551	227	155	4	2477	1803	145	359	5.65e-10	57.0
Lygodium_japonicum_scaffold13830	AT3G61360.1	22.318	233	169	6	2711	2043	134	364	1.51e-07	49.3
Lygodium_japonicum_scaffold13830	AT4G21880.1	24.339	189	136	2	2852	2292	414	597	1.39e-11	62.8
Lygodium_japonicum_scaffold13830	AT4G21880.1	19.795	293	193	5	3605	2730	374	625	9.96e-11	59.7
Lygodium_japonicum_scaffold13830	AT4G21880.1	21.147	279	201	5	3284	2472	374	641	3.44e-10	58.2
Lygodium_japonicum_scaffold13830	AT4G04790.1	20.767	313	170	4	3029	2097	370	606	3.29e-11	61.2
Lygodium_japonicum_scaffold13830	AT4G04790.1	20.761	289	210	6	3587	2742	360	636	5.34e-11	60.8
Lygodium_japonicum_scaffold13830	AT4G04790.1	17.647	306	222	6	3560	2661	347	628	8.31e-11	60.1
Lygodium_japonicum_scaffold13830	AT4G04790.1	21.990	191	133	3	3131	2577	441	621	1.10e-08	53.1
Lygodium_japonicum_scaffold13839	AT4G15215.11	38.095	84	48	3	1695	1934	949	1032	2.55e-09	54.7
Lygodium_japonicum_scaffold13839	AT4G15230.1	30.469	128	76	5	1563	1934	917	1035	5.28e-09	53.9
Lygodium_japonicum_scaffold13839	AT4G15233.1	29.688	128	77	5	1563	1934	909	1027	1.18e-08	52.8
Lygodium_japonicum_scaffold13839	AT4G15236.1	25.926	135	93	5	1551	1934	891	1025	2.38e-08	51.6
Lygodium_japonicum_scaffold13839	AT2G37280.3	34.524	84	51	3	1695	1934	994	1077	1.21e-07	49.3
Lygodium_japonicum_scaffold13839	AT3G53480.1	34.524	84	51	3	1695	1934	1002	1085	1.25e-07	49.3
Lygodium_japonicum_scaffold13844	AT5G35410.1	32.984	191	117	6	1106	1660	13	198	1.11e-23	99.4
Lygodium_japonicum_scaffold13844	AT4G24400.1	32.804	189	120	5	1106	1660	11	196	9.62e-22	93.6
Lygodium_japonicum_scaffold13844	AT1G30270.1	32.843	204	102	8	1106	1660	33	220	1.28e-21	93.6
Lygodium_japonicum_scaffold13844	AT1G01140.3	31.795	195	116	8	1106	1660	21	208	1.42e-20	89.7
Lygodium_japonicum_scaffold13844	AT2G26980.4	31.250	192	121	7	1106	1660	26	213	6.74e-18	81.6
Lygodium_japonicum_scaffold13844	AT5G21326.1	31.088	193	120	7	1106	1660	15	202	9.29e-18	80.9
Lygodium_japonicum_scaffold13840	AT2G22010.2	50.844	533	248	6	50	1639	521	1042	0.0	514
Lygodium_japonicum_scaffold13840	AT2G22010.2	45.299	234	115	6	1638	2324	1039	1264	0.0	194
Lygodium_japonicum_scaffold13851	AT2G18330.1	27.692	130	87	4	1299	913	380	503	4.16e-08	50.8
Lygodium_japonicum_scaffold13851	AT4G36580.1	27.692	130	87	4	1299	913	377	500	2.23e-07	48.5
Lygodium_japonicum_scaffold13851	AT3G03060.1	28.058	139	91	5	1296	883	382	512	6.71e-07	47.0
Lygodium_japonicum_scaffold13851	AT5G16930.1	27.692	130	87	4	1299	913	393	516	1.44e-06	45.8
Lygodium_japonicum_scaffold13848	AT5G55860.1	34.448	598	331	12	2369	633	22	577	3.35e-33	130
Lygodium_japonicum_scaffold13848	AT1G12150.1	32.719	217	126	5	2369	1740	21	224	2.15e-18	83.6
Lygodium_japonicum_scaffold13848	AT1G12150.1	33.333	111	74	0	998	666	434	544	2.96e-09	54.3
Lygodium_japonicum_scaffold13853	AT4G15230.1	25.726	241	148	12	1750	2418	808	1035	1.31e-10	59.3
Lygodium_japonicum_scaffold13853	AT4G15236.1	25.103	243	143	11	1756	2418	800	1025	2.98e-10	58.2
Lygodium_japonicum_scaffold13853	AT4G15215.11	25.726	241	148	12	1750	2418	805	1032	3.98e-10	57.8
Lygodium_japonicum_scaffold13853	AT3G53480.1	25.446	224	138	12	1795	2418	875	1085	7.44e-10	56.6
Lygodium_japonicum_scaffold13853	AT4G15233.1	25.969	258	150	15	1756	2448	802	1045	1.47e-09	55.8
Lygodium_japonicum_scaffold13853	AT2G37280.3	24.766	214	135	11	1801	2400	869	1070	5.96e-07	47.4
Lygodium_japonicum_C117483	AT2G35635.1	100.000	33	0	0	100	2	32	64	3.51e-20	71.2
Lygodium_japonicum_C117483	AT2G35635.1	67.742	31	10	0	100	8	108	138	1.54e-10	46.2
Lygodium_japonicum_C117483	AT1G31340.1	100.000	33	0	0	100	2	32	64	4.40e-20	70.9
Lygodium_japonicum_C117483	AT1G31340.1	70.968	31	9	0	100	8	108	138	1.44e-11	48.9
Lygodium_japonicum_C117483	AT1G11980.1	50.000	32	16	0	100	5	32	63	3.76e-09	41.2
Lygodium_japonicum_C117577	AT4G17810.1	58.065	31	13	0	7	99	43	73	1.74e-11	49.3
Lygodium_japonicum_scaffold13861	AT1G13630.4	22.089	584	354	19	3443	1893	208	757	2.55e-11	61.6
Lygodium_japonicum_scaffold13861	AT1G13630.4	18.898	508	331	13	3734	2304	310	767	3.29e-09	55.1
Lygodium_japonicum_scaffold13861	AT1G13630.4	21.034	290	191	7	3797	2994	498	771	1.25e-07	49.7
Lygodium_japonicum_scaffold13861	AT3G61360.1	22.959	196	122	6	2861	2301	171	346	1.45e-07	49.3
Lygodium_japonicum_C117911	AT2G35635.1	100.000	32	0	0	3	98	30	61	1.91e-19	69.3
Lygodium_japonicum_C117911	AT2G35635.1	65.625	32	11	0	3	98	106	137	4.91e-11	47.4
Lygodium_japonicum_C117911	AT1G31340.1	100.000	32	0	0	3	98	30	61	2.37e-19	68.9
Lygodium_japonicum_C117911	AT1G31340.1	68.750	32	10	0	3	98	106	137	4.48e-12	50.1
Lygodium_japonicum_C117911	AT1G11980.1	53.125	32	15	0	3	98	30	61	1.65e-09	42.0
Lygodium_japonicum_scaffold13858	AT1G27510.1	56.545	191	82	1	1885	2454	459	649	2.19e-64	225
Lygodium_japonicum_scaffold13858	AT1G27510.1	34.412	340	200	6	756	1754	92	415	3.36e-50	183
Lygodium_japonicum_C118927	AT4G00730.1	56.667	30	12	1	90	1	754	782	4.21e-06	34.7
Lygodium_japonicum_C119427	AT2G01980.1	61.290	31	12	0	95	3	595	625	3.20e-10	46.2
Lygodium_japonicum_C119427	AT1G14660.1	53.333	30	14	0	92	3	594	623	3.20e-08	40.4
Lygodium_japonicum_C120013	AT2G35635.1	100.000	33	0	0	100	2	2	34	7.48e-18	65.1
Lygodium_japonicum_C120013	AT2G35635.1	53.125	32	15	0	97	2	79	110	1.56e-07	38.1
Lygodium_japonicum_C120013	AT1G31340.1	100.000	33	0	0	100	2	2	34	9.05e-18	65.1
Lygodium_japonicum_C120013	AT1G31340.1	53.125	32	15	0	97	2	79	110	1.74e-07	38.1
Lygodium_japonicum_C120013	AT1G11980.1	51.515	33	16	0	100	2	2	34	1.22e-06	34.7
Lygodium_japonicum_C120708	AT4G25310.1	62.069	29	11	0	100	14	211	239	9.94e-10	44.7
Lygodium_japonicum_C120708	AT1G78550.1	58.621	29	12	0	100	14	214	242	1.31e-09	44.3
Lygodium_japonicum_C120708	AT1G17010.1	62.069	29	11	0	100	14	216	244	2.70e-09	43.5
Lygodium_japonicum_C120708	AT1G17020.1	58.621	29	12	0	100	14	216	244	1.03e-08	42.0
Lygodium_japonicum_C120708	AT4G25300.1	58.621	29	12	0	100	14	214	242	2.38e-08	40.8
Lygodium_japonicum_C122655	AT5G64940.1	58.824	34	13	1	2	103	284	316	4.01e-08	40.4
Lygodium_japonicum_C123384	AT2G35635.1	100.000	34	0	0	103	2	1	34	7.54e-19	67.8
Lygodium_japonicum_C123384	AT2G35635.1	53.125	32	15	0	97	2	79	110	1.32e-07	38.5
Lygodium_japonicum_C123384	AT1G31340.1	100.000	34	0	0	103	2	1	34	8.39e-19	67.8
Lygodium_japonicum_C123384	AT1G31340.1	53.125	32	15	0	97	2	79	110	1.48e-07	38.5
Lygodium_japonicum_C123384	AT1G11980.1	52.941	34	16	0	103	2	1	34	1.31e-07	37.4
Lygodium_japonicum_C124710	AT2G35635.1	97.059	34	1	0	3	104	1	34	4.37e-18	65.9
Lygodium_japonicum_C124710	AT2G35635.1	53.125	32	15	0	9	104	79	110	1.72e-07	38.1
Lygodium_japonicum_C124710	AT1G31340.1	97.059	34	1	0	3	104	1	34	5.35e-18	65.5
Lygodium_japonicum_C124710	AT1G31340.1	53.125	32	15	0	9	104	79	110	1.90e-07	38.1
Lygodium_japonicum_C124710	AT1G11980.1	52.941	34	16	0	3	104	1	34	1.74e-07	37.0
Lygodium_japonicum_C125016	AT2G35635.1	100.000	34	0	0	103	2	1	34	9.58e-19	67.4
Lygodium_japonicum_C125016	AT2G35635.1	51.429	35	17	0	106	2	76	110	3.62e-08	40.0
Lygodium_japonicum_C125016	AT1G31340.1	100.000	34	0	0	103	2	1	34	1.14e-18	67.4
Lygodium_japonicum_C125016	AT1G31340.1	51.429	35	17	0	106	2	76	110	3.80e-08	40.0
Lygodium_japonicum_C125016	AT1G11980.1	52.941	34	16	0	103	2	1	34	9.88e-08	37.7
Lygodium_japonicum_C125720	AT2G20190.1	60.714	28	11	0	3	86	1410	1437	7.80e-07	36.6
Lygodium_japonicum_C128006	AT2G35635.1	82.609	23	4	0	39	107	111	133	6.83e-10	44.7
Lygodium_japonicum_C128006	AT2G35635.1	76.190	21	5	0	39	101	35	55	3.46e-07	37.4
Lygodium_japonicum_C128006	AT1G31340.1	82.609	23	4	0	39	107	111	133	7.92e-10	44.3
Lygodium_japonicum_C128006	AT1G31340.1	76.190	21	5	0	39	101	35	55	3.81e-07	37.4
Lygodium_japonicum_C128006	AT1G11980.1	60.870	23	9	0	39	107	35	57	1.08e-07	37.7
Lygodium_japonicum_C128594	AT2G35635.1	97.143	35	1	0	3	107	39	73	1.45e-20	72.4
Lygodium_japonicum_C128594	AT2G35635.1	61.765	34	13	0	6	107	116	149	1.28e-09	43.9
Lygodium_japonicum_C128594	AT1G31340.1	97.143	35	1	0	3	107	39	73	1.88e-20	72.0
Lygodium_japonicum_C128594	AT1G31340.1	64.706	34	12	0	6	107	116	149	1.06e-10	46.6
Lygodium_japonicum_C128594	AT1G11980.1	50.000	34	17	0	6	107	40	73	3.55e-08	38.9
Lygodium_japonicum_C128766	AT1G13630.4	48.571	35	18	0	106	2	514	548	7.22e-07	37.0
Lygodium_japonicum_C129010	AT1G17010.1	63.889	36	12	1	5	109	239	274	6.11e-10	45.4
Lygodium_japonicum_C129010	AT4G25300.1	63.889	36	12	1	5	109	237	272	6.11e-10	45.4
Lygodium_japonicum_C129010	AT1G17020.1	61.111	36	13	1	5	109	239	274	9.22e-10	45.1
Lygodium_japonicum_C129010	AT1G78550.1	63.889	36	12	1	5	109	237	272	1.68e-09	44.3
Lygodium_japonicum_C129010	AT4G25310.1	63.889	36	12	1	5	109	234	269	2.82e-09	43.5
Lygodium_japonicum_C129068	AT1G17020.1	56.757	37	15	1	1	108	235	271	1.30e-08	41.6
Lygodium_japonicum_C129068	AT4G25300.1	56.757	37	15	1	1	108	233	269	1.63e-08	41.6
Lygodium_japonicum_C129068	AT4G25310.1	56.757	37	15	1	1	108	230	266	2.22e-08	41.2
Lygodium_japonicum_C129068	AT1G17010.1	56.757	37	15	1	1	108	235	271	3.83e-07	37.7
Lygodium_japonicum_C129068	AT1G78550.1	48.649	37	18	1	1	108	233	269	3.21e-06	35.0
Lygodium_japonicum_C129420	AT3G08943.1	73.077	26	7	0	110	33	416	441	1.21e-10	47.4
Lygodium_japonicum_C129420	AT3G08947.1	73.077	26	7	0	110	33	200	225	1.22e-10	47.4
Lygodium_japonicum_C129420	AT5G53480.1	54.545	33	14	1	110	15	415	447	3.29e-08	40.4
Lygodium_japonicum_C130118	AT5G64940.1	91.429	35	3	0	6	110	655	689	1.52e-16	64.3
Lygodium_japonicum_C131275	AT4G24400.1	59.459	37	15	0	2	112	116	152	1.15e-11	50.4
Lygodium_japonicum_C131275	AT5G21326.1	56.757	37	16	0	2	112	120	156	3.83e-11	48.9
Lygodium_japonicum_C131275	AT1G30270.1	56.757	37	16	0	2	112	138	174	8.38e-11	48.1
Lygodium_japonicum_C131275	AT2G26980.4	56.757	37	16	0	2	112	131	167	9.81e-11	47.8
Lygodium_japonicum_C131275	AT1G01140.3	54.054	37	17	0	2	112	126	162	3.00e-10	46.6
Lygodium_japonicum_C131275	AT5G35410.1	48.649	37	19	0	2	112	118	154	4.96e-09	43.1
Lygodium_japonicum_C131805	AT5G65930.3	64.865	37	13	0	111	1	1123	1159	1.04e-09	45.1
Lygodium_japonicum_C132359	AT2G35635.1	97.297	37	1	0	2	112	20	56	9.11e-22	75.5
Lygodium_japonicum_C132359	AT2G35635.1	63.889	36	13	0	2	109	96	131	3.16e-13	53.5
Lygodium_japonicum_C132359	AT1G31340.1	97.297	37	1	0	2	112	20	56	1.20e-21	75.1
Lygodium_japonicum_C132359	AT1G31340.1	63.889	36	13	0	2	109	96	131	3.95e-13	53.1
Lygodium_japonicum_C132359	AT1G11980.1	52.778	36	17	0	2	109	20	55	1.98e-11	47.0
Lygodium_japonicum_C132877	AT5G64550.1	86.486	37	5	0	3	113	363	399	1.42e-17	67.0
Lygodium_japonicum_C132877	AT5G64550.1	67.647	34	11	0	3	104	338	371	4.42e-11	48.9
Lygodium_japonicum_C132877	AT5G64550.1	64.706	34	12	0	3	104	441	474	1.13e-09	44.7
Lygodium_japonicum_C132877	AT5G64550.1	64.706	34	12	0	3	104	237	270	1.66e-09	44.3
Lygodium_japonicum_C132877	AT5G64550.1	61.765	34	13	0	3	104	416	449	8.32e-09	42.4
Lygodium_japonicum_C132877	AT5G64550.1	62.857	35	13	0	3	107	262	296	9.36e-09	42.4
Lygodium_japonicum_C132877	AT5G64550.1	55.882	34	15	0	3	104	313	346	3.97e-08	40.4
Lygodium_japonicum_C132877	AT5G64550.1	58.621	29	12	0	9	95	214	242	2.29e-06	35.4
Lygodium_japonicum_C132877	AT5G09670.1	81.081	37	7	0	3	113	304	340	4.32e-16	63.2
Lygodium_japonicum_C132877	AT5G09670.1	68.571	35	10	1	3	104	278	312	3.05e-10	46.6
Lygodium_japonicum_C132877	AT5G09670.1	65.625	32	11	0	3	98	382	413	1.84e-09	44.3
Lygodium_japonicum_C132877	AT5G09670.1	70.000	30	9	0	3	92	177	206	2.56e-09	43.9
Lygodium_japonicum_C132877	AT5G09670.1	57.143	35	15	0	3	107	253	287	1.44e-08	41.6
Lygodium_japonicum_C132877	AT5G09670.1	62.500	32	12	0	3	98	202	233	2.18e-08	41.2
Lygodium_japonicum_C132877	AT5G09670.1	63.333	30	11	0	3	92	357	386	1.03e-07	39.3
Lygodium_japonicum_C132877	AT5G09670.1	52.941	34	15	1	3	101	227	260	1.82e-06	35.8
Lygodium_japonicum_C133455	AT5G44190.1	50.000	32	16	0	110	15	168	199	1.58e-06	35.8
Lygodium_japonicum_C133455	AT2G20570.2	53.125	32	15	0	110	15	190	221	5.19e-06	34.7
Lygodium_japonicum_C133581	AT3G08947.1	74.286	35	9	0	4	108	128	162	1.71e-17	67.0
Lygodium_japonicum_C133581	AT3G08943.1	74.286	35	9	0	4	108	344	378	3.04e-17	66.2
Lygodium_japonicum_C133581	AT5G53480.1	67.568	37	12	0	1	111	342	378	3.88e-17	65.9
Lygodium_japonicum_scaffold12994	AT1G30270.1	40.179	112	55	5	1260	952	125	233	4.25e-13	65.5
Lygodium_japonicum_scaffold12994	AT1G01140.3	39.286	112	56	5	1260	952	113	221	6.63e-13	65.1
Lygodium_japonicum_scaffold12994	AT5G35410.1	35.849	106	58	3	1251	958	106	209	6.62e-12	61.6
Lygodium_japonicum_scaffold12994	AT4G24400.1	34.259	108	61	3	1251	952	104	209	1.32e-11	60.8
Lygodium_japonicum_scaffold12994	AT2G26980.4	39.286	112	56	5	1260	952	118	226	2.47e-11	60.1
Lygodium_japonicum_scaffold12994	AT5G21326.1	37.500	112	58	5	1260	952	107	215	6.72e-11	58.5
Lygodium_japonicum_C134247	AT1G30270.1	68.421	38	12	0	115	2	237	274	1.19e-15	61.6
Lygodium_japonicum_C134247	AT2G26980.4	65.789	38	13	0	115	2	230	267	6.45e-15	59.7
Lygodium_japonicum_C134247	AT5G21326.1	65.789	38	13	0	115	2	219	256	6.78e-15	59.7
Lygodium_japonicum_C134247	AT1G01140.3	60.526	38	15	0	115	2	225	262	1.15e-13	56.2
Lygodium_japonicum_C134247	AT5G35410.1	62.857	35	13	0	106	2	218	252	1.32e-12	53.1
Lygodium_japonicum_C134247	AT4G24400.1	57.895	38	16	0	115	2	213	250	3.20e-11	49.3
Lygodium_japonicum_C134443	AT5G21326.1	53.333	30	14	0	16	105	132	161	6.42e-07	37.0
Lygodium_japonicum_C134443	AT4G24400.1	55.172	29	13	0	16	102	128	156	1.65e-06	35.8
Lygodium_japonicum_C134443	AT2G26980.4	56.667	30	13	0	16	105	143	172	2.36e-06	35.4
Lygodium_japonicum_C134443	AT5G35410.1	51.724	29	14	0	16	102	130	158	4.38e-06	34.7
Lygodium_japonicum_C134443	AT1G30270.1	51.724	29	14	0	16	102	150	178	5.55e-06	34.3
Lygodium_japonicum_C135879	AT5G44190.1	43.243	37	20	1	3	113	149	184	1.47e-08	41.6
Lygodium_japonicum_C135879	AT2G20570.2	44.444	36	19	1	3	110	171	205	3.01e-08	40.8
Lygodium_japonicum_C135897	AT2G35635.1	100.000	38	0	0	115	2	4	41	1.70e-22	77.4
Lygodium_japonicum_C135897	AT2G35635.1	59.459	37	15	0	112	2	81	117	7.35e-12	50.1
Lygodium_japonicum_C135897	AT1G31340.1	100.000	38	0	0	115	2	4	41	2.03e-22	77.0
Lygodium_japonicum_C135897	AT1G31340.1	59.459	37	15	0	112	2	81	117	8.06e-12	49.7
Lygodium_japonicum_C135897	AT1G11980.1	56.757	37	16	0	112	2	5	41	7.28e-11	45.8
Lygodium_japonicum_C136832	AT1G20670.1	48.649	37	19	0	116	6	427	463	2.74e-09	43.9
Lygodium_japonicum_C136832	AT1G76380.2	48.649	37	19	0	116	6	398	434	1.05e-08	42.0
Lygodium_japonicum_C137366	AT3G53480.1	76.923	39	9	0	2	118	1045	1083	4.55e-20	74.3
Lygodium_japonicum_C137366	AT4G15230.1	76.923	39	9	0	2	118	995	1033	5.48e-20	74.3
Lygodium_japonicum_C137366	AT4G15215.11	76.923	39	9	0	2	118	992	1030	8.58e-20	73.6
Lygodium_japonicum_C137366	AT4G15236.1	76.923	39	9	0	2	118	985	1023	1.45e-19	72.8
Lygodium_japonicum_C137366	AT4G15233.1	76.923	39	9	0	2	118	987	1025	1.51e-19	72.8
Lygodium_japonicum_C137366	AT2G37280.3	71.795	39	11	0	2	118	1037	1075	1.50e-18	70.1
Lygodium_japonicum_C137222	AT2G35635.1	100.000	24	0	0	118	47	47	70	1.01e-12	52.4
Lygodium_japonicum_C137222	AT1G31340.1	100.000	24	0	0	118	47	47	70	1.16e-12	52.0
Lygodium_japonicum_C137846	AT1G13630.4	43.590	39	22	0	118	2	518	556	7.95e-07	37.0
Lygodium_japonicum_C137892	AT1G13630.4	41.667	36	21	0	8	115	424	459	6.69e-06	34.3
Lygodium_japonicum_C138402	AT2G01980.1	54.054	37	17	0	7	117	595	631	1.93e-11	50.1
Lygodium_japonicum_C138402	AT1G14660.1	55.556	36	16	0	10	117	594	629	6.08e-11	48.5
Lygodium_japonicum_C138614	AT3G61360.1	36.111	36	23	0	2	109	318	353	9.45e-06	33.9
Lygodium_japonicum_C138630	AT5G53480.1	66.667	30	10	0	29	118	221	250	7.77e-10	45.4
Lygodium_japonicum_C138630	AT3G08943.1	62.963	27	10	0	38	118	226	252	7.13e-07	37.0
Lygodium_japonicum_C138630	AT3G08947.1	62.963	27	10	0	38	118	10	36	8.43e-07	37.0
Lygodium_japonicum_C139298	AT4G25300.1	45.161	31	17	0	118	26	79	109	4.87e-08	40.4
Lygodium_japonicum_C139298	AT1G17020.1	45.161	31	17	0	118	26	80	110	8.96e-08	39.7
Lygodium_japonicum_C139298	AT1G17010.1	41.935	31	18	0	118	26	81	111	1.34e-06	36.2
Lygodium_japonicum_C139298	AT1G78550.1	35.484	31	20	0	118	26	80	110	2.52e-06	35.4
Lygodium_japonicum_C139497	AT4G25300.1	56.098	41	17	1	121	2	239	279	1.18e-10	47.8
Lygodium_japonicum_C139497	AT4G25310.1	56.098	41	17	1	121	2	236	276	2.40e-10	47.0
Lygodium_japonicum_C139497	AT1G17020.1	51.220	41	19	1	121	2	241	281	4.00e-10	46.2
Lygodium_japonicum_C139497	AT1G17010.1	53.659	41	18	1	121	2	241	281	1.74e-09	44.3
Lygodium_japonicum_C139497	AT1G78550.1	51.220	41	19	1	121	2	239	279	2.51e-08	41.2
Lygodium_japonicum_C139569	AT1G13630.4	43.590	39	22	0	1	117	515	553	2.00e-07	38.5
Lygodium_japonicum_C139569	AT1G13630.4	40.000	35	21	0	13	117	414	448	4.82e-06	34.7
Lygodium_japonicum_C140191	AT4G21790.1	54.545	33	15	0	21	119	85	117	1.41e-06	36.2
Lygodium_japonicum_C140241	AT1G13630.4	43.590	39	22	0	3	119	519	557	5.60e-06	34.7
Lygodium_japonicum_C140499	AT5G35410.1	42.500	40	22	1	122	6	171	210	4.50e-06	34.7
Lygodium_japonicum_C140937	AT1G53345.1	54.167	24	11	0	21	92	105	128	2.00e-06	35.8
Lygodium_japonicum_C141327	AT4G17810.1	66.667	21	7	0	66	4	48	68	4.07e-06	35.0
Lygodium_japonicum_C141393	AT2G35635.1	100.000	37	0	0	12	122	1	37	3.11e-21	74.3
Lygodium_japonicum_C141393	AT2G35635.1	57.500	40	17	0	3	122	74	113	2.45e-12	51.2
Lygodium_japonicum_C141393	AT1G31340.1	100.000	37	0	0	12	122	1	37	3.78e-21	73.9
Lygodium_japonicum_C141393	AT1G31340.1	57.500	40	17	0	3	122	74	113	2.80e-12	51.2
Lygodium_japonicum_C141393	AT1G11980.1	56.757	37	16	0	12	122	1	37	1.13e-10	45.4
Lygodium_japonicum_C143458	AT5G67385.1	48.780	41	21	0	3	125	286	326	5.31e-06	34.7
Lygodium_japonicum_C143860	AT4G15215.11	51.220	41	20	0	3	125	967	1007	1.63e-12	53.1
Lygodium_japonicum_C143860	AT4G15236.1	48.780	41	21	0	3	125	960	1000	3.32e-12	52.4
Lygodium_japonicum_C143860	AT4G15233.1	48.780	41	21	0	3	125	962	1002	3.56e-12	52.0
Lygodium_japonicum_C143860	AT4G15230.1	48.780	41	21	0	3	125	970	1010	3.78e-12	52.0
Lygodium_japonicum_C143860	AT2G37280.3	46.341	41	22	0	3	125	1012	1052	5.75e-12	51.6
Lygodium_japonicum_C143860	AT3G53480.1	46.341	41	22	0	3	125	1020	1060	1.28e-11	50.4
Lygodium_japonicum_C144008	AT2G28560.1	52.778	36	17	0	17	124	1	36	1.24e-07	39.3
Lygodium_japonicum_C145180	AT5G67385.1	51.220	41	19	1	125	6	312	352	1.42e-09	44.7
Lygodium_japonicum_C145180	AT3G49970.1	48.780	41	20	1	125	6	260	300	1.86e-09	44.3
Lygodium_japonicum_C145244	AT5G62040.1	64.286	42	15	0	2	127	83	124	2.27e-17	64.7
Lygodium_japonicum_C145244	AT5G03840.1	59.524	42	17	0	2	127	86	127	3.42e-15	59.3
Lygodium_japonicum_C145244	AT2G27550.1	54.762	42	19	0	2	127	84	125	1.53e-14	57.4
Lygodium_japonicum_C145244	AT1G65480.2	54.762	42	19	0	2	127	127	168	1.88e-12	52.4
Lygodium_japonicum_C145244	AT4G20370.1	57.143	42	18	0	2	127	83	124	1.04e-11	50.1
Lygodium_japonicum_C145942	AT4G15215.11	54.839	31	12	1	125	39	171	201	6.11e-06	34.7
Lygodium_japonicum_C146977	AT1G13630.4	44.737	38	21	0	14	127	411	448	1.00e-07	39.7
Lygodium_japonicum_C146977	AT1G13630.4	40.476	42	25	0	2	127	336	377	5.02e-07	37.7
Lygodium_japonicum_C147779	AT5G60100.2	51.515	33	16	0	26	124	138	170	1.27e-08	42.0
Lygodium_japonicum_C147779	AT5G02810.1	48.485	33	17	0	26	124	152	184	1.93e-08	41.6
Lygodium_japonicum_C147925	AT5G53480.1	59.375	32	13	0	127	32	565	596	1.15e-08	42.4
Lygodium_japonicum_C147925	AT3G08943.1	60.000	30	12	0	130	41	566	595	1.20e-08	42.4
Lygodium_japonicum_C147925	AT3G08947.1	64.286	28	10	0	130	47	350	377	6.86e-08	40.0
Lygodium_japonicum_C148871	AT1G13630.4	44.186	43	20	1	125	9	494	536	4.23e-06	35.0
Lygodium_japonicum_C149103	AT4G36990.1	69.767	43	13	0	2	130	23	65	6.34e-19	70.5
Lygodium_japonicum_C150124	AT2G26980.4	80.000	15	3	0	131	87	138	152	9.82e-06	33.9
Lygodium_japonicum_C150124	AT1G01140.3	80.000	15	3	0	131	87	133	147	9.82e-06	33.9
Lygodium_japonicum_C150124	AT1G30270.1	80.000	15	3	0	131	87	145	159	9.83e-06	33.9
Lygodium_japonicum_C150831	AT4G17810.1	51.163	43	20	1	4	132	46	87	3.82e-11	48.9
Lygodium_japonicum_C151335	AT2G32440.1	41.463	41	24	0	11	133	372	412	9.85e-09	42.4
Lygodium_japonicum_C151335	AT1G05160.1	36.585	41	26	0	11	133	374	414	1.10e-07	39.7
Lygodium_japonicum_C151443	AT2G43770.1	44.118	34	19	0	25	126	49	82	2.73e-06	35.8
Lygodium_japonicum_C151660	AT5G67385.1	55.814	43	19	0	134	6	112	154	1.19e-10	48.1
Lygodium_japonicum_C151660	AT3G49970.1	46.512	43	23	0	134	6	79	121	4.70e-08	40.8
Lygodium_japonicum_C151862	AT1G13630.4	45.714	35	19	0	4	108	414	448	4.00e-06	35.0
Lygodium_japonicum_C152322	AT4G24400.1	36.842	38	24	0	21	134	102	139	5.41e-06	34.7
Lygodium_japonicum_C152788	AT1G22770.1	72.093	43	9	1	130	2	111	150	4.04e-17	66.2
Lygodium_japonicum_C153085	AT1G01140.3	50.000	46	22	1	135	1	165	210	2.05e-12	53.1
Lygodium_japonicum_C153085	AT1G30270.1	52.000	50	18	2	132	1	173	222	4.16e-12	52.0
Lygodium_japonicum_C153085	AT5G21326.1	47.826	46	23	1	135	1	159	204	2.15e-11	50.1
Lygodium_japonicum_C153085	AT2G26980.4	41.304	46	26	1	135	1	170	215	1.47e-10	47.8
Lygodium_japonicum_C153085	AT5G35410.1	47.917	48	21	2	132	1	153	200	1.92e-09	44.7
Lygodium_japonicum_C153085	AT4G24400.1	50.000	44	19	2	123	1	155	198	3.57e-09	43.9
Lygodium_japonicum_C153233	AT5G35410.1	44.444	45	23	1	1	135	136	178	5.81e-07	37.7
Lygodium_japonicum_C153233	AT4G24400.1	46.667	45	22	1	1	135	134	176	1.02e-06	37.0
Lygodium_japonicum_C153673	AT3G51460.1	52.273	44	21	0	132	1	256	299	4.17e-15	60.5
Lygodium_japonicum_C153673	AT3G51830.1	63.415	41	15	0	123	1	258	298	4.64e-15	60.5
Lygodium_japonicum_C153673	AT5G66020.1	52.273	44	21	0	132	1	254	297	4.69e-15	60.5
Lygodium_japonicum_C154004	AT5G54510.1	53.333	45	20	1	136	2	554	597	3.96e-11	49.3
Lygodium_japonicum_C154004	AT4G27260.1	53.333	45	20	1	136	2	554	597	4.08e-11	49.3
Lygodium_japonicum_C154004	AT4G37390.1	48.889	45	22	1	136	2	549	592	5.01e-11	48.9
Lygodium_japonicum_C154004	AT1G28130.1	50.000	44	21	1	136	5	554	596	5.26e-11	48.9
Lygodium_japonicum_C154004	AT2G23170.1	48.889	45	22	1	136	2	541	584	6.03e-11	48.9
Lygodium_japonicum_C154004	AT1G59500.1	46.667	45	23	1	136	2	543	586	2.52e-10	47.0
Lygodium_japonicum_C154004	AT2G14960.1	48.889	45	22	1	136	2	535	578	2.92e-10	47.0
Lygodium_japonicum_C154004	AT2G47750.1	43.478	46	24	2	136	2	534	578	3.81e-07	38.1
Lygodium_japonicum_C154128	AT5G09670.1	80.000	45	9	0	1	135	169	213	7.16e-20	74.3
Lygodium_japonicum_C154128	AT5G09670.1	65.909	44	14	1	7	135	272	315	3.60e-13	55.1
Lygodium_japonicum_C154128	AT5G09670.1	61.905	42	16	0	1	126	296	337	1.90e-11	50.4
Lygodium_japonicum_C154128	AT5G09670.1	62.857	35	13	0	10	114	377	411	1.49e-10	47.8
Lygodium_japonicum_C154128	AT5G09670.1	58.696	46	16	1	7	135	323	368	2.24e-10	47.4
Lygodium_japonicum_C154128	AT5G09670.1	51.111	45	22	0	1	135	349	393	5.87e-10	46.2
Lygodium_japonicum_C154128	AT5G09670.1	52.174	46	21	1	1	135	245	290	5.72e-09	43.1
Lygodium_japonicum_C154128	AT5G09670.1	50.000	34	17	0	34	135	155	188	4.80e-06	35.0
Lygodium_japonicum_C154128	AT5G64550.1	77.778	45	10	0	1	135	229	273	2.40e-18	69.7
Lygodium_japonicum_C154128	AT5G64550.1	69.767	43	13	0	7	135	332	374	1.80e-15	61.6
Lygodium_japonicum_C154128	AT5G64550.1	60.000	45	18	0	1	135	305	349	5.63e-12	51.6
Lygodium_japonicum_C154128	AT5G64550.1	63.889	36	13	0	10	117	436	471	8.50e-12	51.2
Lygodium_japonicum_C154128	AT5G64550.1	65.789	38	13	0	1	114	355	392	2.50e-11	50.1
Lygodium_japonicum_C154128	AT5G64550.1	63.158	38	14	0	1	114	254	291	1.27e-10	47.8
Lygodium_japonicum_C154128	AT5G64550.1	55.556	45	20	0	1	135	408	452	1.99e-10	47.4
Lygodium_japonicum_C154128	AT5G64550.1	58.696	46	16	1	7	135	382	427	8.19e-10	45.8
Lygodium_japonicum_C154128	AT5G64550.1	52.174	46	21	1	1	135	279	324	1.43e-08	42.0
Lygodium_japonicum_C154128	AT5G64550.1	52.941	34	16	0	34	135	215	248	9.92e-07	37.0
Lygodium_japonicum_C155004	AT1G54320.1	76.923	26	6	0	136	59	31	56	1.27e-11	50.8
Lygodium_japonicum_C155004	AT3G12740.1	76.923	26	6	0	136	59	32	57	2.21e-11	50.1
Lygodium_japonicum_C155004	AT1G16360.2	62.069	29	11	0	136	50	31	59	2.07e-09	44.7
Lygodium_japonicum_C155004	AT1G79450.1	69.231	26	8	0	136	59	31	56	4.83e-09	43.5
Lygodium_japonicum_C155881	AT4G21880.1	34.884	43	28	0	3	131	502	544	1.68e-06	36.2
Lygodium_japonicum_C155983	AT4G27260.1	82.609	46	8	0	139	2	77	122	2.48e-22	81.3
Lygodium_japonicum_C155983	AT2G14960.1	73.913	46	12	0	139	2	75	120	2.28e-20	75.5
Lygodium_japonicum_C155983	AT5G54510.1	76.087	46	11	0	139	2	77	122	2.51e-20	75.5
Lygodium_japonicum_C155983	AT4G37390.1	73.913	46	12	0	139	2	76	121	8.10e-20	73.9
Lygodium_japonicum_C155983	AT2G23170.1	71.739	46	13	0	139	2	75	120	6.04e-19	71.6
Lygodium_japonicum_C155983	AT1G59500.1	69.565	46	14	0	139	2	76	121	2.19e-18	70.1
Lygodium_japonicum_C155983	AT1G28130.1	56.522	46	20	0	139	2	67	112	1.87e-14	58.9
Lygodium_japonicum_C155983	AT2G47750.1	54.348	46	21	0	139	2	63	108	3.19e-13	55.5
Lygodium_japonicum_C156015	AT4G21880.1	39.024	41	25	0	3	125	503	543	4.15e-06	35.0
Lygodium_japonicum_C156465	AT1G13630.4	32.609	46	31	0	138	1	409	454	2.36e-06	35.8
Lygodium_japonicum_C157169	AT4G24400.1	42.222	45	25	1	140	6	134	177	1.89e-06	36.2
Lygodium_japonicum_C157169	AT5G35410.1	43.478	46	23	2	140	6	136	179	2.83e-06	35.8
Lygodium_japonicum_C158191	AT2G26980.4	50.000	36	17	1	119	15	186	221	3.12e-06	35.4
Lygodium_japonicum_C158191	AT5G21326.1	46.512	43	21	2	137	15	168	210	3.18e-06	35.4
Lygodium_japonicum_C158191	AT1G01140.3	44.186	43	22	2	137	15	174	216	7.15e-06	34.7
Lygodium_japonicum_C159569	AT5G05780.1	87.234	47	6	0	142	2	112	158	5.15e-25	87.4
Lygodium_japonicum_C159569	AT3G11270.1	87.234	47	6	0	142	2	112	158	6.17e-25	87.0
Lygodium_japonicum_C159885	AT4G15236.1	40.426	47	28	0	141	1	888	934	5.04e-07	38.1
Lygodium_japonicum_C159885	AT4G15233.1	40.426	47	28	0	141	1	890	936	1.58e-06	36.6
Lygodium_japonicum_C160850	AT3G57470.2	57.447	47	20	0	6	146	553	599	9.99e-16	62.4
Lygodium_japonicum_C160850	AT2G41790.1	55.319	47	21	0	6	146	551	597	1.58e-15	62.0
Lygodium_japonicum_C161325	AT2G36450.1	66.667	45	14	1	144	13	14	58	2.71e-17	65.1
Lygodium_japonicum_C161325	AT5G52020.1	65.714	35	11	1	144	40	64	97	2.96e-14	57.8
Lygodium_japonicum_C161325	AT1G12630.1	62.857	35	12	1	144	40	18	51	3.87e-11	48.9
Lygodium_japonicum_C161343	AT2G41790.1	47.917	48	25	0	146	3	491	538	3.16e-12	52.8
Lygodium_japonicum_C161343	AT3G57470.2	50.000	48	24	0	146	3	493	540	8.92e-12	51.2
Lygodium_japonicum_C161927	AT4G15233.1	45.833	48	26	0	1	144	1105	1152	5.90e-12	52.0
Lygodium_japonicum_C161927	AT4G15230.1	43.750	48	27	0	1	144	1113	1160	6.38e-12	52.0
Lygodium_japonicum_C161927	AT4G15236.1	45.833	48	26	0	1	144	1103	1150	8.23e-12	51.6
Lygodium_japonicum_C161927	AT4G15215.11	53.846	39	18	0	1	117	1110	1148	5.29e-11	49.3
Lygodium_japonicum_C161927	AT2G37280.3	41.667	48	28	0	1	144	1155	1202	3.43e-09	44.3
Lygodium_japonicum_C161927	AT3G53480.1	35.417	48	31	0	1	144	1163	1210	2.01e-08	42.0
Lygodium_japonicum_C162178	AT4G24400.1	40.000	50	23	1	18	146	107	156	3.00e-06	35.8
Lygodium_japonicum_C162178	AT2G26980.4	46.341	41	19	1	24	146	134	171	4.16e-06	35.4
Lygodium_japonicum_C162178	AT1G30270.1	43.902	41	20	1	24	146	141	178	5.02e-06	35.0
Lygodium_japonicum_C162178	AT5G21326.1	43.902	41	20	1	24	146	123	160	6.23e-06	35.0
Lygodium_japonicum_C162178	AT5G35410.1	37.778	45	25	1	12	146	117	158	7.75e-06	34.7
Lygodium_japonicum_C162549	AT2G32440.1	35.417	48	31	0	147	4	250	297	5.71e-07	37.7
Lygodium_japonicum_C163223	AT1G30270.1	53.333	30	13	1	89	3	193	222	2.47e-07	38.9
Lygodium_japonicum_C163223	AT1G01140.3	50.000	30	14	1	89	3	181	210	5.76e-07	37.7
Lygodium_japonicum_C163223	AT4G24400.1	50.000	30	14	1	89	3	169	198	1.74e-06	36.6
Lygodium_japonicum_C163223	AT5G35410.1	46.667	30	15	1	89	3	171	200	2.38e-06	36.2
Lygodium_japonicum_C163223	AT2G26980.4	43.333	30	16	1	89	3	186	215	5.62e-06	35.0
Lygodium_japonicum_C163255	AT1G13630.4	40.426	47	28	0	9	149	267	313	6.87e-09	43.1
Lygodium_japonicum_C163255	AT1G13630.4	35.417	48	31	0	6	149	336	383	1.16e-06	37.0
Lygodium_japonicum_C163361	AT5G60100.2	53.125	32	15	0	20	115	154	185	3.68e-09	43.9
Lygodium_japonicum_C163361	AT5G02810.1	50.000	32	16	0	20	115	168	199	1.40e-07	39.7
Lygodium_japonicum_C164313	AT1G01140.3	40.000	40	24	0	15	134	114	153	2.31e-06	36.2
Lygodium_japonicum_C164313	AT5G35410.1	38.636	44	25	1	18	149	109	150	2.53e-06	36.2
Lygodium_japonicum_C164313	AT5G21326.1	33.333	45	30	0	15	149	108	152	4.10e-06	35.4
Lygodium_japonicum_C164313	AT2G26980.4	34.884	43	28	0	21	149	121	163	4.14e-06	35.4
Lygodium_japonicum_C164313	AT1G30270.1	33.333	45	30	0	15	149	126	170	4.40e-06	35.4
Lygodium_japonicum_C164341	AT5G35410.1	41.818	55	20	3	143	3	149	199	4.46e-07	38.1
Lygodium_japonicum_C164341	AT1G30270.1	38.596	57	21	3	143	3	169	221	8.19e-06	34.7
Lygodium_japonicum_C165020	AT1G13630.4	34.043	47	31	0	148	8	416	462	2.85e-06	35.8
Lygodium_japonicum_C165658	AT5G67385.1	55.172	29	13	0	151	65	28	56	2.83e-07	38.9
Lygodium_japonicum_C165858	AT4G25300.1	56.863	51	21	1	152	3	220	270	4.36e-15	60.8
Lygodium_japonicum_C165858	AT4G25310.1	56.863	51	21	1	152	3	217	267	7.33e-15	60.1
Lygodium_japonicum_C165858	AT1G17020.1	50.980	51	24	1	152	3	222	272	4.74e-14	57.8
Lygodium_japonicum_C165858	AT1G17010.1	56.863	51	21	1	152	3	222	272	1.72e-13	56.2
Lygodium_japonicum_C165858	AT1G78550.1	50.980	51	24	1	152	3	220	270	3.25e-13	55.5
Lygodium_japonicum_C166768	AT3G61360.1	30.909	55	34	1	155	3	299	353	8.55e-07	37.4
Lygodium_japonicum_C167538	AT5G65930.3	72.917	48	13	0	8	151	110	157	1.10e-23	85.5
Lygodium_japonicum_C167882	AT4G24400.1	44.444	36	20	0	109	2	104	139	1.65e-06	36.6
Lygodium_japonicum_C167882	AT1G30270.1	41.667	36	21	0	109	2	126	161	2.85e-06	35.8
Lygodium_japonicum_C167882	AT1G01140.3	38.889	36	22	0	109	2	114	149	5.61e-06	35.0
Lygodium_japonicum_C167882	AT5G21326.1	41.667	36	21	0	109	2	108	143	6.13e-06	35.0
Lygodium_japonicum_C167882	AT2G26980.4	43.750	32	18	0	97	2	123	154	6.32e-06	35.0
Lygodium_japonicum_C168216	AT4G21880.1	32.558	43	29	0	155	27	502	544	2.29e-06	36.2
Lygodium_japonicum_C168216	AT4G04790.1	28.000	50	36	0	155	6	482	531	8.41e-06	34.7
Lygodium_japonicum_C168642	AT5G58100.1	58.824	51	21	0	2	154	121	171	2.67e-18	70.1
Lygodium_japonicum_C169632	AT2G36450.1	66.667	48	16	0	157	14	26	73	1.00e-18	68.9
Lygodium_japonicum_C169632	AT5G52020.1	65.957	47	16	0	157	17	74	120	4.96e-13	54.7
Lygodium_japonicum_C169632	AT1G12630.1	60.000	50	20	0	157	8	28	77	4.66e-12	51.6
Lygodium_japonicum_C169944	AT1G13630.4	35.000	40	26	0	132	13	409	448	6.01e-06	35.0
Lygodium_japonicum_C170128	AT1G13630.4	32.653	49	27	1	1	147	410	452	6.34e-07	38.1
Lygodium_japonicum_C170128	AT1G13630.4	39.130	46	28	0	16	153	584	629	3.32e-06	35.8
Lygodium_japonicum_C170128	AT4G21880.1	29.167	48	34	0	16	159	497	544	2.76e-06	36.2
Lygodium_japonicum_C170715	AT5G65930.3	50.000	48	23	1	13	156	1130	1176	2.21e-09	45.1
Lygodium_japonicum_C170747	AT4G02660.2	43.902	41	23	0	161	39	3203	3243	1.01e-08	43.1
Lygodium_japonicum_C170747	AT1G03060.1	45.714	35	19	0	161	57	3210	3244	1.96e-07	39.3
Lygodium_japonicum_C171013	AT1G30270.1	84.906	53	8	0	3	161	174	226	2.42e-30	103
Lygodium_japonicum_C171013	AT1G01140.3	79.245	53	11	0	3	161	162	214	1.23e-28	99.0
Lygodium_japonicum_C171013	AT2G26980.4	71.698	53	15	0	3	161	167	219	1.57e-27	95.9
Lygodium_japonicum_C171013	AT5G21326.1	75.472	53	13	0	3	161	156	208	5.24e-27	94.4
Lygodium_japonicum_C171013	AT5G35410.1	67.925	53	15	1	3	161	154	204	8.02e-22	80.1
Lygodium_japonicum_C171013	AT4G24400.1	69.091	55	11	2	3	161	152	202	2.07e-21	79.0
Lygodium_japonicum_C171565	AT5G65930.3	46.296	54	27	1	163	2	1128	1179	3.84e-09	44.3
Lygodium_japonicum_C171611	AT1G17010.1	54.286	35	16	0	107	3	210	244	4.57e-09	43.9
Lygodium_japonicum_C171611	AT4G25310.1	53.333	30	14	0	92	3	210	239	1.47e-08	42.4
Lygodium_japonicum_C171611	AT1G78550.1	50.000	30	15	0	92	3	213	242	1.72e-08	42.4
Lygodium_japonicum_C171611	AT1G17020.1	48.485	33	17	0	101	3	212	244	4.09e-08	41.2
Lygodium_japonicum_C171611	AT4G25300.1	46.667	30	16	0	92	3	213	242	9.07e-08	40.4
Lygodium_japonicum_C171903	AT2G35635.1	100.000	53	0	0	161	3	13	65	2.18e-34	108
Lygodium_japonicum_C171903	AT2G35635.1	54.717	53	24	0	161	3	89	141	5.36e-17	63.9
Lygodium_japonicum_C171903	AT1G31340.1	100.000	53	0	0	161	3	13	65	2.72e-34	108
Lygodium_japonicum_C171903	AT1G31340.1	56.604	53	23	0	161	3	89	141	4.45e-18	66.6
Lygodium_japonicum_C171903	AT1G11980.1	47.170	53	28	0	161	3	13	65	5.09e-16	59.7
Lygodium_japonicum_C172340	AT1G78550.1	41.463	41	24	0	41	163	45	85	1.86e-07	39.7
Lygodium_japonicum_C172340	AT4G25300.1	42.500	40	23	0	44	163	45	84	1.36e-06	37.0
Lygodium_japonicum_C172340	AT1G17020.1	38.095	42	26	0	38	163	44	85	2.91e-06	36.2
Lygodium_japonicum_C173270	AT1G13630.4	30.435	46	32	0	163	26	414	459	3.70e-06	35.8
Lygodium_japonicum_C173754	AT1G13630.4	40.816	49	29	0	157	11	432	480	6.47e-09	43.5
Lygodium_japonicum_C173754	AT1G13630.4	41.667	48	28	0	145	2	658	705	3.95e-08	41.6
Lygodium_japonicum_C173754	AT1G13630.4	36.170	47	30	0	145	5	365	411	3.38e-06	36.2
Lygodium_japonicum_C173754	AT1G13630.4	35.849	53	34	0	160	2	536	588	5.71e-06	35.4
Lygodium_japonicum_C173754	AT3G61360.1	32.075	53	36	0	160	2	301	353	2.75e-06	36.2
Lygodium_japonicum_C173982	AT3G08947.1	58.491	53	22	0	7	165	196	248	2.16e-19	73.2
Lygodium_japonicum_C173982	AT3G08943.1	58.491	53	22	0	7	165	412	464	3.36e-19	72.8
Lygodium_japonicum_C173982	AT5G53480.1	57.407	54	22	1	4	162	410	463	3.29e-18	70.1
Lygodium_japonicum_C174086	AT1G13630.4	31.111	45	31	0	137	3	409	453	4.53e-07	38.5
Lygodium_japonicum_C174086	AT3G61360.1	27.778	54	35	1	167	18	300	353	7.02e-06	35.0
Lygodium_japonicum_C174208	AT3G61360.1	40.741	54	32	0	164	3	302	355	1.53e-12	53.9
Lygodium_japonicum_C174208	AT3G61360.1	39.024	41	25	0	131	9	208	248	6.95e-06	35.0
Lygodium_japonicum_C174208	AT1G13630.4	40.385	52	31	0	164	9	326	377	4.75e-10	47.0
Lygodium_japonicum_C174208	AT1G13630.4	31.481	54	37	0	164	3	537	590	1.91e-09	45.1
Lygodium_japonicum_C174208	AT1G13630.4	37.255	51	31	1	155	6	574	624	1.52e-07	39.7
Lygodium_japonicum_C174208	AT1G13630.4	33.962	53	35	0	164	6	291	343	2.21e-07	39.3
Lygodium_japonicum_C174208	AT1G13630.4	31.481	54	37	0	164	3	502	555	2.91e-07	38.9
Lygodium_japonicum_C174208	AT4G21880.1	33.333	42	28	0	131	6	496	537	2.52e-06	36.2
Lygodium_japonicum_C174408	AT2G37280.3	41.071	56	33	0	168	1	1204	1259	3.18e-13	55.8
Lygodium_japonicum_C174408	AT3G53480.1	37.500	56	35	0	168	1	1212	1267	1.69e-11	50.8
Lygodium_japonicum_C174408	AT4G15233.1	39.286	56	34	0	168	1	1154	1209	2.77e-11	50.4
Lygodium_japonicum_C174408	AT4G15215.11	36.364	55	35	0	165	1	1160	1214	7.16e-11	49.3
Lygodium_japonicum_C174408	AT4G15236.1	43.750	48	27	0	144	1	1160	1207	1.12e-09	45.8
Lygodium_japonicum_C174408	AT4G15230.1	32.143	56	38	0	168	1	1162	1217	1.29e-09	45.8
Lygodium_japonicum_C174672	AT2G35635.1	97.872	47	1	0	166	26	31	77	6.88e-30	97.1
Lygodium_japonicum_C174672	AT2G35635.1	67.391	46	15	0	166	29	107	152	4.13e-17	64.3
Lygodium_japonicum_C174672	AT1G31340.1	97.872	47	1	0	166	26	31	77	9.32e-30	96.7
Lygodium_japonicum_C174672	AT1G31340.1	69.565	46	14	0	166	29	107	152	3.35e-18	67.0
Lygodium_japonicum_C174672	AT1G11980.1	56.522	46	20	0	166	29	31	76	8.58e-16	58.9
Lygodium_japonicum_C174794	AT5G65930.3	44.643	56	27	1	1	168	1125	1176	3.15e-08	42.0
Lygodium_japonicum_C174840	AT1G13630.4	37.736	53	33	0	10	168	321	373	5.67e-06	35.4
Lygodium_japonicum_C174840	AT3G61360.1	30.769	52	36	0	13	168	298	349	6.51e-06	35.4
Lygodium_japonicum_C174878	AT3G53480.1	76.923	39	9	0	2	118	243	281	9.61e-18	68.6
Lygodium_japonicum_C174878	AT2G37280.3	74.359	39	10	0	2	118	237	275	3.77e-17	67.0
Lygodium_japonicum_C174878	AT4G15230.1	66.667	39	13	0	2	118	210	248	2.72e-15	61.6
Lygodium_japonicum_C174878	AT4G15215.11	66.667	39	13	0	2	118	207	245	3.21e-15	61.6
Lygodium_japonicum_C174878	AT4G15236.1	61.538	39	15	0	2	118	207	245	7.24e-13	55.1
Lygodium_japonicum_C174878	AT4G15233.1	61.538	39	15	0	2	118	209	247	8.55e-13	54.7
Lygodium_japonicum_C175194	AT1G04200.1	57.447	47	20	0	164	24	192	238	9.73e-14	57.4
Lygodium_japonicum_C175486	AT1G13630.4	25.000	56	42	0	170	3	417	472	1.61e-06	37.0
Lygodium_japonicum_C175724	AT1G13630.4	40.741	54	32	0	162	1	471	524	1.38e-07	40.0
Lygodium_japonicum_C175724	AT1G13630.4	33.333	54	36	0	162	1	506	559	7.37e-07	37.7
Lygodium_japonicum_C175724	AT1G13630.4	36.000	50	32	0	150	1	299	348	3.30e-06	36.2
Lygodium_japonicum_C175724	AT1G13630.4	39.024	41	25	0	123	1	414	454	9.11e-06	35.0
Lygodium_japonicum_C175724	AT4G21880.1	38.298	47	29	0	144	4	495	541	1.19e-06	37.4
Lygodium_japonicum_C175724	AT4G04790.1	34.783	46	30	0	141	4	476	521	4.94e-06	35.4
Lygodium_japonicum_C175772	AT1G13630.4	42.222	45	26	0	30	164	585	629	1.11e-06	37.4
Lygodium_japonicum_C175772	AT1G13630.4	30.435	46	32	0	21	158	407	452	7.05e-06	35.0
Lygodium_japonicum_C176606	AT5G65930.3	66.667	57	19	0	1	171	460	516	2.80e-26	93.2
Lygodium_japonicum_C176604	AT5G44190.1	61.111	54	21	0	5	166	146	199	7.65e-22	80.1
Lygodium_japonicum_C176604	AT2G20570.2	66.667	48	16	0	23	166	174	221	1.88e-19	73.6
Lygodium_japonicum_C177332	AT4G21880.1	34.694	49	32	0	173	27	495	543	7.11e-07	38.1
Lygodium_japonicum_C177332	AT4G04790.1	31.818	44	30	0	158	27	480	523	7.73e-06	35.0
Lygodium_japonicum_C177396	AT5G35410.1	47.059	51	26	1	3	155	130	179	1.43e-10	48.5
Lygodium_japonicum_C177396	AT4G24400.1	47.059	51	26	1	3	155	128	177	6.87e-10	46.6
Lygodium_japonicum_C177396	AT2G26980.4	47.273	55	22	2	3	155	143	194	3.98e-09	44.3
Lygodium_japonicum_C177396	AT1G30270.1	43.636	55	24	2	3	155	150	201	2.60e-08	42.0
Lygodium_japonicum_C177396	AT5G21326.1	41.818	55	25	2	3	155	132	183	8.53e-08	40.4
Lygodium_japonicum_C177396	AT1G01140.3	38.182	55	27	2	3	155	138	189	1.93e-07	39.7
Lygodium_japonicum_C177504	AT1G13630.4	32.558	43	29	0	33	161	410	452	8.53e-06	35.0
Lygodium_japonicum_C177504	AT1G13630.4	34.091	44	29	0	30	161	514	557	9.42e-06	35.0
Lygodium_japonicum_C177718	AT4G21880.1	31.818	44	30	0	173	42	501	544	1.03e-06	37.7
Lygodium_japonicum_C177718	AT4G04790.1	35.714	56	35	1	173	9	481	536	2.25e-06	36.6
Lygodium_japonicum_C177718	AT1G13630.4	26.087	46	34	0	170	33	414	459	2.61e-06	36.6
Lygodium_japonicum_C177752	AT5G65930.3	86.207	58	8	0	174	1	373	430	4.96e-31	106
Lygodium_japonicum_C177736	AT4G17810.1	85.714	28	4	0	2	85	46	73	3.74e-14	57.8
Lygodium_japonicum_C177760	AT1G13630.4	26.316	57	42	0	3	173	414	470	7.65e-06	35.0
Lygodium_japonicum_C178130	AT5G65930.3	44.186	43	23	1	130	2	939	980	4.44e-09	44.3
Lygodium_japonicum_C178504	AT4G25310.1	43.590	39	22	0	3	119	81	119	1.41e-07	40.0
Lygodium_japonicum_C178504	AT1G17010.1	47.222	36	16	1	3	101	83	118	8.57e-07	37.7
Lygodium_japonicum_C178504	AT1G78550.1	47.222	36	16	1	3	101	82	117	1.67e-06	37.0
Lygodium_japonicum_C178504	AT1G17020.1	44.118	34	16	1	3	95	82	115	2.99e-06	36.2
Lygodium_japonicum_C178504	AT4G25300.1	44.444	36	17	1	3	101	81	116	6.27e-06	35.4
Lygodium_japonicum_C178528	AT1G13630.4	30.612	49	34	0	5	151	414	462	4.12e-06	35.8
Lygodium_japonicum_C178572	AT1G13630.4	44.000	50	28	0	176	27	421	470	1.17e-11	51.6
Lygodium_japonicum_C178572	AT1G13630.4	41.818	55	32	0	176	12	456	510	6.58e-10	46.6
Lygodium_japonicum_C178572	AT1G13630.4	35.484	62	31	2	176	6	385	442	1.41e-06	37.4
Lygodium_japonicum_C178572	AT1G13630.4	32.727	55	37	0	176	12	280	334	9.63e-06	35.0
Lygodium_japonicum_C179134	AT3G61360.1	35.714	56	32	1	8	163	298	353	2.83e-06	36.2
Lygodium_japonicum_C179144	AT5G49680.2	61.538	26	10	0	96	173	2097	2122	5.18e-06	35.8
Lygodium_japonicum_C179566	AT4G02660.2	55.932	59	26	0	2	178	2994	3052	8.63e-21	77.4
Lygodium_japonicum_C179566	AT1G03060.1	55.932	59	26	0	2	178	3001	3059	1.85e-20	76.6
Lygodium_japonicum_C179136	AT2G35635.1	100.000	46	0	0	139	2	1	46	1.01e-28	94.0
Lygodium_japonicum_C179136	AT2G35635.1	67.241	58	19	0	175	2	65	122	1.23e-24	83.6
Lygodium_japonicum_C179136	AT1G31340.1	100.000	46	0	0	139	2	1	46	1.28e-28	94.0
Lygodium_japonicum_C179136	AT1G31340.1	67.241	58	19	0	175	2	65	122	1.62e-24	83.6
Lygodium_japonicum_C179136	AT1G11980.1	53.333	45	21	0	139	5	1	45	2.12e-14	55.8
Lygodium_japonicum_C180260	AT5G35410.1	48.000	50	25	1	175	26	134	182	5.25e-10	47.0
Lygodium_japonicum_C180260	AT4G24400.1	47.059	51	26	1	175	23	132	181	1.95e-09	45.4
Lygodium_japonicum_C180260	AT1G01140.3	44.231	52	26	2	175	26	142	192	3.37e-07	38.9
Lygodium_japonicum_C180260	AT2G26980.4	39.216	51	30	1	175	26	147	197	1.34e-06	37.4
Lygodium_japonicum_C180260	AT5G21326.1	41.176	51	29	1	175	26	136	186	1.71e-06	37.0
Lygodium_japonicum_C180260	AT1G30270.1	41.667	48	27	1	175	35	154	201	1.75e-06	37.0
Lygodium_japonicum_C180448	AT1G13630.4	36.364	44	28	0	8	139	514	557	4.34e-06	35.8
Lygodium_japonicum_C180752	AT4G04790.1	35.294	51	33	0	176	24	484	534	5.99e-07	38.5
Lygodium_japonicum_C180942	AT1G13630.4	40.909	44	26	0	3	134	514	557	2.70e-07	39.3
Lygodium_japonicum_C181282	AT4G21880.1	34.884	43	28	0	3	131	502	544	4.44e-06	35.8
Lygodium_japonicum_C181326	AT5G65930.3	42.553	47	25	1	170	30	949	993	7.51e-07	38.1
Lygodium_japonicum_C181354	AT1G30270.1	33.962	53	34	1	24	182	106	157	2.95e-06	36.6
Lygodium_japonicum_C181354	AT5G21326.1	34.615	52	33	1	27	182	89	139	7.35e-06	35.4
Lygodium_japonicum_C181366	AT2G47750.1	55.000	60	25	1	182	3	420	477	1.97e-19	73.6
Lygodium_japonicum_C181366	AT2G14960.1	56.667	60	26	0	182	3	414	473	2.29e-19	73.6
Lygodium_japonicum_C181366	AT4G27260.1	57.627	59	24	1	179	3	436	493	8.79e-18	68.9
Lygodium_japonicum_C181366	AT5G54510.1	57.627	59	24	1	179	3	436	493	1.52e-17	68.6
Lygodium_japonicum_C181366	AT1G59500.1	56.667	60	25	1	182	3	422	480	5.04e-17	67.0
Lygodium_japonicum_C181366	AT4G37390.1	55.000	60	26	1	182	3	428	486	5.19e-17	67.0
Lygodium_japonicum_C181366	AT2G23170.1	55.000	60	26	1	182	3	421	479	2.78e-16	64.7
Lygodium_japonicum_C181366	AT1G28130.1	50.820	61	29	1	182	3	430	490	6.62e-14	58.2
Lygodium_japonicum_C181534	AT1G13630.4	35.000	60	35	1	15	182	494	553	1.72e-06	37.0
Lygodium_japonicum_C181534	AT1G13630.4	32.812	64	39	1	3	182	525	588	3.50e-06	36.2
Lygodium_japonicum_C181686	AT4G15236.1	55.882	34	15	0	1	102	830	863	2.50e-07	39.7
Lygodium_japonicum_C181686	AT4G15236.1	41.071	56	19	1	1	168	166	207	2.21e-06	37.0
Lygodium_japonicum_C181686	AT4G15233.1	55.882	34	15	0	1	102	832	865	3.33e-07	39.3
Lygodium_japonicum_C181686	AT3G53480.1	61.538	26	10	0	1	78	890	915	2.12e-06	37.0
Lygodium_japonicum_C181686	AT2G37280.3	61.538	26	10	0	1	78	882	907	2.44e-06	36.6
Lygodium_japonicum_C181686	AT4G15215.11	41.176	51	16	1	1	153	166	202	3.37e-06	36.2
Lygodium_japonicum_C182086	AT4G21880.1	29.412	51	36	0	178	26	501	551	7.88e-06	35.4
Lygodium_japonicum_C182264	AT4G21880.1	30.612	49	34	0	18	164	496	544	6.59e-06	35.4
Lygodium_japonicum_C182754	AT3G61360.1	33.898	59	35	1	2	166	299	357	4.09e-08	41.6
Lygodium_japonicum_C182754	AT4G21880.1	36.364	44	28	0	47	178	501	544	9.11e-08	40.8
Lygodium_japonicum_C182754	AT1G13630.4	36.364	44	28	0	35	166	514	557	9.29e-07	37.7
Lygodium_japonicum_C182754	AT1G13630.4	30.233	43	30	0	38	166	410	452	9.99e-06	35.0
Lygodium_japonicum_C182754	AT4G04790.1	32.558	43	29	0	47	175	481	523	5.42e-06	35.8
Lygodium_japonicum_C182812	AT1G13630.4	28.070	57	41	0	174	4	405	461	3.94e-07	38.9
Lygodium_japonicum_C183016	AT4G21880.1	31.250	48	33	0	32	175	497	544	5.06e-06	35.8
Lygodium_japonicum_C183356	AT1G78550.1	43.478	23	13	0	108	176	211	233	8.80e-06	35.0
Lygodium_japonicum_C184266	AT4G21880.1	29.412	51	36	0	184	32	501	551	5.99e-06	35.8
Lygodium_japonicum_C185050	AT1G13630.4	37.288	59	37	0	179	3	420	478	7.14e-08	41.2
Lygodium_japonicum_C185276	AT1G13630.4	34.375	64	38	1	186	7	494	557	2.12e-08	42.7
Lygodium_japonicum_C185276	AT3G61360.1	30.508	59	37	1	177	13	297	355	6.78e-06	35.4
Lygodium_japonicum_C185302	AT4G15230.1	41.935	62	31	2	179	9	990	1051	7.80e-11	49.7
Lygodium_japonicum_C185302	AT4G15230.1	32.812	64	42	1	191	3	347	410	3.59e-08	42.0
Lygodium_japonicum_C185302	AT4G15233.1	39.683	63	33	1	179	6	982	1044	2.58e-10	48.1
Lygodium_japonicum_C185302	AT4G15233.1	34.375	64	41	1	191	3	346	409	1.21e-08	43.5
Lygodium_japonicum_C185302	AT4G15215.11	51.282	39	19	0	179	63	987	1025	5.76e-10	47.0
Lygodium_japonicum_C185302	AT4G15215.11	34.375	64	41	1	191	3	344	407	7.10e-09	43.9
Lygodium_japonicum_C185302	AT4G15236.1	40.323	62	32	1	179	9	980	1041	6.42e-10	47.0
Lygodium_japonicum_C185302	AT4G15236.1	34.375	64	41	1	191	3	344	407	1.86e-08	42.7
Lygodium_japonicum_C185302	AT2G37280.3	47.826	46	23	1	179	45	1032	1077	1.08e-09	46.2
Lygodium_japonicum_C185302	AT2G37280.3	32.812	64	42	1	191	3	374	437	4.35e-09	44.7
Lygodium_japonicum_C185302	AT3G53480.1	38.710	62	33	2	179	9	1040	1101	1.35e-09	45.8
Lygodium_japonicum_C185302	AT3G53480.1	32.812	64	42	1	191	3	380	443	1.01e-08	43.5
Lygodium_japonicum_C185550	AT5G54510.1	59.375	64	26	0	1	192	232	295	3.32e-23	84.7
Lygodium_japonicum_C185550	AT4G27260.1	56.250	64	28	0	1	192	232	295	6.35e-21	78.2
Lygodium_japonicum_C185550	AT1G28130.1	50.769	65	31	1	1	192	222	286	7.49e-21	77.8
Lygodium_japonicum_C185550	AT2G47750.1	49.231	65	32	1	1	192	218	282	2.76e-17	67.8
Lygodium_japonicum_C185550	AT2G14960.1	46.875	64	34	0	1	192	230	293	4.24e-17	67.4
Lygodium_japonicum_C185550	AT2G23170.1	43.939	66	35	2	1	192	230	295	1.70e-13	57.0
Lygodium_japonicum_C185550	AT4G37390.1	41.538	65	37	1	1	192	231	295	7.21e-13	55.5
Lygodium_japonicum_C185550	AT1G59500.1	41.538	65	37	1	1	192	229	293	1.56e-12	54.3
Lygodium_japonicum_C185886	AT2G32440.1	35.849	53	30	1	4	162	410	458	9.65e-07	38.1
Lygodium_japonicum_C185896	AT1G05160.1	40.000	45	26	1	39	173	86	129	2.79e-06	36.6
Lygodium_japonicum_C185972	AT4G21880.1	36.000	50	32	0	151	2	495	544	1.09e-08	43.5
Lygodium_japonicum_C185972	AT3G61360.1	35.714	56	32	1	181	26	298	353	1.05e-07	40.8
Lygodium_japonicum_C185972	AT4G04790.1	31.250	48	33	0	148	5	476	523	2.33e-06	37.0
Lygodium_japonicum_C185972	AT1G13630.4	33.824	68	39	2	193	2	318	383	3.89e-06	36.2
Lygodium_japonicum_C186378	AT5G65930.3	38.333	60	36	1	181	2	923	981	1.41e-08	43.1
Lygodium_japonicum_C186376	AT2G35635.1	40.385	52	29	1	29	184	1	50	8.82e-09	43.1
Lygodium_japonicum_C186376	AT1G31340.1	40.385	52	29	1	29	184	1	50	1.01e-08	42.7
Lygodium_japonicum_C186626	AT2G43770.1	30.645	62	42	1	3	185	278	339	3.07e-08	42.4
Lygodium_japonicum_C186896	AT3G61360.1	30.000	60	42	0	184	5	278	337	1.52e-08	43.1
Lygodium_japonicum_C186896	AT3G61360.1	32.727	55	37	0	166	2	214	268	1.53e-07	40.0
Lygodium_japonicum_C186896	AT1G13630.4	35.849	53	34	0	160	2	416	468	1.41e-07	40.4
Lygodium_japonicum_C186896	AT1G13630.4	37.500	56	35	0	172	5	517	572	1.72e-07	40.0
Lygodium_japonicum_C186896	AT1G13630.4	33.333	48	32	0	169	26	553	600	1.84e-07	40.0
Lygodium_japonicum_C186896	AT1G13630.4	44.737	38	21	0	166	53	308	345	2.62e-07	39.7
Lygodium_japonicum_C186896	AT1G13630.4	33.333	54	36	0	163	2	485	538	1.92e-06	37.4
Lygodium_japonicum_C186896	AT4G21880.1	29.825	57	40	0	187	17	495	551	2.93e-07	39.3
Lygodium_japonicum_C186896	AT4G04790.1	29.630	54	38	0	178	17	478	531	9.00e-06	35.4
Lygodium_japonicum_C187772	AT1G13630.4	33.333	39	26	0	178	62	414	452	8.24e-06	35.4
Lygodium_japonicum_C187858	AT1G13630.4	30.159	63	44	0	195	7	418	480	9.27e-08	40.8
Lygodium_japonicum_C187896	AT4G04790.1	40.625	64	34	2	195	4	509	568	5.98e-09	44.3
Lygodium_japonicum_C188296	AT5G35410.1	41.333	75	26	4	3	194	112	179	5.46e-10	47.4
Lygodium_japonicum_C188296	AT1G30270.1	46.296	54	27	1	33	194	150	201	1.08e-09	46.2
Lygodium_japonicum_C188296	AT2G26980.4	45.455	55	26	2	33	194	143	194	2.81e-09	45.1
Lygodium_japonicum_C188296	AT1G01140.3	44.643	56	25	2	33	194	138	189	2.90e-09	45.1
Lygodium_japonicum_C188296	AT5G21326.1	46.429	56	24	2	33	194	132	183	2.63e-08	42.4
Lygodium_japonicum_C188296	AT4G24400.1	41.071	56	25	2	33	194	128	177	1.39e-07	40.4
Lygodium_japonicum_C188990	AT1G13630.4	26.415	53	39	0	188	30	407	459	9.65e-06	35.4
Lygodium_japonicum_C189498	AT5G35410.1	37.097	62	38	1	199	14	44	104	1.41e-12	54.7
Lygodium_japonicum_C189498	AT2G26980.4	40.385	52	30	1	169	14	67	117	7.34e-11	49.7
Lygodium_japonicum_C189498	AT5G21326.1	42.308	52	29	1	169	14	56	106	2.86e-10	48.1
Lygodium_japonicum_C189498	AT4G24400.1	34.375	64	40	2	199	8	42	103	5.86e-10	47.0
Lygodium_japonicum_C189498	AT1G01140.3	38.182	55	33	1	178	14	59	112	1.21e-09	46.2
Lygodium_japonicum_C189498	AT1G30270.1	30.645	62	42	1	199	14	64	124	1.85e-09	45.8
Lygodium_japonicum_C190221	AT1G03060.1	68.657	67	20	1	200	3	3123	3189	2.71e-27	96.7
Lygodium_japonicum_C190221	AT4G02660.2	65.672	67	22	1	200	3	3116	3182	5.97e-27	95.5
Lygodium_japonicum_C190531	AT3G53480.1	43.077	65	37	0	10	204	887	951	2.68e-13	56.6
Lygodium_japonicum_C190531	AT3G53480.1	35.593	59	29	2	4	177	197	247	2.54e-06	37.0
Lygodium_japonicum_C190531	AT4G15215.11	37.313	67	42	0	4	204	832	898	1.34e-11	52.0
Lygodium_japonicum_C190531	AT4G15215.11	51.429	35	17	0	4	108	161	195	7.47e-09	44.3
Lygodium_japonicum_C190531	AT4G15230.1	37.313	67	42	0	4	204	835	901	1.48e-11	52.0
Lygodium_japonicum_C190531	AT4G15230.1	38.710	62	37	1	4	186	164	225	6.60e-08	41.6
Lygodium_japonicum_C190531	AT2G37280.3	40.000	65	39	0	10	204	879	943	3.68e-11	50.8
Lygodium_japonicum_C190531	AT2G37280.3	61.538	26	10	0	4	81	162	187	1.46e-07	40.4
Lygodium_japonicum_C190531	AT4G15236.1	37.313	67	42	0	4	204	825	891	5.23e-10	47.4
Lygodium_japonicum_C190531	AT4G15236.1	38.710	62	37	1	4	186	161	222	1.08e-06	38.1
Lygodium_japonicum_C190531	AT4G15233.1	37.313	67	42	0	4	204	827	893	7.31e-10	47.0
Lygodium_japonicum_C190703	AT4G24400.1	44.444	45	21	2	45	179	119	159	7.37e-06	35.8
Lygodium_japonicum_C190833	AT5G60100.2	86.207	29	4	0	2	88	155	183	3.95e-15	62.0
Lygodium_japonicum_C190833	AT5G02810.1	79.310	29	6	0	2	88	169	197	9.25e-13	55.1
Lygodium_japonicum_C191161	AT3G61360.1	30.508	59	37	1	173	9	298	356	4.76e-06	36.2
Lygodium_japonicum_C191161	AT4G21880.1	36.364	44	28	0	137	6	497	540	7.55e-06	35.8
Lygodium_japonicum_C191399	AT1G13630.4	37.500	40	25	0	175	56	364	403	6.08e-06	35.8
Lygodium_japonicum_C191399	AT1G13630.4	27.273	66	47	1	199	2	532	596	8.17e-06	35.4
Lygodium_japonicum_C191911	AT3G61360.1	30.357	56	35	1	173	18	298	353	7.78e-06	35.8
Lygodium_japonicum_C191699	AT2G35635.1	100.000	25	0	0	77	3	1	25	1.21e-12	53.5
Lygodium_japonicum_C191699	AT1G31340.1	100.000	25	0	0	77	3	1	25	1.38e-12	53.1
Lygodium_japonicum_C192109	AT4G24400.1	48.214	56	25	2	16	174	127	181	1.91e-11	51.6
Lygodium_japonicum_C192109	AT5G35410.1	45.283	53	27	1	16	168	129	181	8.60e-10	47.0
Lygodium_japonicum_C192109	AT1G30270.1	45.283	53	25	2	16	162	149	201	1.97e-09	45.8
Lygodium_japonicum_C192109	AT2G26980.4	43.636	55	27	2	16	168	142	196	2.56e-09	45.4
Lygodium_japonicum_C192109	AT1G01140.3	43.636	55	27	2	16	168	137	191	4.69e-09	44.7
Lygodium_japonicum_C192109	AT5G21326.1	43.636	55	27	2	16	168	131	185	7.36e-09	44.3
Lygodium_japonicum_C192281	AT4G21880.1	31.250	64	41	1	2	193	496	556	1.04e-08	43.9
Lygodium_japonicum_C192281	AT4G04790.1	31.250	64	41	1	2	193	476	536	1.31e-08	43.5
Lygodium_japonicum_C192441	AT4G15215.11	42.623	61	34	1	205	26	949	1009	5.04e-11	50.4
Lygodium_japonicum_C192441	AT4G15233.1	39.344	61	36	1	205	26	944	1004	1.75e-10	48.9
Lygodium_japonicum_C192441	AT3G53480.1	40.984	61	35	1	205	26	1002	1062	1.75e-10	48.9
Lygodium_japonicum_C192441	AT2G37280.3	39.344	61	36	1	205	26	994	1054	2.35e-10	48.5
Lygodium_japonicum_C192441	AT4G15230.1	40.984	61	35	1	205	26	952	1012	2.37e-10	48.5
Lygodium_japonicum_C192441	AT4G15236.1	37.705	61	37	1	205	26	942	1002	2.72e-10	48.1
Lygodium_japonicum_C192615	AT4G24400.1	46.341	41	19	1	33	155	119	156	1.84e-07	40.4
Lygodium_japonicum_C192615	AT5G35410.1	58.621	29	12	0	69	155	130	158	2.36e-07	40.0
Lygodium_japonicum_C192615	AT5G21326.1	50.000	32	16	0	69	164	132	163	9.88e-07	38.1
Lygodium_japonicum_C192615	AT1G30270.1	55.172	29	13	0	69	155	150	178	1.81e-06	37.4
Lygodium_japonicum_C192615	AT2G26980.4	50.000	32	16	0	69	164	143	174	1.88e-06	37.4
Lygodium_japonicum_C192615	AT1G01140.3	47.222	36	16	1	69	167	138	173	7.44e-06	35.8
Lygodium_japonicum_C192621	AT1G30270.1	52.941	34	15	1	106	8	145	178	4.52e-07	39.3
Lygodium_japonicum_C192621	AT1G01140.3	53.125	32	14	1	106	14	133	164	5.88e-07	38.9
Lygodium_japonicum_C192621	AT5G21326.1	52.941	34	15	1	106	8	127	160	1.93e-06	37.4
Lygodium_japonicum_C192621	AT5G35410.1	48.718	39	19	1	124	8	121	158	2.47e-06	37.0
Lygodium_japonicum_C192621	AT4G24400.1	43.902	41	20	1	130	8	119	156	2.98e-06	37.0
Lygodium_japonicum_C192621	AT2G26980.4	50.000	34	16	1	106	8	138	171	6.29e-06	35.8
Lygodium_japonicum_C192873	AT3G18730.1	32.787	61	40	1	2	184	1018	1077	1.61e-06	37.7
Lygodium_japonicum_C193723	AT2G01980.1	42.857	70	40	0	211	2	710	779	2.78e-14	59.7
Lygodium_japonicum_C193723	AT1G14660.1	42.424	33	19	0	211	113	708	740	4.42e-06	36.6
Lygodium_japonicum_C193995	AT5G67385.1	47.500	40	21	0	93	212	373	412	1.30e-09	46.2
Lygodium_japonicum_C193995	AT3G49970.1	45.714	35	19	0	96	200	314	348	7.79e-07	38.5
Lygodium_japonicum_C194231	AT5G60100.2	54.286	70	32	0	212	3	115	184	4.14e-23	84.7
Lygodium_japonicum_C194231	AT5G02810.1	51.429	70	34	0	212	3	129	198	1.97e-19	74.3
Lygodium_japonicum_C194271	AT3G61360.1	30.000	50	35	0	160	11	299	348	3.05e-06	37.0
Lygodium_japonicum_C194707	AT1G30270.1	84.722	72	11	0	1	216	130	201	3.10e-43	139
Lygodium_japonicum_C194707	AT2G26980.4	80.556	72	14	0	1	216	123	194	1.34e-41	134
Lygodium_japonicum_C194707	AT1G01140.3	79.167	72	15	0	1	216	118	189	3.34e-41	133
Lygodium_japonicum_C194707	AT5G21326.1	78.873	71	15	0	4	216	113	183	1.64e-39	129
Lygodium_japonicum_C194707	AT4G24400.1	75.000	72	16	1	1	216	108	177	3.03e-35	117
Lygodium_japonicum_C194707	AT5G35410.1	69.444	72	20	1	1	216	110	179	4.64e-33	112
Lygodium_japonicum_C194757	AT5G65930.3	37.313	67	36	3	206	21	843	908	1.19e-07	40.8
Lygodium_japonicum_C195636	AT1G13630.4	33.803	71	47	0	6	218	426	496	3.80e-10	48.1
Lygodium_japonicum_C195636	AT1G13630.4	33.803	71	47	0	6	218	285	355	2.62e-09	45.8
Lygodium_japonicum_C195636	AT1G13630.4	31.667	60	41	0	27	206	503	562	4.64e-08	42.0
Lygodium_japonicum_C195636	AT1G13630.4	29.167	72	51	0	3	218	319	390	4.05e-06	36.6
Lygodium_japonicum_C195636	AT1G13630.4	31.746	63	42	1	33	218	364	426	9.08e-06	35.8
Lygodium_japonicum_C195636	AT3G61360.1	37.931	58	36	0	21	194	231	288	4.24e-08	42.4
Lygodium_japonicum_C195688	AT4G21880.1	24.194	62	47	0	34	219	490	551	2.12e-06	37.4
Lygodium_japonicum_C195688	AT1G13630.4	24.615	65	48	1	4	198	533	596	6.95e-06	36.2
Lygodium_japonicum_C195688	AT4G04790.1	22.414	58	45	0	43	216	438	495	9.80e-06	35.4
Lygodium_japonicum_C196060	AT1G13630.4	30.263	76	49	1	220	5	273	348	1.06e-06	38.5
Lygodium_japonicum_C196376	AT1G13630.4	31.818	66	41	1	195	10	492	557	2.24e-06	37.4
Lygodium_japonicum_C196498	AT3G61360.1	33.333	60	36	1	46	213	298	357	7.90e-07	38.5
Lygodium_japonicum_C196498	AT1G13630.4	34.375	64	38	1	34	213	494	557	1.59e-06	37.7
Lygodium_japonicum_C196520	AT1G28130.1	42.553	47	24	1	153	22	4	50	1.53e-07	40.8
Lygodium_japonicum_C196520	AT4G27260.1	50.000	38	19	0	141	28	22	59	1.73e-07	40.4
Lygodium_japonicum_C196520	AT2G47750.1	44.444	36	20	0	132	25	12	47	3.81e-07	39.7
Lygodium_japonicum_C196520	AT2G14960.1	50.000	36	18	0	135	28	22	57	4.60e-07	39.3
Lygodium_japonicum_C196520	AT5G54510.1	40.000	45	27	0	162	28	15	59	4.74e-07	39.3
Lygodium_japonicum_C196520	AT2G23170.1	40.426	47	24	1	156	28	11	57	1.18e-06	38.1
Lygodium_japonicum_C196520	AT4G37390.1	47.222	36	19	0	135	28	23	58	1.51e-06	37.7
Lygodium_japonicum_C196520	AT1G59500.1	47.222	36	19	0	135	28	23	58	1.80e-06	37.7
Lygodium_japonicum_C196810	AT4G15230.1	37.333	75	46	1	1	222	160	234	2.70e-12	54.3
Lygodium_japonicum_C196810	AT4G15230.1	36.486	74	47	0	1	222	831	904	8.12e-10	47.4
Lygodium_japonicum_C196810	AT4G15215.11	38.667	75	45	1	1	222	157	231	4.07e-12	53.5
Lygodium_japonicum_C196810	AT4G15215.11	38.961	77	41	3	1	222	828	901	8.04e-10	47.4
Lygodium_japonicum_C196810	AT4G15236.1	37.333	75	46	1	1	222	157	231	1.47e-11	52.0
Lygodium_japonicum_C196810	AT4G15236.1	39.241	79	38	2	1	222	821	894	4.22e-11	50.8
Lygodium_japonicum_C196810	AT3G53480.1	39.189	74	45	0	1	222	881	954	2.17e-11	51.6
Lygodium_japonicum_C196810	AT3G53480.1	30.667	75	51	1	1	222	193	267	1.91e-08	43.1
Lygodium_japonicum_C196810	AT2G37280.3	39.189	74	45	0	1	222	873	946	4.61e-11	50.8
Lygodium_japonicum_C196810	AT2G37280.3	50.000	28	14	0	1	84	158	185	7.62e-06	35.8
Lygodium_japonicum_C196810	AT4G15233.1	39.241	79	38	2	1	222	823	896	6.62e-11	50.4
Lygodium_japonicum_C196810	AT4G15233.1	34.667	75	48	1	1	222	159	233	1.60e-10	49.3
Lygodium_japonicum_C196808	AT5G44190.1	57.143	49	21	0	147	1	136	184	2.97e-14	59.7
Lygodium_japonicum_C196808	AT2G20570.2	61.111	36	14	0	108	1	171	206	7.24e-12	52.8
Lygodium_japonicum_C196840	AT3G61360.1	35.088	57	33	1	33	191	297	353	1.30e-07	40.8
Lygodium_japonicum_C197450	AT1G13630.4	42.105	38	22	0	45	158	586	623	5.70e-06	36.2
Lygodium_japonicum_C198136	AT3G61360.1	32.759	58	36	1	49	213	192	249	9.27e-06	35.8
Lygodium_japonicum_C198182	AT1G13630.4	30.435	46	32	0	194	57	414	459	3.92e-06	36.6
Lygodium_japonicum_C198492	AT4G24400.1	43.137	51	26	1	158	6	119	166	2.84e-08	42.7
Lygodium_japonicum_C198492	AT1G01140.3	51.282	39	16	1	158	42	129	164	4.12e-08	42.4
Lygodium_japonicum_C198492	AT1G30270.1	48.780	41	18	1	158	36	141	178	4.89e-08	42.0
Lygodium_japonicum_C198492	AT5G35410.1	56.250	32	14	0	122	27	130	161	1.36e-07	40.8
Lygodium_japonicum_C198492	AT2G26980.4	42.222	45	23	1	161	27	133	174	6.50e-07	38.9
Lygodium_japonicum_C198492	AT5G21326.1	45.238	42	20	1	158	33	123	161	6.55e-07	38.9
Lygodium_japonicum_C198516	AT1G13630.4	35.185	54	35	0	2	163	518	571	3.62e-06	37.0
Lygodium_japonicum_C197240	AT2G35635.1	100.000	25	0	0	148	222	1	25	4.11e-12	52.4
Lygodium_japonicum_C197240	AT1G31340.1	100.000	25	0	0	148	222	1	25	4.76e-12	52.0
Lygodium_japonicum_C198880	AT1G17020.1	48.611	72	37	0	227	12	251	322	1.27e-22	82.8
Lygodium_japonicum_C198880	AT1G78550.1	43.056	72	41	0	227	12	249	320	1.14e-20	77.4
Lygodium_japonicum_C198880	AT1G17010.1	45.833	72	39	0	227	12	251	322	1.24e-20	77.4
Lygodium_japonicum_C198880	AT4G25300.1	43.056	72	41	0	227	12	249	320	2.58e-20	76.6
Lygodium_japonicum_C198880	AT4G25310.1	43.056	72	41	0	227	12	246	317	2.64e-20	76.6
Lygodium_japonicum_C199074	AT2G43770.1	37.333	75	46	1	225	1	50	123	2.66e-13	57.0
Lygodium_japonicum_C199074	AT2G43770.1	33.929	56	36	1	168	1	195	249	4.90e-08	42.4
Lygodium_japonicum_C199074	AT2G43770.1	26.829	82	52	3	225	1	219	299	1.24e-07	41.2
Lygodium_japonicum_C199074	AT4G28450.1	35.135	74	47	1	222	1	64	136	7.76e-12	53.1
Lygodium_japonicum_C199074	AT3G49180.1	28.814	59	41	1	177	1	90	147	1.25e-06	38.1
Lygodium_japonicum_C199366	AT1G13630.4	31.579	57	39	0	192	22	409	465	9.23e-07	38.5
Lygodium_japonicum_C199400	AT4G24400.1	31.944	72	39	1	231	16	119	180	1.15e-08	43.9
Lygodium_japonicum_C199400	AT1G01140.3	30.667	75	40	2	231	13	129	193	1.16e-07	41.2
Lygodium_japonicum_C199400	AT5G21326.1	30.667	75	40	3	231	13	123	187	3.18e-07	40.0
Lygodium_japonicum_C199400	AT2G26980.4	29.333	75	41	2	231	13	134	198	4.20e-07	39.7
Lygodium_japonicum_C199400	AT1G30270.1	28.000	75	42	2	231	13	141	205	1.57e-06	38.1
Lygodium_japonicum_C199400	AT5G35410.1	28.986	69	39	1	222	16	124	182	2.48e-06	37.4
Lygodium_japonicum_C199540	AT4G04790.1	33.824	68	41	2	9	212	481	544	1.67e-07	40.8
Lygodium_japonicum_C199540	AT1G13630.4	35.185	54	35	0	3	164	340	393	6.71e-06	36.2
Lygodium_japonicum_C199594	AT4G02660.2	43.421	76	41	1	229	2	2987	3060	7.93e-17	67.0
Lygodium_japonicum_C199594	AT1G03060.1	42.105	76	42	1	229	2	2994	3067	3.05e-15	62.8
Lygodium_japonicum_C200136	AT3G53480.1	66.234	77	26	0	2	232	933	1009	3.76e-35	119
Lygodium_japonicum_C200136	AT2G37280.3	66.234	77	26	0	2	232	925	1001	1.41e-34	117
Lygodium_japonicum_C200136	AT4G15233.1	62.338	77	29	0	2	232	875	951	3.29e-32	110
Lygodium_japonicum_C200136	AT4G15215.11	63.636	77	28	0	2	232	880	956	7.67e-32	110
Lygodium_japonicum_C200136	AT4G15236.1	59.740	77	31	0	2	232	873	949	5.57e-31	107
Lygodium_japonicum_C200136	AT4G15230.1	62.338	77	29	0	2	232	883	959	6.14e-31	107
Lygodium_japonicum_C200188	AT4G21880.1	31.343	67	40	2	26	226	483	543	4.78e-07	39.7
Lygodium_japonicum_C200188	AT4G04790.1	29.412	68	42	2	26	229	463	524	5.32e-07	39.3
Lygodium_japonicum_C200188	AT1G13630.4	28.947	76	50	1	8	223	519	594	1.52e-06	38.1
Lygodium_japonicum_C200188	AT1G13630.4	37.500	40	25	0	86	205	514	553	2.82e-06	37.4
Lygodium_japonicum_C200410	AT1G13630.4	22.078	77	60	0	3	233	414	490	1.41e-06	38.1
Lygodium_japonicum_C200458	AT4G04790.1	31.884	69	44	1	3	209	482	547	7.46e-06	36.2
Lygodium_japonicum_C200602	AT4G24400.1	41.935	62	31	2	49	234	119	175	3.34e-09	45.4
Lygodium_japonicum_C200602	AT5G35410.1	41.818	55	29	2	73	234	125	177	6.18e-08	42.0
Lygodium_japonicum_C200602	AT1G30270.1	39.394	66	29	3	49	234	141	199	3.93e-07	39.7
Lygodium_japonicum_C200602	AT1G01140.3	37.879	66	30	3	49	234	129	187	1.15e-06	38.5
Lygodium_japonicum_C200602	AT2G26980.4	35.484	62	37	1	49	234	134	192	9.04e-06	35.8
Lygodium_japonicum_C200692	AT1G28130.1	52.381	63	30	0	24	212	185	247	8.62e-22	81.3
Lygodium_japonicum_C200692	AT2G47750.1	52.381	63	30	0	24	212	181	243	5.92e-21	79.0
Lygodium_japonicum_C200692	AT4G27260.1	51.562	64	31	0	21	212	194	257	1.12e-20	78.2
Lygodium_japonicum_C200692	AT5G54510.1	48.438	64	33	0	21	212	194	257	4.87e-20	76.3
Lygodium_japonicum_C200692	AT4G37390.1	49.206	63	32	0	24	212	194	256	1.14e-19	75.1
Lygodium_japonicum_C200692	AT2G23170.1	47.619	63	33	0	24	212	193	255	6.68e-18	70.1
Lygodium_japonicum_C200692	AT1G59500.1	46.032	63	34	0	24	212	192	254	1.10e-17	69.7
Lygodium_japonicum_C200692	AT2G14960.1	44.444	63	35	0	24	212	193	255	8.03e-16	64.3
Lygodium_japonicum_C200916	AT1G13630.4	25.316	79	53	2	8	235	541	616	7.67e-06	36.2
Lygodium_japonicum_C200924	AT4G21880.1	34.000	50	33	0	36	185	495	544	9.71e-06	35.8
Lygodium_japonicum_C201006	AT4G15236.1	38.095	63	39	0	225	37	873	935	7.52e-10	47.4
Lygodium_japonicum_C201006	AT4G15236.1	27.885	104	44	2	219	1	212	315	8.42e-06	36.2
Lygodium_japonicum_C201006	AT4G15233.1	38.095	63	39	0	225	37	875	937	2.34e-09	46.2
Lygodium_japonicum_C201006	AT4G15233.1	27.885	104	44	2	219	1	214	317	5.10e-06	36.6
Lygodium_japonicum_C201006	AT2G37280.3	34.921	63	41	0	225	37	925	987	1.17e-08	44.3
Lygodium_japonicum_C201006	AT4G15215.11	36.508	63	40	0	225	37	880	942	1.18e-08	44.3
Lygodium_japonicum_C201006	AT4G15230.1	36.508	63	40	0	225	37	883	945	1.29e-08	43.9
Lygodium_japonicum_C201006	AT4G15230.1	29.412	102	41	2	219	7	215	316	9.02e-06	35.8
Lygodium_japonicum_C201006	AT3G53480.1	32.394	71	48	0	225	13	933	1003	4.79e-08	42.4
Lygodium_japonicum_C201030	AT4G15230.1	29.487	78	26	1	236	3	1290	1338	1.34e-07	41.2
Lygodium_japonicum_C201030	AT3G53480.1	29.487	78	26	1	236	3	1340	1388	4.72e-06	36.6
Lygodium_japonicum_C201090	AT5G21326.1	26.316	76	54	1	2	229	65	138	3.05e-07	40.0
Lygodium_japonicum_C201090	AT2G26980.4	27.273	77	52	2	2	229	76	149	3.58e-07	39.7
Lygodium_japonicum_C201090	AT1G30270.1	25.000	76	55	1	2	229	83	156	2.21e-06	37.7
Lygodium_japonicum_C201090	AT1G01140.3	26.316	76	54	1	2	229	71	144	8.52e-06	35.8
Lygodium_japonicum_C201224	AT1G13630.4	29.167	72	51	0	229	14	478	549	1.03e-06	38.5
Lygodium_japonicum_C201224	AT1G13630.4	18.667	75	61	0	232	8	664	738	3.46e-06	37.0
Lygodium_japonicum_C201214	AT4G04790.1	26.923	78	52	2	236	3	481	553	2.22e-06	37.7
Lygodium_japonicum_C201214	AT1G13630.4	24.242	66	50	0	233	36	414	479	9.61e-06	35.8
Lygodium_japonicum_C201386	AT1G31340.1	37.255	51	32	0	224	72	22	72	2.61e-07	39.7
Lygodium_japonicum_C201386	AT1G31340.1	38.776	49	30	0	224	78	98	146	1.67e-06	37.4
Lygodium_japonicum_C201386	AT2G35635.1	37.255	51	32	0	224	72	22	72	2.78e-07	39.7
Lygodium_japonicum_C201386	AT2G35635.1	38.776	49	30	0	224	78	98	146	1.75e-06	37.4
Lygodium_japonicum_C201703	AT2G26980.4	60.938	64	23	1	54	239	16	79	1.97e-21	80.1
Lygodium_japonicum_C201703	AT1G01140.3	61.667	60	21	1	66	239	15	74	3.75e-18	70.9
Lygodium_japonicum_C201703	AT4G24400.1	53.968	63	27	1	57	239	2	64	8.18e-18	70.1
Lygodium_japonicum_C201703	AT1G30270.1	61.017	59	21	1	69	239	28	86	9.92e-18	69.7
Lygodium_japonicum_C201703	AT5G21326.1	59.016	61	23	1	63	239	8	68	2.51e-17	68.6
Lygodium_japonicum_C201703	AT5G35410.1	55.738	61	25	1	63	239	6	66	1.51e-16	66.6
Lygodium_japonicum_C201701	AT1G13630.4	39.286	56	34	0	235	68	427	482	2.86e-09	45.8
Lygodium_japonicum_C201701	AT1G13630.4	32.759	58	39	0	229	56	323	380	7.31e-08	42.0
Lygodium_japonicum_C201701	AT1G13630.4	31.148	61	41	1	235	56	391	451	2.42e-06	37.7
Lygodium_japonicum_C201701	AT1G13630.4	32.258	62	42	0	235	50	286	347	3.49e-06	37.0
Lygodium_japonicum_C201701	AT1G13630.4	32.759	58	39	0	229	56	569	626	3.92e-06	37.0
Lygodium_japonicum_C201701	AT3G61360.1	30.909	55	38	0	229	65	299	353	9.02e-08	41.6
Lygodium_japonicum_C201701	AT3G61360.1	33.824	68	35	2	229	44	334	397	5.53e-07	39.3
Lygodium_japonicum_C202175	AT1G13630.4	38.710	62	34	1	238	65	492	553	2.22e-09	46.2
Lygodium_japonicum_C202175	AT1G13630.4	27.586	58	42	0	196	23	405	462	2.21e-07	40.4
Lygodium_japonicum_C202175	AT1G13630.4	31.579	76	48	1	232	17	318	393	6.58e-07	39.3
Lygodium_japonicum_C202175	AT1G13630.4	29.412	68	44	1	238	47	562	629	7.64e-06	36.2
Lygodium_japonicum_C202175	AT3G61360.1	35.714	56	32	1	220	65	298	353	1.55e-07	40.8
Lygodium_japonicum_C202175	AT4G21880.1	32.727	55	37	0	184	20	497	551	5.25e-07	39.3
Lygodium_japonicum_C202175	AT4G04790.1	31.034	58	40	0	184	11	477	534	1.37e-06	38.1
Lygodium_japonicum_C202511	AT1G30270.1	37.838	74	42	1	20	241	213	282	1.42e-10	49.7
Lygodium_japonicum_C202511	AT1G01140.3	40.000	75	41	1	17	241	200	270	2.05e-10	49.3
Lygodium_japonicum_C202511	AT2G26980.4	35.135	74	44	1	20	241	206	275	2.00e-08	43.5
Lygodium_japonicum_C202511	AT5G21326.1	34.247	73	44	1	20	238	195	263	3.66e-08	42.7
Lygodium_japonicum_C202511	AT4G24400.1	36.111	72	42	1	20	235	189	256	4.20e-08	42.7
Lygodium_japonicum_C202511	AT5G35410.1	37.143	70	34	3	17	217	190	252	3.81e-07	40.0
Lygodium_japonicum_C202757	AT4G21880.1	30.000	60	39	1	241	62	502	558	4.23e-06	37.0
Lygodium_japonicum_C202825	AT4G27260.1	56.140	57	24	1	1	171	553	608	2.36e-17	68.9
Lygodium_japonicum_C202825	AT5G54510.1	54.386	57	25	1	1	171	553	608	1.85e-16	66.2
Lygodium_japonicum_C202825	AT1G28130.1	56.604	53	22	1	1	159	553	604	4.07e-15	62.4
Lygodium_japonicum_C202825	AT2G14960.1	46.552	58	30	1	1	174	534	590	5.20e-13	56.6
Lygodium_japonicum_C202825	AT4G37390.1	48.148	54	27	1	1	162	548	600	1.40e-12	55.5
Lygodium_japonicum_C202825	AT2G23170.1	48.148	54	27	1	1	162	540	592	1.73e-12	55.1
Lygodium_japonicum_C202825	AT2G47750.1	48.148	54	26	2	1	159	533	585	2.68e-12	54.7
Lygodium_japonicum_C202825	AT1G59500.1	45.283	53	28	1	1	159	542	593	3.09e-11	51.6
Lygodium_japonicum_C203323	AT3G61360.1	32.143	56	34	1	70	225	298	353	1.54e-06	38.1
Lygodium_japonicum_C203565	AT1G13630.4	27.500	80	57	1	244	5	518	596	1.36e-07	41.2
Lygodium_japonicum_C203565	AT1G13630.4	30.435	46	32	0	241	104	414	459	9.61e-06	35.8
Lygodium_japonicum_C203653	AT4G04790.1	35.526	76	45	2	230	3	497	568	7.58e-07	39.3
Lygodium_japonicum_C203653	AT4G21880.1	30.263	76	49	2	230	3	517	588	1.83e-06	38.1
Lygodium_japonicum_C203881	AT5G35410.1	48.052	77	39	1	2	232	125	200	4.37e-18	70.9
Lygodium_japonicum_C203881	AT2G26980.4	47.436	78	40	1	2	232	138	215	1.94e-17	68.9
Lygodium_japonicum_C203881	AT4G24400.1	47.436	78	38	2	2	232	123	198	3.41e-17	68.6
Lygodium_japonicum_C203881	AT5G21326.1	46.154	78	41	1	2	232	127	204	4.13e-17	68.2
Lygodium_japonicum_C203881	AT1G01140.3	44.872	78	42	1	2	232	133	210	1.40e-16	66.6
Lygodium_japonicum_C203881	AT1G30270.1	44.872	78	42	1	2	232	145	222	3.43e-16	65.5
Lygodium_japonicum_C203963	AT1G13630.4	30.137	73	51	0	247	29	432	504	5.29e-10	48.1
Lygodium_japonicum_C203963	AT1G13630.4	27.907	86	50	1	241	20	609	694	3.53e-09	45.8
Lygodium_japonicum_C203963	AT1G13630.4	32.530	83	55	1	247	2	396	478	8.52e-09	44.7
Lygodium_japonicum_C203963	AT1G13630.4	30.952	84	55	2	247	2	361	443	4.82e-08	42.4
Lygodium_japonicum_C203963	AT1G13630.4	28.333	60	43	0	247	68	537	596	5.36e-07	39.7
Lygodium_japonicum_C203963	AT1G13630.4	28.169	71	51	0	214	2	267	337	1.23e-06	38.5
Lygodium_japonicum_C203963	AT1G13630.4	29.577	71	50	0	244	32	655	725	1.96e-06	38.1
Lygodium_japonicum_C203963	AT3G61360.1	30.488	82	57	0	247	2	267	348	4.69e-08	42.4
Lygodium_japonicum_C203963	AT3G61360.1	32.099	81	55	0	244	2	233	313	4.97e-07	39.7
Lygodium_japonicum_C203983	AT1G13630.4	30.769	78	51	2	235	5	524	599	2.05e-06	37.7
Lygodium_japonicum_C204167	AT4G21880.1	28.049	82	55	1	1	246	501	578	1.38e-09	47.0
Lygodium_japonicum_C204167	AT1G13630.4	32.609	46	31	0	4	141	414	459	2.20e-06	37.7
Lygodium_japonicum_C204167	AT4G04790.1	23.750	80	57	1	1	240	481	556	8.43e-06	36.2
Lygodium_japonicum_C204227	AT4G00730.1	48.684	76	37	2	19	240	556	631	4.56e-18	70.9
Lygodium_japonicum_C204227	AT3G61150.1	40.000	85	46	2	1	240	543	627	1.53e-16	66.6
Lygodium_japonicum_C204269	AT5G56290.1	30.435	69	48	0	215	9	604	672	8.64e-09	44.7
Lygodium_japonicum_C204277	AT4G21880.1	31.034	58	40	0	179	6	497	554	2.55e-06	37.7
Lygodium_japonicum_C204443	AT3G61360.1	27.273	77	52	1	2	220	277	353	6.67e-07	39.3
Lygodium_japonicum_C204597	AT4G21880.1	28.395	81	55	1	244	2	510	587	7.72e-08	42.0
Lygodium_japonicum_C204825	AT1G13630.4	24.691	81	60	1	4	246	408	487	1.45e-07	41.2
Lygodium_japonicum_C205217	AT4G21880.1	33.735	83	51	2	250	2	501	579	3.12e-10	48.9
Lygodium_japonicum_C205217	AT4G04790.1	30.769	78	45	2	250	17	481	549	1.47e-07	41.2
Lygodium_japonicum_C205217	AT1G13630.4	32.530	83	55	1	250	2	518	599	2.40e-07	40.4
Lygodium_japonicum_C205217	AT1G13630.4	25.000	80	60	0	247	8	414	493	1.68e-06	38.1
Lygodium_japonicum_C205331	AT5G58100.1	53.012	83	39	0	3	251	187	269	2.17e-26	94.7
Lygodium_japonicum_C205419	AT1G13630.4	36.000	75	43	2	238	29	494	568	6.30e-07	39.3
Lygodium_japonicum_C205419	AT1G13630.4	28.571	70	46	1	250	53	560	629	2.90e-06	37.7
Lygodium_japonicum_C205419	AT3G61360.1	32.143	56	34	1	226	71	298	353	5.82e-06	36.6
Lygodium_japonicum_C205419	AT4G21880.1	28.571	49	35	0	193	47	496	544	6.36e-06	36.6
Lygodium_japonicum_C205461	AT1G13630.4	31.507	73	48	2	27	242	365	436	4.66e-07	39.7
Lygodium_japonicum_C205889	AT3G61360.1	32.000	75	48	1	217	2	171	245	1.05e-07	41.6
Lygodium_japonicum_C205889	AT1G13630.4	32.051	78	49	1	229	8	541	618	3.43e-07	40.0
Lygodium_japonicum_C205889	AT1G13630.4	32.203	59	36	1	235	71	504	562	5.71e-06	36.6
Lygodium_japonicum_C205911	AT1G13630.4	30.864	81	52	1	25	255	494	574	7.17e-09	45.1
Lygodium_japonicum_C206297	AT3G19820.1	60.714	84	33	0	3	254	415	498	1.23e-36	123
Lygodium_japonicum_C206383	AT5G56290.1	45.902	61	32	1	3	185	15	74	2.54e-10	48.9
Lygodium_japonicum_C206461	AT1G13630.4	21.333	75	59	0	227	3	405	479	9.10e-07	38.9
Lygodium_japonicum_C206481	AT5G64940.1	43.590	78	37	2	24	236	205	282	7.53e-14	59.3
Lygodium_japonicum_C206623	AT4G04790.1	31.579	76	48	2	242	15	497	568	1.98e-08	43.9
Lygodium_japonicum_C206623	AT4G21880.1	30.263	76	49	2	242	15	517	588	1.31e-06	38.5
Lygodium_japonicum_C206623	AT1G13630.4	30.000	70	48	1	248	39	532	600	6.91e-06	36.6
Lygodium_japonicum_C206729	AT1G13630.4	27.586	87	59	1	5	253	414	500	1.47e-06	38.5
Lygodium_japonicum_C206729	AT1G13630.4	30.682	88	56	2	2	253	484	570	2.57e-06	37.7
Lygodium_japonicum_C207341	AT5G35410.1	29.070	86	57	2	1	255	60	142	1.49e-08	44.3
Lygodium_japonicum_C207341	AT4G24400.1	28.235	85	59	1	1	255	58	140	6.91e-08	42.4
Lygodium_japonicum_C207341	AT1G01140.3	29.412	85	58	1	1	255	68	150	1.69e-07	41.2
Lygodium_japonicum_C207341	AT1G30270.1	27.059	85	60	1	1	255	80	162	3.97e-07	40.0
Lygodium_japonicum_C207341	AT2G26980.4	25.882	85	61	1	1	255	73	155	1.04e-06	38.9
Lygodium_japonicum_C207341	AT5G21326.1	26.744	86	59	2	1	255	62	144	2.48e-06	37.7
Lygodium_japonicum_C207389	AT2G26980.4	32.530	83	49	3	259	14	98	174	7.32e-07	39.3
Lygodium_japonicum_C207389	AT1G30270.1	31.325	83	50	3	259	14	105	181	1.07e-06	38.9
Lygodium_japonicum_C207389	AT4G24400.1	30.120	83	51	3	259	14	83	159	4.43e-06	37.0
Lygodium_japonicum_C207611	AT1G13630.4	28.421	95	56	1	3	251	580	674	2.01e-11	52.4
Lygodium_japonicum_C207611	AT1G13630.4	31.395	86	59	0	3	260	510	595	9.27e-10	47.8
Lygodium_japonicum_C207611	AT1G13630.4	27.059	85	62	0	6	260	265	349	1.15e-07	41.6
Lygodium_japonicum_C207611	AT1G13630.4	29.167	96	56	2	3	254	615	710	2.17e-07	40.8
Lygodium_japonicum_C207611	AT1G13630.4	28.916	83	59	0	3	251	299	381	3.51e-07	40.4
Lygodium_japonicum_C207611	AT1G13630.4	25.581	86	64	0	3	260	662	747	6.70e-07	39.7
Lygodium_japonicum_C207857	AT1G13630.4	33.735	83	54	1	263	15	518	599	5.07e-12	53.9
Lygodium_japonicum_C207857	AT1G13630.4	27.500	80	58	0	260	21	414	493	4.23e-08	42.7
Lygodium_japonicum_C207857	AT1G13630.4	31.325	83	57	0	263	15	342	424	4.25e-07	40.0
Lygodium_japonicum_C207857	AT4G21880.1	31.034	87	56	2	263	3	501	583	4.73e-09	45.4
Lygodium_japonicum_C207857	AT4G04790.1	28.736	87	58	1	263	3	481	563	2.35e-08	43.5
Lygodium_japonicum_C207909	AT1G13630.4	29.268	82	58	0	258	13	300	381	9.90e-10	47.4
Lygodium_japonicum_C207909	AT1G13630.4	31.325	83	57	0	258	10	441	523	1.83e-09	46.6
Lygodium_japonicum_C207909	AT1G13630.4	29.787	94	54	2	258	13	581	674	2.09e-08	43.9
Lygodium_japonicum_C207909	AT1G13630.4	23.457	81	62	0	261	19	264	344	4.60e-07	40.0
Lygodium_japonicum_C207909	AT1G13630.4	26.667	75	55	0	249	25	409	483	1.05e-06	38.9
Lygodium_japonicum_C207909	AT1G13630.4	27.711	83	59	1	258	13	370	452	1.09e-06	38.9
Lygodium_japonicum_C207909	AT1G13630.4	25.000	112	49	2	249	19	514	625	1.42e-06	38.5
Lygodium_japonicum_C207909	AT1G13630.4	28.378	74	53	0	258	37	335	408	6.21e-06	37.0
Lygodium_japonicum_C207909	AT4G21880.1	25.581	86	64	0	258	1	459	544	2.75e-08	43.5
Lygodium_japonicum_C207909	AT4G21880.1	27.273	77	50	2	261	31	528	598	1.25e-06	38.9
Lygodium_japonicum_C207909	AT3G61360.1	30.263	76	53	0	249	22	279	354	2.18e-07	40.8
Lygodium_japonicum_C207909	AT4G04790.1	21.687	83	65	0	258	10	439	521	9.57e-07	38.9
Lygodium_japonicum_C208199	AT3G53480.1	75.610	82	20	0	248	3	841	922	1.48e-41	138
Lygodium_japonicum_C208199	AT3G53480.1	38.462	39	24	0	155	39	184	222	4.12e-06	37.4
Lygodium_japonicum_C208199	AT2G37280.3	74.390	82	21	0	248	3	833	914	2.22e-40	134
Lygodium_japonicum_C208199	AT2G37280.3	43.590	39	22	0	155	39	149	187	6.93e-07	39.7
Lygodium_japonicum_C208199	AT4G15233.1	62.025	79	22	1	242	6	793	863	1.72e-29	103
Lygodium_japonicum_C208199	AT4G15233.1	42.105	38	22	0	149	36	152	189	8.68e-07	39.3
Lygodium_japonicum_C208199	AT4G15236.1	60.759	79	23	1	242	6	791	861	1.88e-28	100
Lygodium_japonicum_C208199	AT4G15236.1	45.000	40	22	0	155	36	148	187	3.72e-08	43.1
Lygodium_japonicum_C208199	AT4G15230.1	58.537	82	26	2	248	3	799	872	1.17e-27	98.6
Lygodium_japonicum_C208199	AT4G15230.1	43.137	51	24	1	155	18	151	201	8.89e-10	47.8
Lygodium_japonicum_C208199	AT4G15215.11	59.756	82	25	2	248	3	796	869	1.22e-27	98.6
Lygodium_japonicum_C208199	AT4G15215.11	45.098	51	23	1	155	18	148	198	2.65e-10	49.3
Lygodium_japonicum_C208319	AT1G13630.4	30.000	60	42	0	233	54	412	471	6.94e-07	39.7
Lygodium_japonicum_C208385	AT5G61390.1	51.852	54	24	1	163	2	8	59	6.50e-14	59.3
Lygodium_japonicum_C208385	AT5G07710.1	53.333	45	20	1	136	2	8	51	2.57e-11	52.0
Lygodium_japonicum_C208385	AT1G74390.1	48.889	45	23	0	136	2	12	56	7.71e-11	50.8
Lygodium_japonicum_C208423	AT1G01140.3	33.333	84	50	4	240	4	132	214	2.47e-10	49.3
Lygodium_japonicum_C208423	AT5G21326.1	32.143	84	51	4	240	4	126	208	4.51e-10	48.5
Lygodium_japonicum_C208423	AT4G24400.1	37.209	86	48	5	264	16	116	198	8.60e-10	47.8
Lygodium_japonicum_C208423	AT1G30270.1	30.952	84	52	4	240	4	144	226	1.24e-09	47.4
Lygodium_japonicum_C208423	AT5G35410.1	34.177	79	48	4	240	13	124	201	2.62e-09	46.2
Lygodium_japonicum_C208423	AT2G26980.4	33.750	80	47	4	240	16	137	215	9.25e-09	44.7
Lygodium_japonicum_C208507	AT1G13630.4	32.184	87	57	2	8	265	537	622	1.00e-08	44.7
Lygodium_japonicum_C208551	AT1G13630.4	28.571	77	54	1	33	263	514	589	4.36e-07	40.0
Lygodium_japonicum_C208551	AT1G13630.4	26.415	53	39	0	27	185	407	459	7.59e-06	36.6
Lygodium_japonicum_C208727	AT2G22010.2	47.126	87	46	0	6	266	417	503	3.57e-22	82.8
Lygodium_japonicum_C208789	AT1G13630.4	25.000	92	65	1	3	266	532	623	1.07e-06	38.9
Lygodium_japonicum_C209632	AT4G04790.1	26.250	80	55	2	29	268	481	556	2.04e-06	38.1
Lygodium_japonicum_C209632	AT4G21880.1	29.412	51	36	0	29	181	501	551	2.97e-06	37.7
Lygodium_japonicum_C209930	AT2G01980.1	63.333	90	33	0	271	2	625	714	1.54e-26	95.5
Lygodium_japonicum_C209930	AT1G14660.1	61.111	90	35	0	271	2	623	712	2.07e-25	92.4
Lygodium_japonicum_C210014	AT5G53480.1	60.000	90	32	1	2	271	75	160	7.18e-30	105
Lygodium_japonicum_C210014	AT3G08943.1	58.889	90	35	1	2	271	75	162	1.29e-29	104
Lygodium_japonicum_C210460	AT1G13630.4	40.741	54	32	0	244	83	409	462	2.50e-11	52.4
Lygodium_japonicum_C210460	AT1G13630.4	29.630	81	56	1	244	2	514	593	5.62e-10	48.5
Lygodium_japonicum_C210460	AT1G13630.4	26.829	82	53	2	244	8	549	626	7.08e-07	39.7
Lygodium_japonicum_C210460	AT1G13630.4	38.462	52	32	0	238	83	340	391	1.45e-06	38.9
Lygodium_japonicum_C210460	AT1G13630.4	28.814	59	41	1	244	68	584	641	3.22e-06	37.7
Lygodium_japonicum_C210460	AT4G04790.1	29.545	88	56	3	265	2	472	553	1.56e-09	47.0
Lygodium_japonicum_C210460	AT4G21880.1	33.333	54	34	1	265	104	492	543	1.59e-08	44.3
Lygodium_japonicum_C210460	AT3G61360.1	33.333	54	32	1	274	125	300	353	7.63e-07	39.7
Lygodium_japonicum_C210520	AT5G54510.1	48.387	31	16	0	262	170	580	610	1.19e-07	42.0
Lygodium_japonicum_C210520	AT4G27260.1	48.387	31	16	0	262	170	580	610	1.92e-07	41.2
Lygodium_japonicum_C210520	AT4G37390.1	46.667	30	16	0	268	179	573	602	5.20e-06	37.0
Lygodium_japonicum_C210520	AT1G59500.1	46.667	30	16	0	268	179	567	596	5.85e-06	37.0
Lygodium_japonicum_C210516	AT1G13630.4	29.412	85	48	3	6	242	557	635	6.95e-07	39.7
Lygodium_japonicum_C210516	AT1G13630.4	34.328	67	38	2	6	188	487	553	1.12e-06	38.9
Lygodium_japonicum_C210516	AT1G13630.4	34.328	67	44	0	72	272	304	370	2.10e-06	38.1
Lygodium_japonicum_C210710	AT3G53480.1	43.333	90	50	1	270	1	990	1078	1.19e-22	84.7
Lygodium_japonicum_C210710	AT3G53480.1	39.560	91	55	0	273	1	333	423	4.41e-22	82.8
Lygodium_japonicum_C210710	AT4G15215.11	43.333	90	50	1	270	1	937	1025	1.57e-22	84.3
Lygodium_japonicum_C210710	AT4G15215.11	41.304	92	52	2	273	1	297	387	1.50e-19	75.9
Lygodium_japonicum_C210710	AT4G15236.1	41.111	90	52	1	270	1	930	1018	3.92e-22	83.2
Lygodium_japonicum_C210710	AT4G15236.1	40.217	92	53	2	273	1	297	387	6.28e-21	79.7
Lygodium_japonicum_C210710	AT2G37280.3	41.111	90	52	1	270	1	982	1070	5.80e-22	82.4
Lygodium_japonicum_C210710	AT2G37280.3	39.560	91	55	0	273	1	327	417	8.31e-22	82.0
Lygodium_japonicum_C210710	AT4G15233.1	40.000	90	53	1	270	1	932	1020	2.62e-21	80.9
Lygodium_japonicum_C210710	AT4G15233.1	40.217	92	53	2	273	1	299	389	6.29e-21	79.7
Lygodium_japonicum_C210710	AT4G15230.1	41.111	90	52	1	270	1	940	1028	3.31e-21	80.5
Lygodium_japonicum_C210710	AT4G15230.1	41.304	92	52	2	273	1	300	390	7.42e-21	79.3
Lygodium_japonicum_C210784	AT1G13630.4	35.165	91	57	2	272	3	511	600	3.52e-09	46.2
Lygodium_japonicum_C210906	AT4G21880.1	27.778	90	62	2	277	8	505	591	1.85e-08	44.3
Lygodium_japonicum_C210906	AT1G13630.4	32.584	89	55	3	277	23	522	609	1.09e-06	39.3
Lygodium_japonicum_C211326	AT3G17920.1	41.250	80	43	3	236	3	191	268	7.79e-06	36.6
Lygodium_japonicum_C211326	AT1G48540.1	40.000	80	44	3	236	3	191	268	8.03e-06	36.6
Lygodium_japonicum_C211338	AT1G13630.4	28.723	94	61	3	5	271	531	623	2.06e-06	38.5
Lygodium_japonicum_C211496	AT1G03060.1	28.000	100	61	3	10	279	2878	2976	4.06e-07	40.4
Lygodium_japonicum_C211496	AT4G02660.2	26.531	98	61	3	16	279	2873	2969	1.49e-06	38.9
Lygodium_japonicum_C211514	AT4G15215.11	42.000	50	28	1	117	263	932	981	2.19e-07	41.2
Lygodium_japonicum_C211514	AT3G53480.1	45.455	44	23	1	135	263	991	1034	5.48e-07	40.0
Lygodium_japonicum_C211514	AT2G37280.3	46.341	41	21	1	144	263	986	1026	8.50e-07	39.3
Lygodium_japonicum_C211514	AT4G15230.1	43.182	44	24	1	135	263	941	984	2.77e-06	38.1
Lygodium_japonicum_C211514	AT4G15233.1	43.902	41	22	1	144	263	936	976	2.82e-06	38.1
Lygodium_japonicum_C211514	AT4G15236.1	38.636	44	26	1	135	263	931	974	2.88e-06	38.1
Lygodium_japonicum_C211942	AT1G13630.4	32.857	70	43	2	244	35	585	650	5.14e-06	37.4
Lygodium_japonicum_C212248	AT4G15233.1	50.575	87	43	0	263	3	1118	1204	4.75e-28	100
Lygodium_japonicum_C212248	AT3G53480.1	41.935	93	54	0	281	3	1170	1262	1.75e-27	98.2
Lygodium_japonicum_C212248	AT4G15236.1	50.575	87	43	0	263	3	1116	1202	1.98e-27	98.2
Lygodium_japonicum_C212248	AT4G15230.1	46.237	93	50	0	281	3	1120	1212	1.23e-26	95.9
Lygodium_japonicum_C212248	AT2G37280.3	42.529	87	50	0	263	3	1168	1254	9.98e-26	93.2
Lygodium_japonicum_C212248	AT4G15215.11	47.312	93	49	0	281	3	1117	1209	1.09e-25	93.2
Lygodium_japonicum_C212386	AT4G24400.1	40.678	59	33	2	18	191	147	204	3.85e-09	46.2
Lygodium_japonicum_C212386	AT5G35410.1	40.678	59	33	2	18	191	149	206	6.65e-09	45.4
Lygodium_japonicum_C212386	AT2G26980.4	34.483	87	53	3	18	269	162	247	6.10e-08	42.7
Lygodium_japonicum_C212386	AT1G30270.1	28.571	91	58	3	18	284	169	254	1.18e-07	42.0
Lygodium_japonicum_C212386	AT1G01140.3	37.500	64	34	3	12	191	155	216	7.35e-07	39.7
Lygodium_japonicum_C212386	AT5G21326.1	28.571	91	58	3	18	284	151	236	2.56e-06	38.1
Lygodium_japonicum_C212526	AT4G04790.1	25.000	84	59	1	254	3	477	556	4.03e-07	40.4
Lygodium_japonicum_C212526	AT4G21880.1	25.000	84	59	1	254	3	497	576	2.96e-06	38.1
Lygodium_japonicum_C212548	AT4G21880.1	27.586	87	60	1	25	285	501	584	1.31e-08	44.7
Lygodium_japonicum_C212548	AT1G13630.4	29.310	58	41	0	28	201	414	471	4.74e-06	37.4
Lygodium_japonicum_C212766	AT1G13630.4	29.412	85	57	2	30	281	514	596	5.69e-06	37.4
Lygodium_japonicum_C212728	AT1G13630.4	30.588	85	57	1	26	280	514	596	1.90e-07	41.2
Lygodium_japonicum_C212728	AT4G04790.1	28.395	81	53	2	38	280	481	556	8.90e-06	36.6
Lygodium_japonicum_C212776	AT1G13630.4	30.556	72	44	2	256	44	584	650	5.07e-06	37.4
Lygodium_japonicum_C212980	AT5G09670.1	75.258	97	22	2	2	286	213	309	3.70e-41	135
Lygodium_japonicum_C212980	AT5G09670.1	61.053	95	34	1	8	283	317	411	3.24e-30	105
Lygodium_japonicum_C212980	AT5G09670.1	56.989	93	39	1	8	283	165	257	4.41e-27	97.1
Lygodium_japonicum_C212980	AT5G09670.1	58.974	78	32	0	50	283	154	231	8.45e-25	90.9
Lygodium_japonicum_C212980	AT5G09670.1	52.222	90	41	1	2	265	343	432	7.70e-24	87.8
Lygodium_japonicum_C212980	AT5G09670.1	62.069	58	22	0	110	283	149	206	6.63e-18	71.2
Lygodium_japonicum_C212980	AT5G64550.1	61.157	121	21	2	2	286	273	393	5.71e-38	127
Lygodium_japonicum_C212980	AT5G64550.1	61.290	93	35	1	8	283	225	317	3.09e-29	103
Lygodium_japonicum_C212980	AT5G64550.1	60.000	95	35	1	8	283	376	470	1.39e-28	101
Lygodium_japonicum_C212980	AT5G64550.1	58.163	98	38	1	2	286	324	421	1.52e-28	101
Lygodium_japonicum_C212980	AT5G64550.1	60.256	78	31	0	50	283	214	291	3.69e-24	89.0
Lygodium_japonicum_C212980	AT5G64550.1	51.648	91	41	1	2	265	402	492	5.83e-24	88.2
Lygodium_japonicum_C212980	AT5G64550.1	62.069	58	22	0	110	283	209	266	8.27e-17	68.2
Lygodium_japonicum_C213002	AT2G18330.1	68.116	69	21	1	79	282	65	133	2.12e-17	69.7
Lygodium_japonicum_C213002	AT4G36580.1	62.319	69	25	1	79	282	63	131	1.48e-15	64.3
Lygodium_japonicum_C213002	AT5G16930.1	50.746	67	33	0	85	285	82	148	1.72e-13	58.5
Lygodium_japonicum_C213002	AT3G03060.1	47.761	67	35	0	85	285	72	138	4.04e-12	54.7
Lygodium_japonicum_C213308	AT1G13630.4	35.000	60	35	1	283	116	494	553	4.79e-06	37.4
Lygodium_japonicum_C213374	AT4G21880.1	25.333	75	51	2	241	29	470	543	4.81e-07	40.4
Lygodium_japonicum_C213374	AT4G21880.1	28.049	82	55	2	289	56	556	637	1.41e-06	38.9
Lygodium_japonicum_C213950	AT1G13630.4	25.287	87	64	1	264	4	514	599	3.07e-06	38.1
Lygodium_japonicum_C214562	AT3G61360.1	22.826	92	67	1	293	30	266	357	2.24e-08	43.9
Lygodium_japonicum_C214562	AT1G13630.4	33.784	74	45	1	239	30	554	627	5.33e-08	43.1
Lygodium_japonicum_C214672	AT1G78550.1	28.916	83	57	1	46	294	160	240	8.39e-10	48.1
Lygodium_japonicum_C214672	AT4G25310.1	28.916	83	58	1	46	294	156	237	1.34e-09	47.4
Lygodium_japonicum_C214672	AT1G17020.1	30.120	83	58	0	46	294	160	242	1.41e-09	47.4
Lygodium_japonicum_C214672	AT1G17010.1	30.120	83	57	1	46	294	161	242	2.17e-09	47.0
Lygodium_japonicum_C214672	AT4G25300.1	27.711	83	59	1	46	294	159	240	5.03e-07	40.0
Lygodium_japonicum_C214780	AT1G70620.3	65.714	35	12	0	191	295	455	489	4.90e-09	46.2
Lygodium_japonicum_C214830	AT4G21880.1	27.083	96	66	1	289	2	497	588	1.72e-07	41.6
Lygodium_japonicum_C215422	AT5G09670.1	59.375	96	20	1	2	289	360	436	9.51e-32	110
Lygodium_japonicum_C215422	AT5G09670.1	44.000	100	49	3	2	283	155	253	2.39e-18	72.4
Lygodium_japonicum_C215422	AT5G09670.1	43.878	98	46	3	11	283	234	329	2.67e-17	69.7
Lygodium_japonicum_C215422	AT5G09670.1	44.211	95	31	3	2	283	205	278	1.86e-16	67.0
Lygodium_japonicum_C215422	AT5G09670.1	68.750	48	15	0	17	160	287	334	4.68e-16	65.9
Lygodium_japonicum_C215422	AT5G64550.1	58.586	99	23	2	2	298	419	499	1.53e-31	110
Lygodium_japonicum_C215422	AT5G64550.1	45.545	101	48	3	2	283	316	416	2.29e-20	78.2
Lygodium_japonicum_C215422	AT5G64550.1	44.000	100	49	3	2	283	215	313	1.27e-16	67.8
Lygodium_japonicum_C215422	AT5G64550.1	43.158	95	32	2	2	283	265	338	6.47e-16	65.5
Lygodium_japonicum_C215694	AT1G13630.4	29.545	88	60	2	31	291	514	600	1.58e-08	44.7
Lygodium_japonicum_C215694	AT1G13630.4	24.176	91	68	1	31	300	338	428	4.71e-06	37.7
Lygodium_japonicum_C215694	AT1G13630.4	19.192	99	80	0	4	300	224	322	5.61e-06	37.4
Lygodium_japonicum_C215706	AT1G13630.4	28.283	99	71	0	299	3	528	626	2.41e-13	58.5
Lygodium_japonicum_C215706	AT1G13630.4	25.275	91	68	0	296	24	283	373	8.49e-08	42.7
Lygodium_japonicum_C215706	AT1G13630.4	27.350	117	64	4	296	3	559	673	3.06e-06	38.1
Lygodium_japonicum_C215706	AT1G13630.4	23.077	104	75	1	299	3	418	521	6.48e-06	37.4
Lygodium_japonicum_C215706	AT1G13630.4	27.174	92	67	0	296	21	318	409	9.66e-06	36.6
Lygodium_japonicum_C215706	AT3G61360.1	23.881	134	67	2	299	3	223	356	8.91e-08	42.4
Lygodium_japonicum_C215706	AT4G21880.1	25.000	80	57	1	281	42	517	593	1.53e-06	38.9
Lygodium_japonicum_C215938	AT1G13630.4	29.524	105	68	3	302	3	496	599	5.40e-06	37.4
Lygodium_japonicum_C215982	AT1G30270.1	34.286	70	44	2	3	209	173	241	8.17e-06	37.0
Lygodium_japonicum_C216128	AT5G21326.1	32.000	100	59	5	3	281	140	237	4.33e-11	52.0
Lygodium_japonicum_C216128	AT2G26980.4	32.967	91	53	4	30	281	159	248	1.48e-09	47.4
Lygodium_japonicum_C216128	AT1G01140.3	29.032	93	59	4	3	266	146	236	4.90e-09	46.2
Lygodium_japonicum_C216128	AT1G30270.1	30.337	89	55	4	3	254	158	244	7.95e-09	45.4
Lygodium_japonicum_C216128	AT5G35410.1	27.473	91	61	4	3	266	138	226	9.18e-08	42.4
Lygodium_japonicum_C216128	AT4G24400.1	30.769	91	58	5	3	266	136	224	3.88e-07	40.8
Lygodium_japonicum_C216306	AT1G53345.1	54.321	81	37	0	60	302	10	90	5.23e-29	100
Lygodium_japonicum_C216306	AT5G09580.1	47.500	80	38	2	60	296	76	152	8.22e-18	70.9
Lygodium_japonicum_C216346	AT4G21880.1	30.000	60	39	1	80	259	501	557	1.19e-06	39.3
Lygodium_japonicum_C216346	AT1G13630.4	29.851	67	43	1	11	199	491	557	4.12e-06	37.7
Lygodium_japonicum_C216480	AT1G30270.1	28.972	107	59	3	305	3	79	174	1.16e-08	45.1
Lygodium_japonicum_C216480	AT4G24400.1	30.693	101	65	2	305	3	57	152	1.66e-08	44.7
Lygodium_japonicum_C216480	AT2G26980.4	31.373	102	63	3	305	3	72	167	1.03e-07	42.4
Lygodium_japonicum_C216480	AT1G01140.3	30.392	102	64	3	305	3	67	162	2.80e-07	41.2
Lygodium_japonicum_C216480	AT5G35410.1	29.412	102	65	3	305	3	59	154	4.37e-07	40.4
Lygodium_japonicum_C216480	AT5G21326.1	31.132	106	55	4	302	3	63	156	5.15e-07	40.4
Lygodium_japonicum_C216752	AT4G21880.1	27.778	90	60	2	36	305	492	576	4.92e-08	43.5
Lygodium_japonicum_C216752	AT4G04790.1	27.778	90	60	2	36	305	472	556	4.43e-07	40.4
Lygodium_japonicum_C216752	AT3G61360.1	33.929	56	33	1	21	176	298	353	5.45e-06	37.4
Lygodium_japonicum_C216798	AT1G13630.4	28.261	92	65	1	280	5	414	504	1.66e-08	44.7
Lygodium_japonicum_C216798	AT1G13630.4	24.490	98	74	0	295	2	338	435	6.15e-06	37.4
Lygodium_japonicum_C216798	AT1G13630.4	25.641	78	58	0	292	59	550	627	7.18e-06	37.4
Lygodium_japonicum_C216798	AT4G21880.1	27.957	93	63	2	286	8	500	588	4.76e-07	40.4
Lygodium_japonicum_C216798	AT4G04790.1	21.505	93	69	1	286	8	480	568	6.31e-07	40.0
Lygodium_japonicum_C217030	AT4G24400.1	37.349	83	47	3	293	45	100	177	1.70e-09	47.4
Lygodium_japonicum_C217030	AT5G35410.1	35.802	81	47	3	287	45	104	179	3.68e-09	46.6
Lygodium_japonicum_C217030	AT1G30270.1	37.647	85	44	4	290	45	123	201	2.16e-08	44.3
Lygodium_japonicum_C217030	AT2G26980.4	38.824	85	43	4	290	45	116	194	2.96e-08	43.9
Lygodium_japonicum_C217030	AT5G21326.1	37.647	85	44	4	290	45	105	183	1.08e-07	42.4
Lygodium_japonicum_C217030	AT1G01140.3	34.483	87	48	4	296	45	109	189	3.58e-07	40.8
Lygodium_japonicum_C217138	AT5G11560.1	51.282	78	38	0	309	76	93	170	5.19e-22	83.2
Lygodium_japonicum_C217316	AT4G21880.1	42.105	57	28	3	306	148	575	630	9.92e-06	37.0
Lygodium_japonicum_C217660	AT1G13630.4	41.071	56	33	0	131	298	338	393	3.68e-09	46.6
Lygodium_japonicum_C217660	AT1G13630.4	27.059	85	57	2	8	250	470	553	8.24e-06	37.0
Lygodium_japonicum_C217660	AT4G21880.1	31.373	51	35	0	143	295	501	551	8.91e-06	37.0
Lygodium_japonicum_C217726	AT1G13630.4	32.955	88	57	1	282	19	514	599	9.24e-11	51.2
Lygodium_japonicum_C217726	AT1G13630.4	22.901	131	68	3	297	4	404	534	1.24e-06	39.3
Lygodium_japonicum_C217726	AT4G21880.1	27.473	91	59	3	270	1	501	585	7.77e-08	42.7
Lygodium_japonicum_C217726	AT4G04790.1	25.556	90	62	2	270	1	481	565	9.35e-07	39.7
Lygodium_japonicum_C217844	AT4G07410.1	62.500	72	27	0	218	3	168	239	1.62e-29	104
Lygodium_japonicum_C217844	AT1G27470.1	59.722	72	29	0	218	3	168	239	4.59e-29	103
Lygodium_japonicum_C217844	AT2G43770.1	33.898	59	35	2	218	42	154	208	1.43e-06	39.3
Lygodium_japonicum_C217848	AT2G43770.1	28.235	85	57	2	269	24	77	160	4.75e-07	40.4
Lygodium_japonicum_C217870	AT4G21880.1	29.032	93	62	2	313	35	505	593	1.39e-08	45.1
Lygodium_japonicum_C218220	AT4G21880.1	33.784	74	46	1	295	74	518	588	2.00e-06	38.9
Lygodium_japonicum_C218306	AT5G65930.3	37.634	93	49	3	299	21	1160	1243	7.07e-13	57.4
Lygodium_japonicum_C218402	AT5G52020.1	47.619	42	21	1	187	312	57	97	1.92e-08	44.3
Lygodium_japonicum_C218402	AT1G12630.1	54.286	35	15	1	211	315	19	52	9.58e-08	42.4
Lygodium_japonicum_C218402	AT2G36450.1	50.000	36	17	1	211	315	15	50	2.86e-06	38.1
Lygodium_japonicum_C218624	AT1G13630.4	35.955	89	53	1	60	314	478	566	3.69e-11	52.4
Lygodium_japonicum_C218738	AT5G67385.1	43.564	101	49	3	310	11	307	400	5.39e-15	63.2
Lygodium_japonicum_C218738	AT3G49970.1	34.615	104	52	2	310	2	255	343	2.18e-13	58.5
Lygodium_japonicum_C218856	AT3G61360.1	25.962	104	66	4	317	39	252	355	2.54e-06	38.5
Lygodium_japonicum_C218856	AT4G21880.1	29.825	57	36	1	263	105	488	544	8.67e-06	37.0
Lygodium_japonicum_C218996	AT1G13630.4	35.821	67	43	0	305	105	533	599	1.32e-06	39.3
Lygodium_japonicum_C219342	AT1G05160.1	23.364	107	64	2	4	321	227	316	4.37e-07	40.8
Lygodium_japonicum_C219342	AT2G32440.1	22.917	96	56	2	4	288	226	304	6.19e-06	37.4
Lygodium_japonicum_C219406	AT2G36450.1	56.897	58	24	1	260	90	15	72	2.48e-10	49.3
Lygodium_japonicum_C219406	AT5G52020.1	57.895	57	23	1	260	90	65	120	4.62e-10	48.9
Lygodium_japonicum_C219406	AT1G12630.1	52.632	57	26	1	260	90	19	74	7.58e-07	39.7
Lygodium_japonicum_C219510	AT4G21880.1	24.545	110	77	3	323	3	518	624	1.12e-06	39.7
Lygodium_japonicum_C219634	AT4G15215.11	35.443	79	48	2	249	22	947	1025	5.57e-10	49.3
Lygodium_japonicum_C219634	AT4G15215.11	28.395	81	54	2	243	13	310	390	1.12e-07	42.7
Lygodium_japonicum_C219634	AT3G53480.1	33.721	86	53	3	249	4	1000	1085	2.57e-09	47.4
Lygodium_japonicum_C219634	AT3G53480.1	32.143	84	53	2	243	4	346	429	5.62e-07	40.4
Lygodium_japonicum_C219634	AT4G15233.1	32.911	79	50	2	249	22	942	1020	3.60e-09	47.0
Lygodium_japonicum_C219634	AT2G37280.3	32.558	86	54	3	249	4	992	1077	4.55e-09	46.6
Lygodium_japonicum_C219634	AT2G37280.3	30.952	84	54	2	243	4	340	423	9.68e-07	40.0
Lygodium_japonicum_C219634	AT4G15236.1	31.646	79	51	2	249	22	940	1018	5.57e-09	46.2
Lygodium_japonicum_C219634	AT4G15230.1	34.177	79	49	2	249	22	950	1028	5.57e-09	46.2
Lygodium_japonicum_C219712	AT1G13630.4	23.596	89	68	0	268	2	405	493	4.57e-06	38.1
Lygodium_japonicum_C219712	AT1G13630.4	36.364	55	35	0	256	92	338	392	5.50e-06	37.7
Lygodium_japonicum_C219712	AT4G04790.1	34.091	44	29	0	244	113	481	524	8.10e-06	37.4
Lygodium_japonicum_C219610	AT3G61360.1	35.484	62	36	1	141	314	297	358	2.86e-07	41.2
Lygodium_japonicum_C219610	AT4G21880.1	34.884	43	28	0	192	320	501	543	5.09e-06	37.7
Lygodium_japonicum_C219610	AT1G13630.4	28.829	111	64	6	18	317	488	594	5.94e-06	37.7
Lygodium_japonicum_C219732	AT3G53480.1	39.286	84	50	1	324	73	1368	1450	2.56e-17	70.1
Lygodium_japonicum_C219732	AT4G15233.1	39.286	84	50	1	324	73	1310	1392	3.81e-16	66.6
Lygodium_japonicum_C219732	AT4G15236.1	38.095	84	51	1	324	73	1308	1390	3.49e-15	63.9
Lygodium_japonicum_C219732	AT4G15215.11	38.095	84	51	1	324	73	1315	1397	8.98e-15	62.8
Lygodium_japonicum_C219732	AT2G37280.3	33.333	84	55	1	324	73	1360	1442	4.26e-14	60.8
Lygodium_japonicum_C219732	AT4G15230.1	32.143	84	56	1	324	73	1318	1400	2.20e-12	56.2
Lygodium_japonicum_C219758	AT3G49970.1	41.667	108	53	2	324	1	150	247	5.28e-21	80.5
Lygodium_japonicum_C219758	AT5G67385.1	39.815	108	55	3	324	1	202	299	2.82e-19	75.5
Lygodium_japonicum_C219788	AT4G28450.1	35.802	81	43	2	70	309	64	136	8.39e-10	48.5
Lygodium_japonicum_C219788	AT2G43770.1	27.381	84	53	3	70	309	220	299	1.75e-06	38.9
Lygodium_japonicum_C219788	AT2G43770.1	29.268	82	49	2	67	309	50	123	6.30e-06	37.4
Lygodium_japonicum_C219860	AT1G30270.1	51.402	107	51	1	321	4	206	312	4.84e-34	116
Lygodium_japonicum_C219860	AT2G26980.4	46.789	109	52	1	324	16	198	306	3.32e-32	111
Lygodium_japonicum_C219860	AT1G01140.3	48.421	95	49	0	324	40	193	287	3.24e-31	108
Lygodium_japonicum_C219860	AT4G24400.1	55.556	81	36	0	321	79	182	262	1.29e-29	104
Lygodium_japonicum_C219860	AT5G21326.1	45.872	109	53	1	324	16	187	295	4.89e-28	99.8
Lygodium_japonicum_C219860	AT5G35410.1	48.780	82	42	0	321	76	184	265	3.65e-26	94.7
Lygodium_japonicum_C219918	AT5G67385.1	47.706	109	56	1	325	2	53	161	5.80e-28	100
Lygodium_japonicum_C219918	AT3G49970.1	39.623	106	59	2	316	2	27	128	2.44e-21	81.6
Lygodium_japonicum_C220072	AT4G21880.1	31.250	48	33	0	148	5	497	544	6.56e-06	37.4
Lygodium_japonicum_C220072	AT1G13630.4	33.333	75	45	2	229	17	484	557	7.65e-06	37.4
Lygodium_japonicum_C220064	AT1G13630.4	29.000	100	70	1	310	14	365	464	4.96e-11	52.0
Lygodium_japonicum_C220064	AT1G13630.4	29.032	93	60	2	319	50	292	381	5.75e-08	43.5
Lygodium_japonicum_C220064	AT1G13630.4	29.474	95	67	0	319	35	468	562	8.90e-08	42.7
Lygodium_japonicum_C220064	AT1G13630.4	24.528	106	80	0	319	2	433	538	2.64e-07	41.6
Lygodium_japonicum_C220064	AT1G13630.4	30.588	85	59	0	268	14	415	499	6.33e-07	40.4
Lygodium_japonicum_C220064	AT1G13630.4	29.070	86	61	0	298	41	264	349	1.18e-06	39.7
Lygodium_japonicum_C220064	AT1G13630.4	23.810	84	64	0	295	44	663	746	8.19e-06	37.4
Lygodium_japonicum_C220064	AT3G61360.1	31.818	66	45	0	229	32	298	363	8.74e-07	40.0
Lygodium_japonicum_C220164	AT4G21880.1	27.778	90	52	2	257	3	497	578	8.27e-06	37.4
Lygodium_japonicum_C220182	AT4G21880.1	24.719	89	62	2	284	33	470	558	1.29e-06	39.7
Lygodium_japonicum_C220198	AT1G13630.4	27.358	106	72	2	21	326	494	598	9.84e-06	37.0
Lygodium_japonicum_C220288	AT3G61360.1	36.111	72	38	3	64	261	284	353	2.55e-07	41.6
Lygodium_japonicum_C220288	AT4G04790.1	36.207	58	37	0	142	315	477	534	4.09e-07	41.2
Lygodium_japonicum_C220288	AT4G21880.1	37.500	48	30	0	142	285	497	544	6.85e-07	40.4
Lygodium_japonicum_C220288	AT1G13630.4	25.472	106	73	3	10	312	467	571	4.67e-06	38.1
Lygodium_japonicum_C220344	AT4G24400.1	36.264	91	55	2	327	58	122	210	5.69e-08	43.5
Lygodium_japonicum_C220344	AT5G21326.1	30.928	97	62	3	327	46	126	220	2.03e-07	42.0
Lygodium_japonicum_C220344	AT1G30270.1	30.526	95	61	3	327	52	144	236	2.61e-07	41.6
Lygodium_japonicum_C220344	AT2G26980.4	30.928	97	62	3	327	46	137	231	1.31e-06	39.7
Lygodium_japonicum_C220344	AT5G35410.1	30.208	96	64	2	327	43	124	217	1.40e-06	39.3
Lygodium_japonicum_C220344	AT1G01140.3	28.866	97	64	3	327	46	132	226	4.76e-06	37.7
Lygodium_japonicum_C220418	AT1G13630.4	26.606	109	73	2	328	23	501	609	8.72e-07	40.0
Lygodium_japonicum_C220526	AT1G13630.4	37.963	108	67	0	324	1	422	529	1.97e-21	82.0
Lygodium_japonicum_C220526	AT1G13630.4	31.429	105	71	1	312	1	355	459	2.46e-15	64.3
Lygodium_japonicum_C220526	AT1G13630.4	32.692	104	70	0	312	1	285	388	4.04e-15	63.9
Lygodium_japonicum_C220526	AT1G13630.4	29.412	85	60	0	255	1	410	494	7.92e-13	57.4
Lygodium_japonicum_C220526	AT1G13630.4	25.472	106	79	0	324	7	527	632	1.18e-11	53.9
Lygodium_japonicum_C220526	AT1G13630.4	33.333	102	67	1	303	1	323	424	1.34e-11	53.9
Lygodium_japonicum_C220526	AT1G13630.4	31.111	90	62	0	270	1	510	599	2.24e-11	53.1
Lygodium_japonicum_C220526	AT1G13630.4	26.374	91	67	0	273	1	661	751	6.47e-08	43.1
Lygodium_japonicum_C220526	AT1G13630.4	26.506	83	61	0	249	1	236	318	1.20e-07	42.4
Lygodium_japonicum_C220526	AT1G13630.4	25.243	103	65	1	273	1	614	716	3.23e-06	38.5
Lygodium_japonicum_C220526	AT3G61360.1	24.265	136	68	2	324	22	222	357	3.80e-10	49.7
Lygodium_japonicum_C220526	AT3G61360.1	25.263	95	69	1	327	49	326	420	3.95e-07	40.8
Lygodium_japonicum_C220526	AT3G61360.1	27.711	83	55	2	246	4	179	258	8.13e-06	37.4
Lygodium_japonicum_C220526	AT4G04790.1	27.551	98	61	2	324	31	490	577	3.72e-08	43.9
Lygodium_japonicum_C220526	AT4G21880.1	22.917	96	73	1	291	4	451	545	3.79e-07	41.2
Lygodium_japonicum_C220622	AT1G13630.4	26.852	108	74	2	18	329	494	600	1.90e-08	44.7
Lygodium_japonicum_C221198	AT1G13630.4	30.693	101	65	2	316	26	317	416	3.02e-06	38.5
Lygodium_japonicum_C221198	AT1G13630.4	25.743	101	70	2	316	26	458	557	6.94e-06	37.4
Lygodium_japonicum_C221284	AT1G13630.4	24.561	114	82	1	332	3	414	527	2.01e-09	47.8
Lygodium_japonicum_C221284	AT1G13630.4	27.434	113	76	2	332	9	449	560	6.18e-08	43.5
Lygodium_japonicum_C221284	AT4G21880.1	29.787	94	63	1	329	48	503	593	2.09e-09	47.8
Lygodium_japonicum_C221284	AT4G04790.1	28.571	98	64	2	326	33	484	575	9.28e-06	37.4
Lygodium_japonicum_C221444	AT1G13630.4	28.571	84	60	0	82	333	518	601	4.41e-08	43.9
Lygodium_japonicum_C221444	AT3G61360.1	26.168	107	67	3	25	321	260	362	6.69e-06	37.7
Lygodium_japonicum_C221552	AT2G26980.4	27.723	101	66	2	37	336	99	193	2.75e-07	41.6
Lygodium_japonicum_C221552	AT4G24400.1	31.081	74	44	2	133	336	104	176	2.10e-06	38.9
Lygodium_japonicum_C221552	AT1G01140.3	29.703	101	64	3	37	336	94	188	2.19e-06	38.9
Lygodium_japonicum_C221552	AT1G30270.1	28.713	101	65	3	37	336	106	200	3.45e-06	38.5
Lygodium_japonicum_C221786	AT2G14960.1	55.000	80	36	0	327	88	22	101	7.74e-24	89.0
Lygodium_japonicum_C221786	AT4G27260.1	51.316	76	37	0	315	88	28	103	3.13e-23	87.0
Lygodium_japonicum_C221786	AT2G23170.1	55.000	80	36	0	327	88	22	101	5.27e-23	86.3
Lygodium_japonicum_C221786	AT4G37390.1	53.750	80	37	0	327	88	23	102	1.83e-22	84.7
Lygodium_japonicum_C221786	AT5G54510.1	50.000	76	38	0	315	88	28	103	1.99e-21	82.0
Lygodium_japonicum_C221786	AT1G59500.1	51.250	80	39	0	327	88	23	102	2.12e-21	82.0
Lygodium_japonicum_C221786	AT2G47750.1	46.341	82	43	1	333	88	9	89	4.26e-18	72.4
Lygodium_japonicum_C221786	AT1G28130.1	40.000	85	48	2	336	88	10	93	8.37e-17	68.9
Lygodium_japonicum_C221936	AT1G13630.4	32.927	82	51	1	298	65	513	594	8.71e-08	43.1
Lygodium_japonicum_C221936	AT1G13630.4	35.000	60	35	1	238	71	498	557	4.49e-06	38.1
Lygodium_japonicum_C221936	AT4G04790.1	26.923	78	53	1	280	59	447	524	3.10e-07	41.6
Lygodium_japonicum_C221936	AT3G61360.1	29.412	68	45	1	280	86	180	247	7.71e-07	40.4
Lygodium_japonicum_C221936	AT4G21880.1	24.359	78	55	1	271	50	470	547	1.66e-06	39.3
Lygodium_japonicum_C221940	AT5G65930.3	33.333	54	35	1	267	106	933	985	1.24e-06	39.7
Lygodium_japonicum_C222148	AT1G13630.4	25.926	108	75	2	324	13	494	600	1.40e-10	51.2
Lygodium_japonicum_C222148	AT1G13630.4	29.762	84	54	1	324	88	388	471	3.64e-08	44.3
Lygodium_japonicum_C222148	AT1G13630.4	25.439	114	80	2	330	1	422	534	5.92e-08	43.5
Lygodium_japonicum_C222148	AT1G13630.4	21.277	94	73	1	315	34	220	312	8.80e-08	43.1
Lygodium_japonicum_C222148	AT4G04790.1	24.211	95	68	2	285	1	474	564	1.61e-06	39.3
Lygodium_japonicum_C222246	AT1G69010.1	30.864	81	56	0	311	69	41	121	5.57e-06	37.7
Lygodium_japonicum_C222338	AT1G13630.4	25.714	105	74	1	2	304	518	622	1.77e-06	39.3
Lygodium_japonicum_C222310	AT3G61360.1	28.182	110	73	2	16	327	304	413	1.00e-08	45.8
Lygodium_japonicum_C222310	AT1G13630.4	29.885	87	57	1	22	270	541	627	1.07e-08	45.8
Lygodium_japonicum_C222310	AT1G13630.4	25.253	99	70	1	16	300	504	602	4.42e-08	43.9
Lygodium_japonicum_C222310	AT1G13630.4	27.358	106	73	1	22	327	295	400	2.28e-07	42.0
Lygodium_japonicum_C222310	AT1G13630.4	25.926	108	75	2	28	336	332	439	2.66e-06	38.9
Lygodium_japonicum_C222458	AT1G78550.1	36.585	82	51	1	338	93	265	345	6.63e-16	65.9
Lygodium_japonicum_C222458	AT4G25300.1	36.145	83	52	1	341	93	264	345	6.12e-14	60.5
Lygodium_japonicum_C222458	AT4G25310.1	33.735	83	54	1	341	93	261	342	2.15e-13	58.9
Lygodium_japonicum_C222458	AT1G17020.1	39.189	74	44	1	341	120	266	338	5.60e-13	57.8
Lygodium_japonicum_C222458	AT1G17010.1	34.146	82	53	1	338	93	267	347	2.02e-12	56.2
Lygodium_japonicum_C222662	AT1G13630.4	28.319	113	69	3	3	311	517	627	7.28e-06	37.7
Lygodium_japonicum_C222762	AT4G21880.1	28.431	102	67	3	13	309	529	627	1.03e-07	42.7
Lygodium_japonicum_C222944	AT2G37280.3	65.789	114	39	0	344	3	1049	1162	1.27e-49	162
Lygodium_japonicum_C222944	AT3G53480.1	61.404	114	44	0	344	3	1057	1170	5.49e-49	160
Lygodium_japonicum_C222944	AT4G15215.11	56.140	114	50	0	344	3	1004	1117	3.05e-43	144
Lygodium_japonicum_C222944	AT4G15230.1	53.509	114	53	0	344	3	1007	1120	2.39e-40	135
Lygodium_japonicum_C222944	AT4G15236.1	52.632	114	54	0	344	3	997	1110	3.05e-40	135
Lygodium_japonicum_C222944	AT4G15233.1	51.754	114	55	0	344	3	999	1112	1.34e-38	130
Lygodium_japonicum_C222964	AT3G49180.1	37.097	62	38	1	35	220	89	149	1.19e-06	39.7
Lygodium_japonicum_C222964	AT2G43770.1	30.508	59	41	0	47	223	111	169	1.67e-06	39.3
Lygodium_japonicum_C222964	AT2G43770.1	22.222	81	58	2	47	277	195	274	4.48e-06	38.1
Lygodium_japonicum_C223002	AT1G13630.4	28.571	112	66	4	18	326	494	600	2.49e-06	38.9
Lygodium_japonicum_C223002	AT4G21880.1	22.581	93	69	1	66	344	497	586	6.80e-06	37.7
Lygodium_japonicum_C223256	AT4G21880.1	26.852	108	73	3	347	33	522	626	7.63e-06	37.7
Lygodium_japonicum_C223238	AT1G13630.4	25.664	113	80	1	344	18	426	538	5.77e-07	40.8
Lygodium_japonicum_C223340	AT5G56290.1	27.174	92	67	0	290	15	586	677	2.20e-10	50.4
Lygodium_japonicum_C223496	AT2G23170.1	41.667	60	34	1	93	272	527	585	1.32e-10	51.2
Lygodium_japonicum_C223496	AT4G27260.1	38.667	75	40	2	57	266	523	596	2.76e-10	50.4
Lygodium_japonicum_C223496	AT4G37390.1	40.000	60	35	1	93	272	535	593	2.81e-10	50.1
Lygodium_japonicum_C223496	AT1G59500.1	38.333	60	36	1	93	272	529	587	1.39e-09	48.1
Lygodium_japonicum_C223496	AT2G14960.1	38.333	60	36	1	93	272	521	579	1.59e-09	48.1
Lygodium_japonicum_C223496	AT2G47750.1	50.943	53	21	2	84	230	517	568	4.04e-09	47.0
Lygodium_japonicum_C223496	AT1G28130.1	45.833	48	25	1	93	236	540	586	3.04e-08	44.3
Lygodium_japonicum_C223496	AT5G54510.1	34.568	81	47	3	30	266	520	596	3.36e-08	44.3
Lygodium_japonicum_C223590	AT4G28450.1	27.451	102	73	1	17	319	221	322	5.25e-08	43.9
Lygodium_japonicum_C223590	AT2G43770.1	24.561	114	78	3	29	346	201	314	2.06e-06	39.3
Lygodium_japonicum_C223868	AT1G13630.4	29.885	87	59	2	259	2	444	529	7.42e-07	40.4
Lygodium_japonicum_C223868	AT1G13630.4	25.581	86	64	0	259	2	514	599	2.66e-06	38.9
Lygodium_japonicum_C224230	AT1G13630.4	32.099	81	51	1	345	115	514	594	1.69e-08	45.4
Lygodium_japonicum_C224230	AT1G13630.4	25.000	104	73	2	300	1	494	596	5.89e-08	43.9
Lygodium_japonicum_C224230	AT4G21880.1	41.860	43	25	0	240	112	501	543	6.56e-08	43.5
Lygodium_japonicum_C224230	AT4G04790.1	36.735	49	31	0	240	94	481	529	5.08e-07	41.2
Lygodium_japonicum_C224230	AT3G61360.1	26.000	100	67	4	285	4	299	397	5.45e-06	38.1
Lygodium_japonicum_C224282	AT1G13630.4	26.667	105	73	1	51	353	494	598	6.58e-06	37.7
Lygodium_japonicum_C224366	AT1G01140.3	41.558	77	43	2	350	123	147	222	8.15e-14	60.5
Lygodium_japonicum_C224366	AT1G30270.1	44.000	75	40	2	350	129	159	232	1.05e-13	60.1
Lygodium_japonicum_C224366	AT5G35410.1	42.857	77	40	3	350	123	139	212	9.67e-13	57.4
Lygodium_japonicum_C224366	AT4G24400.1	40.260	77	44	1	350	120	137	211	4.61e-12	55.5
Lygodium_japonicum_C224366	AT2G26980.4	41.333	75	42	2	350	129	152	225	1.57e-11	53.9
Lygodium_japonicum_C224366	AT5G21326.1	36.458	96	55	3	350	78	141	235	2.49e-11	53.1
Lygodium_japonicum_C224374	AT2G36450.1	59.677	62	24	1	127	309	10	71	5.49e-19	72.4
Lygodium_japonicum_C224374	AT5G52020.1	55.556	63	27	1	121	309	58	119	5.76e-11	52.0
Lygodium_japonicum_C224374	AT1G12630.1	56.250	64	24	2	127	309	11	73	1.16e-09	47.8
Lygodium_japonicum_C224480	AT4G00730.1	41.026	117	64	3	351	1	389	500	3.00e-22	84.7
Lygodium_japonicum_C224480	AT3G61150.1	45.299	117	56	4	351	1	387	495	3.02e-21	81.6
Lygodium_japonicum_C224632	AT4G21880.1	25.000	96	69	1	1	288	501	593	6.54e-07	40.8
Lygodium_japonicum_C224680	AT4G21880.1	29.730	111	72	3	9	332	518	625	1.08e-07	43.1
Lygodium_japonicum_C224680	AT1G13630.4	22.314	121	90	1	3	353	428	548	1.46e-06	39.7
Lygodium_japonicum_C224680	AT1G13630.4	24.800	125	85	2	3	356	322	444	1.68e-06	39.7
Lygodium_japonicum_C224854	AT1G13630.4	25.490	102	72	1	43	336	309	410	9.18e-06	37.4
Lygodium_japonicum_C224902	AT5G65930.3	35.789	95	54	2	349	65	1015	1102	6.23e-08	43.9
Lygodium_japonicum_C225078	AT4G04790.1	27.451	102	70	1	319	26	428	529	1.04e-09	48.9
Lygodium_japonicum_C225078	AT4G21880.1	31.250	80	51	1	253	26	470	549	1.10e-09	48.9
Lygodium_japonicum_C225090	AT1G13630.4	28.846	104	70	1	360	61	496	599	4.76e-08	44.3
Lygodium_japonicum_C225090	AT4G21880.1	23.333	90	66	1	306	37	501	587	5.30e-06	38.1
Lygodium_japonicum_C225322	AT5G35410.1	38.372	86	50	3	292	38	128	211	2.64e-11	53.1
Lygodium_japonicum_C225322	AT1G01140.3	32.990	97	60	2	325	38	129	221	4.50e-11	52.8
Lygodium_japonicum_C225322	AT1G30270.1	34.118	85	55	1	292	41	148	232	4.27e-10	50.1
Lygodium_japonicum_C225322	AT4G24400.1	31.959	97	59	4	325	38	119	209	5.42e-10	49.7
Lygodium_japonicum_C225322	AT5G21326.1	36.047	86	52	3	292	41	130	214	8.95e-10	48.9
Lygodium_japonicum_C225322	AT2G26980.4	33.721	86	56	1	292	38	141	226	3.35e-09	47.4
Lygodium_japonicum_C225408	AT1G13630.4	34.783	92	57	1	8	283	511	599	5.36e-12	55.5
Lygodium_japonicum_C225408	AT1G13630.4	25.253	99	70	2	29	319	410	506	2.08e-06	39.3
Lygodium_japonicum_C225408	AT1G13630.4	25.743	101	72	2	23	319	337	436	9.43e-06	37.4
Lygodium_japonicum_C225452	AT1G13630.4	23.469	98	75	0	329	36	514	611	1.15e-06	40.0
Lygodium_japonicum_C225438	AT1G13630.4	28.696	115	74	3	362	36	299	411	2.49e-07	42.0
Lygodium_japonicum_C225500	AT5G64550.1	57.143	119	26	2	2	358	426	519	1.17e-34	119
Lygodium_japonicum_C225500	AT5G64550.1	42.391	92	45	2	2	253	323	414	4.36e-16	67.0
Lygodium_japonicum_C225500	AT5G64550.1	42.697	89	44	2	5	253	299	386	1.24e-15	65.9
Lygodium_japonicum_C225500	AT5G64550.1	43.333	90	45	2	2	253	247	336	6.47e-15	63.5
Lygodium_japonicum_C225500	AT5G64550.1	45.556	90	43	3	2	253	222	311	7.39e-14	60.8
Lygodium_japonicum_C225500	AT5G09670.1	56.303	119	28	2	2	358	367	461	3.26e-34	118
Lygodium_japonicum_C225500	AT5G09670.1	44.444	90	42	2	5	253	239	327	4.78e-17	69.7
Lygodium_japonicum_C225500	AT5G09670.1	45.238	84	27	1	2	253	187	251	4.76e-16	67.0
Lygodium_japonicum_C225500	AT5G09670.1	43.529	85	27	2	2	253	212	276	3.42e-15	64.3
Lygodium_japonicum_C225500	AT5G09670.1	65.909	44	15	0	5	136	290	333	4.47e-14	61.2
Lygodium_japonicum_C225752	AT2G26980.4	69.903	103	31	0	314	6	17	119	5.81e-51	161
Lygodium_japonicum_C225752	AT1G30270.1	70.707	99	29	0	302	6	28	126	2.16e-50	160
Lygodium_japonicum_C225752	AT1G01140.3	70.588	102	30	0	311	6	13	114	9.65e-49	155
Lygodium_japonicum_C225752	AT4G24400.1	67.000	100	33	0	305	6	5	104	2.39e-46	149
Lygodium_japonicum_C225752	AT5G21326.1	69.000	100	31	0	305	6	9	108	2.72e-46	149
Lygodium_japonicum_C225752	AT5G35410.1	68.000	100	32	0	305	6	7	106	2.60e-45	146
Lygodium_japonicum_C225958	AT1G13630.4	27.193	114	79	1	352	23	516	629	3.37e-09	47.4
Lygodium_japonicum_C225958	AT4G21880.1	26.596	94	66	1	346	65	501	591	1.80e-08	45.4
Lygodium_japonicum_C225958	AT4G04790.1	23.913	92	67	1	346	71	481	569	2.98e-07	42.0
Lygodium_japonicum_C226112	AT5G65930.3	30.894	123	83	2	366	1	1002	1123	5.31e-15	63.9
Lygodium_japonicum_C226118	AT5G44190.1	40.909	44	25	1	233	364	142	184	1.49e-08	45.4
Lygodium_japonicum_C226118	AT2G20570.2	51.515	33	15	1	263	361	174	205	7.99e-06	37.7
Lygodium_japonicum_C226200	AT1G13630.4	22.222	126	91	3	4	363	514	638	2.54e-08	45.1
Lygodium_japonicum_C226200	AT3G61360.1	25.600	125	87	3	4	366	209	331	3.15e-08	44.7
Lygodium_japonicum_C226200	AT4G04790.1	23.762	101	69	3	16	318	481	573	1.77e-06	39.7
Lygodium_japonicum_C226350	AT2G28000.1	52.941	34	16	0	102	1	380	413	9.39e-08	43.1
Lygodium_japonicum_C226690	AT1G30270.1	26.437	87	60	2	252	4	30	116	7.11e-06	37.7
Lygodium_japonicum_C227136	AT1G13630.4	27.174	92	64	1	376	110	515	606	5.05e-07	41.2
Lygodium_japonicum_C227136	AT1G13630.4	25.862	116	81	1	334	2	318	433	4.27e-06	38.5
Lygodium_japonicum_C227136	AT3G61360.1	23.200	125	76	4	367	11	318	428	1.16e-06	40.0
Lygodium_japonicum_C227556	AT1G13630.4	29.524	105	70	1	304	2	494	598	3.26e-08	44.7
Lygodium_japonicum_C227736	AT1G30270.1	31.313	99	56	4	66	350	138	228	3.79e-07	41.6
Lygodium_japonicum_C227736	AT4G24400.1	32.979	94	47	5	84	350	122	204	4.24e-07	41.6
Lygodium_japonicum_C227736	AT5G35410.1	32.927	82	48	3	111	350	130	206	6.42e-07	40.8
Lygodium_japonicum_C227844	AT3G61360.1	26.667	105	71	3	320	18	146	248	6.28e-07	41.2
Lygodium_japonicum_C227844	AT3G61360.1	24.000	125	87	3	362	6	235	357	2.01e-06	39.7
Lygodium_japonicum_C227858	AT5G65930.3	46.341	41	22	0	380	258	1179	1219	5.04e-07	41.6
Lygodium_japonicum_C227872	AT4G21880.1	24.219	128	91	3	379	5	503	627	4.57e-07	41.6
Lygodium_japonicum_C227948	AT5G53480.1	52.381	42	20	0	127	2	158	199	2.75e-07	42.0
Lygodium_japonicum_C227948	AT3G08943.1	53.659	41	19	0	124	2	161	201	4.58e-07	41.6
Lygodium_japonicum_C228152	AT1G69010.1	43.182	44	25	0	253	384	50	93	1.75e-07	42.7
Lygodium_japonicum_C228152	AT5G08130.8	40.909	44	26	0	253	384	285	328	1.05e-06	40.4
Lygodium_japonicum_C228576	AT1G30270.1	47.170	53	21	2	248	105	150	200	7.97e-09	46.6
Lygodium_japonicum_C228576	AT5G35410.1	44.262	61	28	3	278	105	121	178	2.32e-08	45.1
Lygodium_japonicum_C228576	AT2G26980.4	41.509	53	24	2	248	105	143	193	2.01e-07	42.4
Lygodium_japonicum_C228576	AT4G24400.1	38.095	63	31	3	284	105	119	176	3.82e-07	41.6
Lygodium_japonicum_C228576	AT1G01140.3	41.509	53	24	2	248	105	138	188	9.00e-07	40.8
Lygodium_japonicum_C228576	AT5G21326.1	41.509	53	24	2	248	105	132	182	2.73e-06	39.3
Lygodium_japonicum_C228750	AT4G24400.1	32.203	118	77	1	36	389	32	146	9.70e-16	66.2
Lygodium_japonicum_C228750	AT5G35410.1	31.356	118	78	1	36	389	34	148	3.58e-14	62.0
Lygodium_japonicum_C228750	AT2G26980.4	27.143	140	85	2	12	389	25	161	5.72e-14	61.2
Lygodium_japonicum_C228750	AT5G21326.1	28.244	131	89	2	3	389	23	150	2.18e-13	59.7
Lygodium_japonicum_C228750	AT1G30270.1	28.814	118	81	1	36	389	54	168	3.47e-13	58.9
Lygodium_japonicum_C228750	AT1G01140.3	26.271	118	84	1	36	389	42	156	2.77e-12	56.6
Lygodium_japonicum_C228822	AT1G13630.4	29.630	135	83	4	10	390	409	539	2.21e-09	48.1
Lygodium_japonicum_C228822	AT1G13630.4	26.613	124	87	1	25	384	484	607	9.55e-08	43.5
Lygodium_japonicum_C228822	AT1G13630.4	26.891	119	83	1	10	354	444	562	3.96e-07	42.0
Lygodium_japonicum_C228822	AT1G13630.4	25.000	116	83	1	10	345	514	629	6.17e-07	41.2
Lygodium_japonicum_C228822	AT4G21880.1	21.970	132	97	3	4	390	495	623	1.92e-08	45.4
Lygodium_japonicum_C228914	AT5G02810.1	32.039	103	67	2	76	375	97	199	5.91e-12	55.8
Lygodium_japonicum_C228914	AT5G60100.2	29.808	104	68	2	76	375	83	185	3.13e-11	53.5
Lygodium_japonicum_C228982	AT1G13630.4	28.571	91	59	2	283	11	488	572	9.67e-06	37.7
Lygodium_japonicum_C228960	AT5G64940.1	43.902	82	41	2	150	392	226	303	9.36e-14	60.8
Lygodium_japonicum_C229334	AT1G13630.4	32.558	86	58	0	74	331	515	600	1.20e-07	43.5
Lygodium_japonicum_C229468	AT4G21880.1	29.231	65	43	1	201	7	497	558	4.26e-07	41.6
Lygodium_japonicum_C229468	AT4G04790.1	20.175	114	84	2	336	7	428	538	7.32e-06	38.1
Lygodium_japonicum_C229528	AT4G21880.1	31.373	102	67	1	313	8	495	593	4.11e-11	53.1
Lygodium_japonicum_C229528	AT1G13630.4	28.713	101	67	3	307	14	338	436	1.14e-08	46.2
Lygodium_japonicum_C229528	AT1G13630.4	27.083	96	70	0	292	5	414	509	8.73e-08	43.9
Lygodium_japonicum_C229528	AT4G04790.1	25.263	95	68	1	307	23	477	568	1.84e-06	40.0
Lygodium_japonicum_C229708	AT1G13630.4	24.444	135	63	2	3	395	519	618	3.79e-07	42.0
Lygodium_japonicum_C229708	AT4G04790.1	23.636	110	78	2	66	386	503	609	1.66e-06	40.0
Lygodium_japonicum_C229938	AT1G13630.4	24.818	137	99	1	401	3	444	580	2.14e-08	45.4
Lygodium_japonicum_C229938	AT4G21880.1	21.374	131	95	3	389	9	501	627	7.41e-07	41.2
Lygodium_japonicum_C230290	AT5G67385.1	49.219	128	64	1	399	16	45	171	7.99e-40	134
Lygodium_japonicum_C230290	AT3G49970.1	44.361	133	71	1	399	1	14	143	4.83e-35	120
Lygodium_japonicum_C230408	AT1G13630.4	29.703	101	64	2	81	374	285	381	1.88e-11	54.3
Lygodium_japonicum_C230408	AT1G13630.4	28.448	116	66	3	69	374	562	674	5.00e-10	50.4
Lygodium_japonicum_C230408	AT1G13630.4	31.507	73	49	1	156	374	416	487	8.57e-09	46.6
Lygodium_japonicum_C230408	AT1G13630.4	25.180	139	68	2	63	374	420	557	1.10e-08	46.6
Lygodium_japonicum_C230408	AT1G13630.4	25.000	104	77	1	63	374	490	592	1.54e-08	45.8
Lygodium_japonicum_C230408	AT3G61360.1	28.125	96	68	1	90	374	299	394	3.56e-08	45.1
Lygodium_japonicum_C230506	AT1G13630.4	25.758	132	90	2	23	406	321	448	9.47e-14	60.8
Lygodium_japonicum_C230506	AT1G13630.4	27.536	138	97	1	2	406	451	588	4.90e-13	58.9
Lygodium_japonicum_C230506	AT1G13630.4	33.846	130	74	4	29	394	354	479	1.74e-12	57.4
Lygodium_japonicum_C230506	AT1G13630.4	31.111	135	86	3	11	406	212	342	1.68e-11	54.7
Lygodium_japonicum_C230506	AT1G13630.4	31.452	124	82	2	20	382	281	404	7.71e-11	52.8
Lygodium_japonicum_C230506	AT1G13630.4	26.429	140	86	5	2	373	591	729	1.73e-08	45.8
Lygodium_japonicum_C230506	AT1G13630.4	23.200	125	93	1	2	367	521	645	4.30e-08	44.7
Lygodium_japonicum_C230506	AT3G61360.1	25.781	128	91	2	32	406	192	318	6.41e-11	52.8
Lygodium_japonicum_C230506	AT4G04790.1	28.421	95	68	0	77	361	474	568	1.96e-09	48.5
Lygodium_japonicum_C230506	AT4G21880.1	24.528	106	80	0	77	394	494	599	9.90e-09	46.6
Lygodium_japonicum_C230532	AT4G21880.1	25.410	122	81	2	392	48	473	591	1.51e-11	54.7
Lygodium_japonicum_C230532	AT4G04790.1	25.210	119	79	3	392	57	453	568	1.35e-09	48.9
Lygodium_japonicum_C230532	AT1G13630.4	26.515	132	91	2	386	3	431	560	1.90e-08	45.8
Lygodium_japonicum_C230532	AT3G61360.1	22.330	103	80	0	341	33	244	346	4.81e-07	41.6
Lygodium_japonicum_C230652	AT1G13630.4	29.752	121	79	2	400	56	487	607	1.70e-09	48.9
Lygodium_japonicum_C230652	AT4G21880.1	24.370	119	80	2	388	53	473	588	4.71e-06	38.9
Lygodium_japonicum_C230804	AT2G32440.1	32.292	96	62	2	288	7	36	130	2.07e-16	68.6
Lygodium_japonicum_C230804	AT1G05160.1	30.682	88	58	2	264	7	45	131	2.76e-13	59.7
Lygodium_japonicum_C230858	AT1G13630.4	29.104	134	91	1	6	395	424	557	1.27e-11	55.1
Lygodium_japonicum_C230858	AT1G13630.4	28.682	129	86	2	36	407	469	596	1.12e-09	49.3
Lygodium_japonicum_C230858	AT1G13630.4	30.108	93	60	2	33	296	362	454	1.57e-08	45.8
Lygodium_japonicum_C230858	AT1G13630.4	23.881	134	98	1	3	392	493	626	2.13e-06	39.7
Lygodium_japonicum_C230894	AT1G30270.1	33.803	142	79	5	408	1	83	215	7.47e-20	78.6
Lygodium_japonicum_C230894	AT5G21326.1	33.333	135	78	4	408	16	65	191	2.43e-19	77.0
Lygodium_japonicum_C230894	AT2G26980.4	34.091	132	81	4	408	16	76	202	4.76e-19	76.3
Lygodium_japonicum_C230894	AT1G01140.3	34.091	132	81	4	408	16	71	197	6.32e-19	75.9
Lygodium_japonicum_C230894	AT5G35410.1	31.298	131	84	3	408	16	63	187	1.48e-18	74.7
Lygodium_japonicum_C230894	AT4G24400.1	30.534	131	85	4	408	16	61	185	5.73e-16	67.4
Lygodium_japonicum_C231010	AT5G35410.1	33.071	127	67	6	358	14	128	248	5.70e-09	47.4
Lygodium_japonicum_C231010	AT1G30270.1	32.222	90	57	2	385	119	142	228	7.64e-09	47.0
Lygodium_japonicum_C231010	AT1G01140.3	31.868	91	58	2	388	119	129	216	1.06e-08	46.6
Lygodium_japonicum_C231010	AT4G24400.1	34.091	88	46	4	388	137	119	198	2.56e-07	42.4
Lygodium_japonicum_C231010	AT5G21326.1	32.955	88	55	2	379	119	126	210	3.09e-07	42.4
Lygodium_japonicum_C231010	AT2G26980.4	31.111	90	61	1	385	119	132	221	1.08e-06	40.8
Lygodium_japonicum_C231058	AT5G65930.3	34.000	50	33	0	2	151	1168	1217	2.31e-07	42.7
Lygodium_japonicum_C231162	AT4G20370.1	38.372	86	47	2	4	261	83	162	6.33e-14	59.7
Lygodium_japonicum_C231162	AT1G65480.2	37.647	85	47	2	1	255	126	204	1.79e-13	59.3
Lygodium_japonicum_C231162	AT2G27550.1	36.667	90	46	3	1	261	83	164	2.95e-12	55.1
Lygodium_japonicum_C231162	AT5G03840.1	34.091	88	51	2	1	261	85	166	3.07e-12	55.1
Lygodium_japonicum_C231162	AT5G62040.1	33.333	96	54	3	1	276	82	171	5.08e-11	52.0
Lygodium_japonicum_C231180	AT1G13630.4	25.197	127	86	4	12	371	358	482	2.46e-08	45.4
Lygodium_japonicum_C231180	AT1G13630.4	31.461	89	57	1	138	392	506	594	9.49e-06	38.1
Lygodium_japonicum_C231180	AT3G61360.1	21.053	133	99	3	9	389	263	395	5.01e-07	41.6
Lygodium_japonicum_C231246	AT2G43770.1	26.429	140	95	2	400	5	185	324	1.35e-15	65.9
Lygodium_japonicum_C231246	AT2G43770.1	31.068	103	70	1	373	65	153	254	1.78e-14	62.8
Lygodium_japonicum_C231246	AT2G43770.1	25.000	116	79	2	397	74	228	343	2.83e-14	62.4
Lygodium_japonicum_C231246	AT2G43770.1	29.060	117	79	3	412	71	54	169	1.47e-11	54.7
Lygodium_japonicum_C231246	AT2G43770.1	26.772	127	91	2	379	2	108	233	3.02e-09	48.1
Lygodium_japonicum_C231246	AT2G43770.1	30.612	98	67	1	310	20	46	143	1.76e-08	45.8
Lygodium_japonicum_C231246	AT3G49180.1	24.390	123	76	2	379	56	90	210	1.24e-11	55.1
Lygodium_japonicum_C231246	AT3G49180.1	30.435	69	48	0	280	74	81	149	2.16e-09	48.5
Lygodium_japonicum_C231246	AT4G28450.1	34.545	55	36	0	364	200	84	138	2.34e-08	45.4
Lygodium_japonicum_C231246	AT4G28450.1	27.174	92	64	2	313	41	283	372	3.01e-07	42.4
Lygodium_japonicum_C231246	AT4G02660.2	29.870	77	46	1	262	56	3332	3408	2.69e-08	45.4
Lygodium_japonicum_C231246	AT1G03060.1	31.169	77	45	1	262	56	3339	3415	4.02e-08	45.1
Lygodium_japonicum_C231246	AT1G27470.1	29.348	92	60	2	370	110	262	353	4.31e-06	38.9
Lygodium_japonicum_C231496	AT4G04790.1	34.444	90	57	1	311	42	481	568	1.60e-10	52.0
Lygodium_japonicum_C231496	AT4G21880.1	29.474	95	65	1	311	27	501	593	6.27e-08	44.3
Lygodium_japonicum_C231558	AT1G13630.4	27.642	123	89	0	9	377	510	632	5.85e-17	70.5
Lygodium_japonicum_C231558	AT1G13630.4	28.947	114	81	0	18	359	267	380	1.06e-15	66.6
Lygodium_japonicum_C231558	AT1G13630.4	27.820	133	96	0	9	407	440	572	4.06e-13	59.3
Lygodium_japonicum_C231558	AT1G13630.4	29.771	131	91	1	9	398	299	429	2.33e-12	57.0
Lygodium_japonicum_C231558	AT1G13630.4	23.770	122	93	0	18	383	478	599	6.48e-11	53.1
Lygodium_japonicum_C231558	AT1G13630.4	23.077	117	90	0	33	383	237	353	3.13e-09	48.1
Lygodium_japonicum_C231558	AT1G13630.4	28.030	132	77	4	9	359	580	708	4.23e-08	45.1
Lygodium_japonicum_C231558	AT3G61360.1	25.352	142	100	1	9	416	240	381	6.57e-12	55.8
Lygodium_japonicum_C231558	AT3G61360.1	25.000	116	79	3	48	383	180	291	9.79e-07	40.8
Lygodium_japonicum_C231558	AT4G21880.1	23.846	130	96	1	18	407	461	587	1.24e-10	52.0
Lygodium_japonicum_C231558	AT4G21880.1	24.762	105	76	1	45	359	438	539	2.14e-08	45.8
Lygodium_japonicum_C231558	AT4G21880.1	23.000	100	74	1	18	317	496	592	8.98e-07	41.2
Lygodium_japonicum_C231558	AT4G04790.1	20.769	130	100	1	18	407	441	567	1.07e-07	43.5
Lygodium_japonicum_C231558	AT4G04790.1	22.556	133	99	2	18	416	476	604	9.76e-07	40.8
Lygodium_japonicum_C231558	AT4G04790.1	22.222	90	70	0	90	359	430	519	1.02e-06	40.8
Lygodium_japonicum_C231690	AT1G13630.4	23.077	130	96	1	388	11	498	627	2.82e-08	45.4
Lygodium_japonicum_C231690	AT1G13630.4	25.781	128	86	4	373	11	362	487	1.40e-07	43.5
Lygodium_japonicum_C231690	AT1G13630.4	25.000	132	93	3	391	11	427	557	2.43e-06	39.7
Lygodium_japonicum_C231826	AT4G24400.1	26.619	139	96	4	417	1	26	158	2.06e-11	54.3
Lygodium_japonicum_C231826	AT1G30270.1	25.547	137	96	4	417	7	48	178	7.63e-11	52.8
Lygodium_japonicum_C231826	AT5G35410.1	24.324	111	79	3	339	7	53	158	2.75e-09	48.1
Lygodium_japonicum_C231826	AT5G21326.1	23.358	137	99	4	417	7	30	160	4.07e-08	44.7
Lygodium_japonicum_C231826	AT1G01140.3	22.936	109	79	3	339	13	61	164	4.77e-08	44.7
Lygodium_japonicum_C231826	AT2G26980.4	24.545	110	78	3	336	7	67	171	6.36e-08	44.3
Lygodium_japonicum_C232462	AT4G21880.1	29.508	122	79	3	393	40	470	588	5.20e-12	56.2
Lygodium_japonicum_C232462	AT4G04790.1	27.419	124	83	3	399	40	448	568	7.54e-11	52.8
Lygodium_japonicum_C232462	AT1G13630.4	24.793	121	78	2	423	64	492	600	2.14e-08	45.8
Lygodium_japonicum_C232462	AT1G13630.4	26.374	91	67	0	309	37	414	504	2.17e-06	40.0
Lygodium_japonicum_C232462	AT1G13630.4	27.907	86	58	1	402	157	273	358	9.05e-06	38.1
Lygodium_japonicum_C232744	AT5G21326.1	32.911	79	47	3	427	203	143	219	6.01e-06	38.5
Lygodium_japonicum_C232784	AT5G53480.1	78.873	142	30	0	427	2	203	344	1.26e-65	208
Lygodium_japonicum_C232784	AT3G08943.1	64.789	142	49	1	427	2	205	345	2.29e-43	145
Lygodium_japonicum_C232784	AT3G08947.1	61.538	130	49	1	391	2	1	129	2.04e-35	123
Lygodium_japonicum_C232862	AT4G15236.1	38.028	142	87	1	3	425	884	1025	7.73e-31	110
Lygodium_japonicum_C232862	AT4G15236.1	37.838	111	66	3	99	425	284	393	1.03e-18	75.5
Lygodium_japonicum_C232862	AT4G15215.11	37.324	142	88	1	3	425	891	1032	1.66e-30	109
Lygodium_japonicum_C232862	AT4G15215.11	37.615	109	65	3	99	419	284	391	8.05e-18	73.2
Lygodium_japonicum_C232862	AT4G15233.1	38.732	142	86	1	3	425	886	1027	6.64e-30	107
Lygodium_japonicum_C232862	AT4G15233.1	37.838	111	66	3	99	425	286	395	1.10e-18	75.5
Lygodium_japonicum_C232862	AT4G15230.1	36.620	142	89	1	3	425	894	1035	2.48e-29	105
Lygodium_japonicum_C232862	AT4G15230.1	38.532	109	64	3	99	419	287	394	7.25e-19	75.9
Lygodium_japonicum_C232862	AT3G53480.1	38.732	142	86	1	3	425	944	1085	2.58e-29	105
Lygodium_japonicum_C232862	AT3G53480.1	31.214	173	87	4	3	425	257	429	2.84e-20	80.1
Lygodium_japonicum_C232862	AT2G37280.3	36.620	142	89	1	3	425	936	1077	2.31e-27	100
Lygodium_japonicum_C232862	AT2G37280.3	34.545	110	71	1	99	425	314	423	1.24e-19	78.2
Lygodium_japonicum_C232952	AT2G32440.1	49.138	116	56	2	419	78	370	484	9.23e-34	117
Lygodium_japonicum_C232952	AT1G05160.1	47.863	117	57	2	419	78	372	487	5.38e-33	115
Lygodium_japonicum_C233324	AT1G30270.1	35.714	84	51	2	11	259	150	231	1.47e-09	49.3
Lygodium_japonicum_C233324	AT5G35410.1	35.632	87	51	2	11	268	130	212	1.93e-09	48.9
Lygodium_japonicum_C233324	AT1G01140.3	34.783	92	47	3	11	268	138	222	2.87e-09	48.1
Lygodium_japonicum_C233324	AT5G21326.1	37.079	89	43	3	11	259	132	213	6.45e-09	47.4
Lygodium_japonicum_C233324	AT2G26980.4	39.326	89	41	3	11	259	143	224	7.57e-09	47.0
Lygodium_japonicum_C233324	AT4G24400.1	36.782	87	50	2	11	268	128	210	2.52e-08	45.4
Lygodium_japonicum_C233344	AT2G26980.4	34.351	131	75	4	40	408	143	270	7.67e-14	61.6
Lygodium_japonicum_C233344	AT5G35410.1	40.000	90	49	4	10	276	121	206	1.34e-13	60.8
Lygodium_japonicum_C233344	AT1G30270.1	40.000	80	46	2	40	276	150	228	8.51e-13	58.5
Lygodium_japonicum_C233344	AT5G21326.1	40.000	80	46	2	40	276	132	210	1.17e-12	58.2
Lygodium_japonicum_C233344	AT1G01140.3	38.750	80	47	2	40	276	138	216	3.52e-12	56.6
Lygodium_japonicum_C233344	AT4G24400.1	34.783	92	53	3	4	276	119	204	5.01e-11	53.5
Lygodium_japonicum_C233394	AT5G67385.1	32.847	137	73	2	2	412	111	228	2.95e-14	62.8
Lygodium_japonicum_C233394	AT3G49970.1	27.007	137	62	2	2	412	78	176	5.70e-13	58.9
Lygodium_japonicum_C233616	AT1G30270.1	31.579	133	81	4	3	401	79	201	8.93e-13	58.5
Lygodium_japonicum_C233616	AT5G21326.1	32.331	133	80	5	3	401	61	183	1.98e-11	54.7
Lygodium_japonicum_C233616	AT4G24400.1	30.935	139	83	5	3	419	57	182	2.01e-11	54.7
Lygodium_japonicum_C233616	AT1G01140.3	30.827	133	82	5	3	401	67	189	2.82e-11	54.3
Lygodium_japonicum_C233616	AT2G26980.4	30.827	133	82	5	3	401	72	194	3.10e-11	53.9
Lygodium_japonicum_C233616	AT5G35410.1	30.827	133	80	3	3	401	59	179	1.06e-10	52.4
Lygodium_japonicum_C233736	AT2G01980.1	74.667	75	18	1	239	15	276	349	1.69e-30	109
Lygodium_japonicum_C233736	AT1G14660.1	71.875	64	18	0	239	48	274	337	4.67e-21	82.4
Lygodium_japonicum_C233732	AT1G13630.4	24.615	130	93	2	380	3	405	533	5.54e-10	50.4
Lygodium_japonicum_C233732	AT1G13630.4	28.125	96	63	2	437	165	522	616	1.36e-08	46.6
Lygodium_japonicum_C233732	AT1G13630.4	25.234	107	75	2	416	108	494	599	1.91e-06	40.4
Lygodium_japonicum_C233732	AT1G13630.4	26.804	97	59	3	428	156	560	650	8.49e-06	38.5
Lygodium_japonicum_C233762	AT4G21880.1	26.549	113	71	3	113	427	501	609	3.77e-06	39.3
Lygodium_japonicum_C233762	AT1G13630.4	28.000	100	62	4	14	286	516	614	6.53e-06	38.9
Lygodium_japonicum_C233774	AT2G32440.1	26.950	141	94	4	430	17	137	271	2.60e-11	54.3
Lygodium_japonicum_C233774	AT1G05160.1	30.233	129	81	4	430	53	138	260	4.54e-11	53.5
Lygodium_japonicum_C233866	AT5G64940.1	35.849	106	68	0	119	436	400	505	1.09e-19	78.6
Lygodium_japonicum_C233900	AT5G65930.3	45.985	137	71	2	439	29	573	706	4.76e-33	116
Lygodium_japonicum_C233882	AT1G13630.4	26.923	104	72	1	301	2	495	598	8.88e-07	41.2
Lygodium_japonicum_C234198	AT2G32440.1	26.374	91	58	2	445	173	372	453	1.63e-07	43.5
Lygodium_japonicum_C234198	AT1G05160.1	26.374	91	59	2	445	173	374	456	1.83e-06	40.4
Lygodium_japonicum_C234262	AT2G28490.1	27.891	147	104	2	7	441	333	479	5.26e-13	59.3
Lygodium_japonicum_C234396	AT3G61360.1	29.927	137	86	4	62	445	285	420	2.92e-11	54.3
Lygodium_japonicum_C234396	AT3G61360.1	23.622	127	96	1	68	445	222	348	1.07e-08	47.0
Lygodium_japonicum_C234396	AT4G21880.1	26.136	88	65	0	107	370	454	541	1.01e-09	50.1
Lygodium_japonicum_C234396	AT4G21880.1	35.000	60	39	0	86	265	482	541	1.09e-07	43.9
Lygodium_japonicum_C234396	AT1G13630.4	27.500	120	87	0	86	445	429	548	1.36e-09	49.7
Lygodium_japonicum_C234396	AT1G13630.4	24.427	131	98	1	56	445	313	443	5.76e-08	44.7
Lygodium_japonicum_C234396	AT1G13630.4	25.620	121	89	1	86	445	358	478	3.49e-07	42.4
Lygodium_japonicum_C234396	AT1G13630.4	27.619	105	76	0	122	436	300	404	6.12e-07	42.0
Lygodium_japonicum_C234396	AT1G13630.4	23.894	113	86	0	98	436	655	767	2.85e-06	40.0
Lygodium_japonicum_C234396	AT4G04790.1	22.430	107	80	1	116	436	437	540	9.44e-08	44.3
Lygodium_japonicum_C234428	AT1G13630.4	22.297	148	107	2	446	21	407	552	1.37e-07	43.5
Lygodium_japonicum_C234428	AT4G21880.1	24.444	135	86	3	428	48	501	627	4.47e-07	42.4
Lygodium_japonicum_C234504	AT1G13630.4	31.897	116	72	2	1	327	494	609	1.03e-11	55.8
Lygodium_japonicum_C234504	AT4G21880.1	20.567	141	104	4	22	435	490	625	2.12e-07	43.1
Lygodium_japonicum_C234504	AT3G61360.1	23.140	121	87	2	40	390	243	361	4.66e-06	39.3
Lygodium_japonicum_C234640	AT1G13630.4	26.573	143	74	2	445	17	518	629	2.48e-10	51.6
Lygodium_japonicum_C235026	AT4G21880.1	25.984	127	85	5	405	43	502	625	3.29e-06	39.7
Lygodium_japonicum_C235262	AT1G13630.4	29.245	106	71	1	151	456	494	599	1.09e-06	41.2
Lygodium_japonicum_C235528	AT1G13630.4	21.154	156	118	2	6	458	372	527	2.33e-07	43.1
Lygodium_japonicum_C235528	AT1G13630.4	24.576	118	85	1	3	344	477	594	2.11e-06	40.4
Lygodium_japonicum_C235528	AT4G21880.1	25.743	101	69	2	6	299	531	628	4.54e-07	42.4
Lygodium_japonicum_C235686	AT5G67385.1	38.462	130	69	4	421	35	232	351	7.88e-20	79.0
Lygodium_japonicum_C235686	AT3G49970.1	37.692	130	70	2	421	35	180	299	3.92e-19	77.0
Lygodium_japonicum_C235884	AT4G21880.1	25.000	100	72	1	136	435	497	593	1.05e-09	50.1
Lygodium_japonicum_C235884	AT4G04790.1	25.263	95	68	1	136	420	477	568	3.13e-07	42.7
Lygodium_japonicum_C235884	AT3G61360.1	23.529	119	81	3	97	429	297	413	3.82e-07	42.4
Lygodium_japonicum_C235964	AT1G13630.4	25.625	160	99	6	6	431	518	675	1.15e-09	50.1
Lygodium_japonicum_C235964	AT1G13630.4	26.357	129	91	1	54	428	429	557	9.80e-08	44.3
Lygodium_japonicum_C235964	AT1G13630.4	24.000	150	108	2	3	440	236	383	2.46e-07	43.1
Lygodium_japonicum_C235964	AT1G13630.4	25.658	152	108	1	9	449	308	459	5.41e-07	42.0
Lygodium_japonicum_C235964	AT4G21880.1	22.152	158	114	4	6	461	501	655	1.42e-07	43.9
Lygodium_japonicum_C235964	AT4G04790.1	22.642	159	112	4	6	461	481	635	7.61e-07	41.6
Lygodium_japonicum_C236006	AT4G21880.1	28.723	94	64	2	283	2	497	587	3.02e-06	40.0
Lygodium_japonicum_C236008	AT1G13630.4	30.556	144	96	1	422	3	410	553	6.12e-19	76.6
Lygodium_japonicum_C236008	AT1G13630.4	25.434	173	109	4	461	3	498	670	9.88e-12	55.8
Lygodium_japonicum_C236008	AT1G13630.4	25.170	147	101	2	422	3	304	448	6.25e-10	50.8
Lygodium_japonicum_C236008	AT3G61360.1	24.375	160	114	2	461	3	194	353	4.69e-12	56.6
Lygodium_japonicum_C236008	AT4G21880.1	27.132	129	88	3	413	36	501	626	1.18e-09	50.1
Lygodium_japonicum_C236008	AT4G04790.1	25.758	132	86	3	413	36	481	606	6.98e-07	42.0
Lygodium_japonicum_C236248	AT1G13630.4	29.487	156	109	1	467	3	393	548	5.90e-19	76.6
Lygodium_japonicum_C236248	AT1G13630.4	25.654	191	100	3	467	12	323	510	7.76e-15	64.7
Lygodium_japonicum_C236248	AT1G13630.4	27.950	161	104	1	458	12	607	767	1.14e-14	64.3
Lygodium_japonicum_C236248	AT1G13630.4	26.027	146	106	1	449	12	261	404	1.27e-13	61.2
Lygodium_japonicum_C236248	AT1G13630.4	25.806	155	115	0	467	3	429	583	3.56e-13	60.1
Lygodium_japonicum_C236248	AT1G13630.4	22.222	162	114	2	467	18	534	695	1.41e-11	55.5
Lygodium_japonicum_C236248	AT1G13630.4	23.333	120	86	3	416	66	516	632	9.93e-09	47.4
Lygodium_japonicum_C236248	AT3G61360.1	22.751	189	109	3	458	3	232	420	6.76e-14	62.0
Lygodium_japonicum_C236248	AT3G61360.1	21.481	135	102	2	467	72	299	432	6.68e-07	42.0
Lygodium_japonicum_C236248	AT4G21880.1	22.826	184	103	3	461	15	449	628	1.26e-13	61.2
Lygodium_japonicum_C236248	AT4G21880.1	29.091	110	74	2	467	138	517	622	2.58e-11	54.7
Lygodium_japonicum_C236248	AT4G04790.1	28.182	110	75	2	467	138	497	602	2.09e-10	52.0
Lygodium_japonicum_C236248	AT4G04790.1	22.857	140	103	2	461	45	429	564	7.98e-10	50.4
Lygodium_japonicum_C236248	AT4G04790.1	23.944	142	104	2	446	21	469	606	1.42e-09	49.7
Lygodium_japonicum_C236228	AT1G30270.1	40.323	62	34	3	209	30	168	228	9.60e-07	37.7
Lygodium_japonicum_C236228	AT1G30270.1	52.381	21	9	1	357	298	145	165	9.60e-07	25.0
Lygodium_japonicum_C236226	AT1G13630.4	23.684	114	81	2	401	78	487	600	1.54e-06	40.8
Lygodium_japonicum_C236226	AT4G21880.1	25.000	88	63	1	326	63	501	585	8.12e-06	38.9
Lygodium_japonicum_C236354	AT1G67120.2	43.243	74	37	3	106	327	4924	4992	6.97e-10	50.8
Lygodium_japonicum_C236572	AT1G13630.4	25.333	150	104	3	473	36	319	464	3.46e-10	51.6
Lygodium_japonicum_C236572	AT1G13630.4	23.358	137	104	1	431	21	509	644	2.03e-08	46.2
Lygodium_japonicum_C236572	AT1G13630.4	22.449	147	103	2	446	36	646	791	8.05e-07	41.6
Lygodium_japonicum_C236572	AT1G13630.4	21.118	161	91	3	401	24	414	573	2.67e-06	40.0
Lygodium_japonicum_C236572	AT3G61360.1	22.876	153	106	5	470	30	227	373	4.93e-08	45.1
Lygodium_japonicum_C236804	AT5G60100.2	34.483	87	54	1	254	3	82	168	3.03e-10	51.6
Lygodium_japonicum_C236804	AT5G02810.1	33.333	87	55	1	254	3	96	182	2.70e-09	48.9
Lygodium_japonicum_C237024	AT1G13630.4	25.949	158	116	1	472	2	400	557	4.17e-17	71.6
Lygodium_japonicum_C237024	AT1G13630.4	26.974	152	109	1	451	2	441	592	1.38e-16	70.1
Lygodium_japonicum_C237024	AT1G13630.4	23.567	157	108	1	436	2	518	674	7.07e-16	68.2
Lygodium_japonicum_C237024	AT1G13630.4	28.571	147	104	1	439	2	306	452	7.42e-16	67.8
Lygodium_japonicum_C237024	AT1G13630.4	25.478	157	117	0	475	5	470	626	1.85e-13	60.8
Lygodium_japonicum_C237024	AT1G13630.4	23.288	146	112	0	439	2	236	381	2.07e-11	55.1
Lygodium_japonicum_C237024	AT1G13630.4	26.866	134	98	0	439	38	271	404	5.34e-11	53.9
Lygodium_japonicum_C237024	AT1G13630.4	22.603	146	113	0	460	23	662	807	1.22e-08	47.0
Lygodium_japonicum_C237024	AT3G61360.1	24.490	147	110	1	442	2	177	322	4.59e-10	51.2
Lygodium_japonicum_C237024	AT4G21880.1	20.690	145	112	1	472	38	419	560	2.45e-07	43.1
Lygodium_japonicum_C237024	AT4G04790.1	19.863	146	114	1	475	38	398	540	2.78e-06	40.0
Lygodium_japonicum_C237014	AT4G21880.1	21.168	137	99	3	398	3	453	585	7.56e-06	38.9
Lygodium_japonicum_C237158	AT4G15215.11	34.667	75	41	4	476	276	1004	1078	1.68e-07	43.9
Lygodium_japonicum_C237158	AT4G15230.1	35.211	71	39	3	476	285	1007	1077	5.64e-07	42.4
Lygodium_japonicum_C237158	AT4G15236.1	35.211	71	39	3	476	285	997	1067	9.29e-07	41.6
Lygodium_japonicum_C237158	AT3G53480.1	39.394	66	33	3	476	300	1057	1122	1.24e-06	41.2
Lygodium_japonicum_C237158	AT4G15233.1	33.803	71	40	3	476	285	999	1069	4.16e-06	39.7
Lygodium_japonicum_C237166	AT4G04790.1	24.242	132	88	3	445	68	481	606	2.33e-08	46.2
Lygodium_japonicum_C237166	AT4G21880.1	25.385	130	89	3	445	68	501	626	2.50e-08	46.2
Lygodium_japonicum_C237166	AT1G13630.4	30.233	86	60	0	457	200	514	599	1.04e-07	44.3
Lygodium_japonicum_C237166	AT1G13630.4	23.846	130	95	2	454	77	410	539	1.25e-07	44.3
Lygodium_japonicum_C237166	AT1G13630.4	23.358	137	94	4	457	71	338	471	6.56e-06	39.3
Lygodium_japonicum_C237198	AT4G21790.1	48.148	27	14	0	81	1	16	42	4.56e-06	39.3
Lygodium_japonicum_C237224	AT1G13630.4	32.710	107	66	3	87	392	494	599	2.43e-10	52.0
Lygodium_japonicum_C237224	AT1G13630.4	25.625	160	110	3	18	470	295	454	4.19e-10	51.2
Lygodium_japonicum_C237224	AT4G21880.1	28.000	100	67	2	147	440	501	597	3.20e-07	43.1
Lygodium_japonicum_C237224	AT3G61360.1	23.841	151	107	2	42	470	209	359	8.44e-06	38.5
Lygodium_japonicum_C237224	AT4G04790.1	23.636	110	77	2	102	419	462	568	8.77e-06	38.9
Lygodium_japonicum_C237266	AT1G30270.1	25.620	121	71	3	401	39	75	176	8.46e-08	44.7
Lygodium_japonicum_C237266	AT1G01140.3	25.410	122	70	3	401	39	63	164	9.34e-08	44.3
Lygodium_japonicum_C237266	AT4G24400.1	27.273	121	69	4	401	39	53	154	1.14e-07	44.3
Lygodium_japonicum_C237266	AT2G26980.4	27.273	121	69	4	401	39	68	169	1.90e-07	43.5
Lygodium_japonicum_C237266	AT5G35410.1	23.967	121	73	3	401	39	55	156	6.63e-07	42.0
Lygodium_japonicum_C237434	AT4G21880.1	23.871	155	112	3	476	21	517	668	4.03e-06	39.7
Lygodium_japonicum_C238198	AT4G21880.1	25.564	133	93	3	398	9	497	626	7.05e-10	50.8
Lygodium_japonicum_C238414	AT4G21880.1	22.695	141	101	4	32	445	492	627	1.92e-06	40.8
Lygodium_japonicum_C238578	AT1G13630.4	26.347	167	116	3	3	485	342	507	1.48e-11	55.8
Lygodium_japonicum_C238578	AT1G13630.4	22.156	167	126	1	3	491	237	403	2.17e-06	40.8
Lygodium_japonicum_C238578	AT3G61360.1	20.238	168	128	3	6	491	214	381	2.31e-07	43.5
Lygodium_japonicum_C238578	AT4G21880.1	23.958	96	70	1	3	290	501	593	2.73e-06	40.4
Lygodium_japonicum_C238588	AT4G21880.1	24.107	112	77	3	28	351	518	625	8.09e-06	38.9
Lygodium_japonicum_C238634	AT5G08130.8	55.556	36	15	1	106	2	285	320	1.10e-06	41.6
Lygodium_japonicum_C238634	AT1G69010.1	52.778	36	16	1	106	2	50	85	8.31e-06	38.5
Lygodium_japonicum_C238626	AT1G13630.4	31.387	137	88	3	397	2	404	539	1.68e-14	64.3
Lygodium_japonicum_C238626	AT1G13630.4	31.200	125	81	2	373	14	341	465	1.33e-11	55.8
Lygodium_japonicum_C238626	AT1G13630.4	26.562	128	87	3	493	125	474	599	3.98e-09	48.5
Lygodium_japonicum_C238706	AT5G67385.1	29.518	166	99	2	500	3	151	298	3.47e-17	72.0
Lygodium_japonicum_C238706	AT3G49970.1	30.723	166	78	4	500	3	118	246	7.02e-17	71.2
Lygodium_japonicum_C238716	AT1G13630.4	26.531	147	96	5	415	5	360	504	1.87e-08	46.6
Lygodium_japonicum_C238716	AT1G13630.4	27.723	101	69	1	367	77	521	621	3.00e-08	46.2
Lygodium_japonicum_C238716	AT1G13630.4	28.800	125	79	2	436	92	246	370	3.96e-07	42.7
Lygodium_japonicum_C238716	AT4G04790.1	30.435	92	60	2	283	8	481	568	4.34e-07	42.7
Lygodium_japonicum_C238716	AT3G61360.1	23.423	111	81	1	496	176	243	353	8.41e-07	42.0
Lygodium_japonicum_C238716	AT4G21880.1	29.293	99	64	3	496	209	531	626	4.16e-06	39.7
Lygodium_japonicum_C238716	AT4G21880.1	26.882	93	62	3	283	8	501	588	5.51e-06	39.7
Lygodium_japonicum_C238910	AT1G13630.4	24.476	143	100	3	458	48	270	410	1.32e-09	50.1
Lygodium_japonicum_C238910	AT1G13630.4	23.226	155	110	4	449	6	414	566	9.36e-08	44.7
Lygodium_japonicum_C239034	AT1G13630.4	20.408	147	113	1	22	450	407	553	3.61e-08	45.8
Lygodium_japonicum_C239034	AT1G13630.4	24.503	151	75	3	28	468	514	629	7.38e-07	42.0
Lygodium_japonicum_C239074	AT3G61360.1	25.000	128	88	4	12	377	232	357	6.87e-11	53.9
Lygodium_japonicum_C239074	AT3G61360.1	26.000	100	57	3	168	458	180	265	1.09e-07	44.3
Lygodium_japonicum_C239074	AT1G13630.4	21.687	166	124	3	24	506	365	529	5.02e-07	42.7
Lygodium_japonicum_C239074	AT1G13630.4	21.111	180	123	5	6	494	535	712	4.19e-06	40.0
Lygodium_japonicum_C239074	AT4G21880.1	21.348	89	60	2	195	440	473	558	5.16e-06	39.7
Lygodium_japonicum_C239074	AT4G04790.1	20.225	89	61	2	195	440	453	538	6.03e-06	39.3
Lygodium_japonicum_C239440	AT2G43770.1	25.743	101	72	2	192	491	152	250	2.30e-09	49.3
Lygodium_japonicum_C239440	AT2G43770.1	23.894	113	84	2	156	491	97	208	8.31e-07	41.6
Lygodium_japonicum_C239440	AT4G28450.1	31.429	70	44	1	168	365	68	137	3.12e-06	40.0
Lygodium_japonicum_C239440	AT3G49180.1	25.203	123	79	2	162	491	81	203	4.73e-06	39.7
Lygodium_japonicum_C239460	AT5G67385.1	54.938	162	72	1	15	497	10	171	2.97e-52	170
Lygodium_japonicum_C239460	AT3G49970.1	50.370	135	66	1	93	497	5	138	1.50e-35	123
Lygodium_japonicum_C239478	AT5G21326.1	37.241	145	91	0	450	16	14	158	1.74e-25	95.5
Lygodium_japonicum_C239478	AT2G26980.4	36.552	145	92	0	450	16	25	169	3.77e-25	94.7
Lygodium_japonicum_C239478	AT1G30270.1	35.714	140	90	0	435	16	37	176	3.72e-24	92.0
Lygodium_japonicum_C239478	AT4G24400.1	33.571	140	93	0	435	16	15	154	2.52e-23	89.4
Lygodium_japonicum_C239478	AT1G01140.3	34.286	140	92	0	435	16	25	164	3.91e-23	89.0
Lygodium_japonicum_C239478	AT5G35410.1	34.483	145	95	0	450	16	12	156	4.23e-23	89.0
Lygodium_japonicum_C239474	AT1G30270.1	39.429	175	100	2	1	507	60	234	1.17e-41	139
Lygodium_japonicum_C239474	AT2G26980.4	39.429	175	100	2	1	507	53	227	2.79e-38	130
Lygodium_japonicum_C239474	AT1G01140.3	38.150	173	101	2	1	501	48	220	5.77e-38	129
Lygodium_japonicum_C239474	AT4G24400.1	38.012	171	102	2	1	501	38	208	6.48e-38	129
Lygodium_japonicum_C239474	AT5G21326.1	40.000	175	99	2	1	507	42	216	1.33e-37	128
Lygodium_japonicum_C239474	AT5G35410.1	37.572	173	104	2	1	507	40	212	1.33e-36	125
Lygodium_japonicum_C239502	AT1G13630.4	27.586	174	121	2	2	511	427	599	3.25e-16	69.3
Lygodium_japonicum_C239502	AT1G13630.4	24.138	174	124	4	8	511	358	529	1.10e-08	47.4
Lygodium_japonicum_C239502	AT1G13630.4	25.333	150	108	2	2	439	251	400	1.05e-07	44.7
Lygodium_japonicum_C239502	AT4G21880.1	27.679	112	75	3	8	334	517	625	4.65e-08	45.8
Lygodium_japonicum_C239502	AT4G04790.1	27.711	83	56	2	263	511	481	559	1.80e-06	41.2
Lygodium_japonicum_C239542	AT1G13630.4	35.849	106	60	2	508	203	299	400	2.53e-15	67.0
Lygodium_japonicum_C239542	AT1G13630.4	34.021	97	64	0	493	203	410	506	1.62e-14	64.3
Lygodium_japonicum_C239542	AT1G13630.4	33.333	105	69	1	508	197	334	438	1.73e-13	61.6
Lygodium_japonicum_C239542	AT1G13630.4	28.788	132	74	3	511	125	368	482	4.09e-13	60.5
Lygodium_japonicum_C239542	AT1G13630.4	32.000	100	68	0	508	209	440	539	9.48e-13	59.3
Lygodium_japonicum_C239542	AT1G13630.4	30.435	115	68	2	508	200	615	729	3.61e-12	57.8
Lygodium_japonicum_C239542	AT1G13630.4	32.000	100	68	0	496	197	514	613	1.48e-10	53.1
Lygodium_japonicum_C239542	AT1G13630.4	30.526	95	66	0	487	203	236	330	1.63e-09	50.1
Lygodium_japonicum_C239542	AT1G13630.4	24.219	128	93	2	508	134	545	671	1.40e-08	47.4
Lygodium_japonicum_C239542	AT1G13630.4	24.265	136	91	1	508	137	580	715	1.61e-08	47.0
Lygodium_japonicum_C239542	AT3G61360.1	39.130	46	28	0	511	374	309	354	2.29e-08	46.6
Lygodium_japonicum_C239542	AT3G61360.1	28.829	111	65	3	511	200	239	342	4.65e-07	42.7
Lygodium_japonicum_C239542	AT3G61360.1	26.000	100	74	0	499	200	208	307	6.59e-07	42.4
Lygodium_japonicum_C239542	AT4G04790.1	23.469	98	72	1	499	206	476	570	7.96e-07	42.0
Lygodium_japonicum_C239560	AT5G65930.3	34.463	177	105	6	513	1	1002	1173	8.29e-23	88.6
Lygodium_japonicum_C239688	AT1G13630.4	25.210	119	84	2	143	487	422	539	3.67e-08	46.2
Lygodium_japonicum_C240028	AT5G54510.1	42.197	173	95	3	519	1	340	507	7.97e-44	147
Lygodium_japonicum_C240028	AT2G47750.1	42.353	170	89	2	519	10	328	488	2.17e-43	145
Lygodium_japonicum_C240028	AT1G59500.1	42.604	169	81	3	519	13	338	490	7.17e-43	144
Lygodium_japonicum_C240028	AT4G27260.1	40.462	173	98	3	519	1	340	507	1.29e-41	141
Lygodium_japonicum_C240028	AT4G37390.1	40.828	169	88	3	519	13	340	496	1.51e-41	141
Lygodium_japonicum_C240028	AT1G28130.1	43.931	173	92	3	519	10	331	501	2.29e-41	140
Lygodium_japonicum_C240028	AT2G23170.1	42.012	169	79	3	519	13	340	489	3.08e-41	140
Lygodium_japonicum_C240028	AT2G14960.1	40.828	169	77	3	519	13	338	483	1.10e-39	135
Lygodium_japonicum_C240064	AT5G17300.1	51.562	64	23	2	518	351	75	138	4.02e-11	54.7
Lygodium_japonicum_C240064	AT5G37260.1	54.098	61	24	2	518	348	56	116	3.99e-10	51.2
Lygodium_japonicum_C240064	AT3G10113.1	58.621	29	12	0	518	432	85	113	5.27e-08	45.4
Lygodium_japonicum_C240064	AT1G18330.2	58.621	29	12	0	518	432	96	124	5.54e-08	45.4
Lygodium_japonicum_C240084	AT4G15230.1	34.483	58	38	0	197	24	1282	1339	4.96e-07	42.7
Lygodium_japonicum_C240084	AT4G15215.11	32.759	58	39	0	197	24	1279	1336	3.32e-06	40.4
Lygodium_japonicum_C240084	AT2G37280.3	23.944	142	108	0	449	24	1240	1381	4.92e-06	40.0
Lygodium_japonicum_C240338	AT2G28490.1	55.670	97	42	1	523	236	396	492	8.83e-30	107
Lygodium_japonicum_C240476	AT4G24400.1	41.060	151	75	7	31	465	56	198	1.24e-24	93.2
Lygodium_japonicum_C240476	AT5G35410.1	36.735	147	87	3	31	465	58	200	3.32e-21	83.6
Lygodium_japonicum_C240476	AT1G01140.3	33.333	150	90	5	31	465	66	210	2.04e-18	75.9
Lygodium_japonicum_C240476	AT2G26980.4	34.000	150	89	5	31	465	71	215	1.45e-17	73.2
Lygodium_japonicum_C240476	AT5G21326.1	33.775	151	88	5	31	465	60	204	5.61e-17	71.6
Lygodium_japonicum_C240476	AT1G30270.1	32.000	150	92	5	31	465	78	222	6.66e-17	71.2
Lygodium_japonicum_C240582	AT1G13630.4	24.516	155	76	3	508	59	514	632	2.00e-10	52.8
Lygodium_japonicum_C240582	AT1G13630.4	21.714	175	125	4	514	14	301	471	8.71e-06	39.3
Lygodium_japonicum_C240582	AT3G61360.1	23.256	172	112	4	508	32	209	373	1.09e-07	44.7
Lygodium_japonicum_C240582	AT4G21880.1	23.077	130	93	4	496	116	501	626	2.82e-06	40.4
Lygodium_japonicum_C240666	AT1G13630.4	27.586	174	125	1	529	8	417	589	4.55e-14	63.5
Lygodium_japonicum_C240666	AT1G13630.4	27.119	177	127	2	529	2	276	451	5.15e-14	63.2
Lygodium_japonicum_C240666	AT1G13630.4	27.211	147	106	1	529	89	452	597	2.86e-12	58.2
Lygodium_japonicum_C240666	AT1G13630.4	21.023	176	139	0	529	2	381	556	2.21e-10	52.8
Lygodium_japonicum_C240666	AT1G13630.4	22.111	199	127	5	529	5	522	716	5.48e-07	42.7
Lygodium_japonicum_C240666	AT1G13630.4	23.810	147	100	2	496	92	602	748	6.73e-07	42.4
Lygodium_japonicum_C240666	AT1G13630.4	23.973	146	110	1	448	14	665	810	3.97e-06	40.0
Lygodium_japonicum_C240666	AT4G21880.1	21.765	170	97	2	517	8	404	537	2.45e-06	40.8
Lygodium_japonicum_C240812	AT1G30270.1	36.486	74	46	1	8	226	159	232	6.46e-07	42.4
Lygodium_japonicum_C240812	AT5G35410.1	37.838	74	41	3	8	223	139	209	4.00e-06	40.0
Lygodium_japonicum_C240874	AT1G13630.4	24.832	149	102	4	4	435	496	639	1.54e-09	50.1
Lygodium_japonicum_C240874	AT1G13630.4	22.973	148	110	2	31	465	404	550	3.09e-07	43.5
Lygodium_japonicum_C240874	AT4G04790.1	25.532	94	66	2	52	333	479	568	2.59e-08	46.6
Lygodium_japonicum_C240874	AT4G21880.1	21.008	119	88	3	58	408	501	615	1.52e-06	41.6
Lygodium_japonicum_C240874	AT3G61360.1	32.203	59	36	1	1	165	295	353	1.57e-06	41.2
Lygodium_japonicum_C240884	AT1G13630.4	25.000	176	121	4	15	512	297	471	3.37e-08	46.2
Lygodium_japonicum_C240884	AT1G13630.4	26.400	125	88	1	48	410	414	538	2.45e-06	40.8
Lygodium_japonicum_C240884	AT4G21880.1	26.471	136	94	3	120	518	495	627	2.96e-07	43.5
Lygodium_japonicum_C241252	AT1G78550.1	36.905	168	104	2	3	503	177	343	1.17e-37	127
Lygodium_japonicum_C241252	AT1G17020.1	41.176	136	78	2	102	506	212	346	2.89e-32	113
Lygodium_japonicum_C241252	AT1G17010.1	42.969	128	71	2	102	482	212	338	3.99e-31	110
Lygodium_japonicum_C241252	AT4G25300.1	36.364	165	96	4	3	482	176	336	4.36e-30	107
Lygodium_japonicum_C241252	AT4G25310.1	35.152	165	98	4	3	482	173	333	4.67e-29	104
Lygodium_japonicum_C241406	AT1G13630.4	24.719	178	91	3	540	31	496	638	2.57e-07	43.9
Lygodium_japonicum_C241406	AT1G13630.4	32.258	62	41	1	195	13	514	575	6.06e-06	39.7
Lygodium_japonicum_C241446	AT1G13630.4	25.166	151	110	1	46	489	449	599	1.15e-11	56.6
Lygodium_japonicum_C241446	AT1G13630.4	31.522	92	63	0	247	522	414	505	6.78e-11	54.3
Lygodium_japonicum_C241446	AT1G13630.4	26.163	172	116	4	19	519	233	398	7.24e-11	54.3
Lygodium_japonicum_C241446	AT1G13630.4	25.000	144	104	2	91	516	432	573	8.41e-08	45.1
Lygodium_japonicum_C241446	AT1G13630.4	25.373	134	99	1	115	513	299	432	9.50e-08	45.1
Lygodium_japonicum_C241446	AT3G61360.1	27.434	113	77	3	208	537	165	275	2.59e-08	46.6
Lygodium_japonicum_C241446	AT4G04790.1	19.259	135	106	1	112	516	437	568	4.56e-08	45.8
Lygodium_japonicum_C241446	AT4G21880.1	23.077	78	60	0	292	525	482	559	6.30e-06	39.7
Lygodium_japonicum_C241460	AT1G13630.4	23.944	142	99	4	524	123	422	562	6.60e-07	42.4
Lygodium_japonicum_C241592	AT1G03060.1	67.176	131	43	0	541	149	3107	3237	2.38e-57	187
Lygodium_japonicum_C241592	AT4G02660.2	64.885	131	46	0	541	149	3100	3230	3.27e-56	184
Lygodium_japonicum_C241876	AT5G35410.1	28.402	169	100	5	44	529	15	169	1.04e-13	62.4
Lygodium_japonicum_C241876	AT2G26980.4	26.316	171	105	5	5	496	15	171	1.07e-11	56.6
Lygodium_japonicum_C241876	AT1G30270.1	28.481	158	92	5	44	496	35	178	3.10e-11	55.1
Lygodium_japonicum_C241876	AT1G01140.3	27.329	161	96	4	29	490	18	164	3.82e-11	55.1
Lygodium_japonicum_C241876	AT4G24400.1	24.691	162	101	4	44	508	13	160	3.27e-10	52.0
Lygodium_japonicum_C241876	AT5G21326.1	27.215	158	94	5	44	496	17	160	2.08e-09	49.7
Lygodium_japonicum_C242056	AT1G13630.4	24.044	183	119	3	515	27	492	674	5.60e-11	54.7
Lygodium_japonicum_C242056	AT1G13630.4	25.153	163	117	2	491	18	223	385	2.03e-09	50.1
Lygodium_japonicum_C242058	AT2G26980.4	32.278	158	90	4	87	533	18	167	2.03e-18	75.9
Lygodium_japonicum_C242058	AT4G24400.1	30.968	155	90	4	96	533	6	152	1.82e-16	70.5
Lygodium_japonicum_C242058	AT1G30270.1	31.818	154	90	4	96	533	28	174	1.55e-15	67.8
Lygodium_japonicum_C242058	AT1G01140.3	31.410	156	88	5	96	533	16	162	1.65e-15	67.4
Lygodium_japonicum_C242058	AT5G21326.1	30.968	155	90	4	96	533	10	156	4.36e-15	66.2
Lygodium_japonicum_C242058	AT5G35410.1	30.380	158	87	6	96	533	8	154	9.63e-15	65.5
Lygodium_japonicum_C242080	AT1G13630.4	24.339	189	135	4	549	1	414	600	1.46e-11	56.2
Lygodium_japonicum_C242080	AT1G13630.4	23.944	142	98	3	546	142	485	623	1.52e-06	41.6
Lygodium_japonicum_C242080	AT1G13630.4	23.188	138	83	2	456	55	288	406	2.01e-06	41.2
Lygodium_japonicum_C242444	AT4G04790.1	23.030	165	120	2	48	530	375	536	4.44e-11	55.1
Lygodium_japonicum_C242444	AT3G61360.1	22.826	92	68	1	264	530	180	271	8.37e-08	45.1
Lygodium_japonicum_C242444	AT3G61360.1	27.711	83	56	1	237	473	275	357	4.86e-07	42.7
Lygodium_japonicum_C242444	AT1G13630.4	21.667	180	125	2	39	530	514	693	9.19e-07	42.4
Lygodium_japonicum_C242444	AT1G13630.4	18.644	177	140	1	12	530	224	400	1.44e-06	41.6
Lygodium_japonicum_C242444	AT4G21880.1	21.019	157	120	1	48	506	395	551	2.03e-06	41.2
Lygodium_japonicum_C242512	AT2G35635.1	55.714	70	31	0	109	318	1	70	1.46e-19	75.5
Lygodium_japonicum_C242512	AT2G35635.1	40.964	83	43	1	70	318	70	146	1.06e-14	62.8
Lygodium_japonicum_C242512	AT1G31340.1	55.714	70	31	0	109	318	1	70	1.51e-19	75.5
Lygodium_japonicum_C242512	AT1G31340.1	42.169	83	42	1	70	318	70	146	7.59e-16	65.9
Lygodium_japonicum_C242512	AT1G11980.1	47.143	70	37	0	109	318	1	70	8.83e-19	71.2
Lygodium_japonicum_C242580	AT1G13630.4	24.242	132	93	3	556	182	478	609	1.39e-07	44.7
Lygodium_japonicum_C242584	AT5G65930.3	35.065	154	84	6	547	113	957	1103	7.34e-17	72.0
Lygodium_japonicum_C242668	AT1G13630.4	20.635	189	141	2	541	2	365	553	7.08e-09	48.5
Lygodium_japonicum_C242918	AT4G24400.1	33.679	193	118	7	561	1	11	199	1.51e-24	93.6
Lygodium_japonicum_C242918	AT1G30270.1	33.163	196	117	7	561	1	33	223	2.70e-24	92.8
Lygodium_japonicum_C242918	AT1G01140.3	33.679	193	112	8	549	1	25	211	3.11e-24	92.8
Lygodium_japonicum_C242918	AT5G35410.1	33.862	189	115	6	549	1	17	201	4.83e-24	92.0
Lygodium_japonicum_C242918	AT5G21326.1	33.333	192	114	7	549	1	19	205	1.57e-21	85.1
Lygodium_japonicum_C242918	AT2G26980.4	31.771	192	117	7	549	1	30	216	1.68e-21	85.1
Lygodium_japonicum_C243472	AT1G13630.4	23.333	180	131	3	4	525	360	538	3.32e-09	49.7
Lygodium_japonicum_C243472	AT3G61360.1	26.154	130	84	4	7	372	232	357	3.75e-08	46.2
Lygodium_japonicum_C243472	AT4G04790.1	26.429	140	91	3	1	402	498	631	3.28e-06	40.8
Lygodium_japonicum_C243676	AT1G13630.4	27.473	182	124	2	552	31	422	603	1.06e-12	60.1
Lygodium_japonicum_C243676	AT1G13630.4	24.444	180	120	4	498	7	514	693	1.95e-09	50.4
Lygodium_japonicum_C243676	AT1G13630.4	19.608	153	114	4	438	1	358	508	2.33e-06	41.2
Lygodium_japonicum_C243676	AT1G13630.4	19.811	212	150	4	576	1	554	765	3.83e-06	40.4
Lygodium_japonicum_C243676	AT3G61360.1	23.757	181	132	2	528	4	234	414	3.01e-12	58.5
Lygodium_japonicum_C243676	AT4G21880.1	27.731	119	77	3	558	202	483	592	2.01e-09	50.4
Lygodium_japonicum_C243676	AT4G04790.1	25.210	119	79	3	549	214	453	568	3.86e-06	40.4
Lygodium_japonicum_C243816	AT1G13630.4	25.000	120	85	3	4	351	514	632	1.48e-10	53.5
Lygodium_japonicum_C244274	AT4G24400.1	36.029	136	74	5	42	440	84	209	6.23e-15	66.2
Lygodium_japonicum_C244274	AT5G35410.1	32.121	165	96	7	3	479	73	227	7.32e-13	60.1
Lygodium_japonicum_C244274	AT5G21326.1	39.450	109	50	4	195	482	132	237	4.79e-12	57.8
Lygodium_japonicum_C244274	AT2G26980.4	38.739	111	52	4	195	488	143	250	5.48e-12	57.8
Lygodium_japonicum_C244274	AT1G01140.3	35.115	131	67	5	195	572	138	255	9.67e-11	53.9
Lygodium_japonicum_C244274	AT1G30270.1	42.697	89	43	3	195	446	150	235	1.03e-10	53.9
Lygodium_japonicum_C244522	AT1G17010.1	40.945	127	74	1	3	380	213	339	1.46e-27	101
Lygodium_japonicum_C244522	AT1G78550.1	36.029	136	84	2	3	401	211	346	4.27e-27	99.8
Lygodium_japonicum_C244522	AT4G25310.1	37.500	128	79	1	3	383	208	335	2.57e-25	95.1
Lygodium_japonicum_C244522	AT4G25300.1	42.342	111	63	1	3	332	211	321	8.32e-25	93.6
Lygodium_japonicum_C244522	AT1G17020.1	38.095	126	77	1	3	377	213	338	8.94e-25	93.6
Lygodium_japonicum_C245030	AT1G13630.4	23.837	172	124	4	597	97	406	575	8.57e-10	51.6
Lygodium_japonicum_C245030	AT1G13630.4	29.167	96	63	2	591	316	549	643	8.93e-07	42.7
Lygodium_japonicum_C245040	AT3G51460.1	32.447	188	119	4	28	573	66	251	5.42e-26	98.6
Lygodium_japonicum_C245040	AT5G66020.1	33.862	189	116	5	28	573	63	249	2.98e-25	96.3
Lygodium_japonicum_C245040	AT3G51830.1	26.904	197	136	4	1	573	56	250	8.01e-20	80.9
Lygodium_japonicum_C245110	AT4G15215.11	35.227	88	45	3	59	298	949	1032	1.95e-07	44.7
Lygodium_japonicum_C245110	AT4G15230.1	34.091	88	46	3	59	298	952	1035	8.96e-07	42.7
Lygodium_japonicum_C245110	AT3G53480.1	33.333	81	49	2	59	298	1002	1078	1.23e-06	42.4
Lygodium_japonicum_C245110	AT4G15233.1	32.099	81	50	2	59	298	944	1020	1.96e-06	41.6
Lygodium_japonicum_C245110	AT2G37280.3	31.169	77	50	2	59	280	994	1070	4.79e-06	40.4
Lygodium_japonicum_C245110	AT4G15236.1	30.864	81	51	2	59	298	942	1018	5.19e-06	40.4
Lygodium_japonicum_C245176	AT1G05160.1	31.818	154	103	2	579	124	309	462	6.79e-25	95.1
Lygodium_japonicum_C245176	AT2G32440.1	31.724	145	99	0	558	124	315	459	9.17e-25	94.7
Lygodium_japonicum_C245220	AT4G24400.1	30.058	173	110	6	520	8	14	177	6.86e-14	63.5
Lygodium_japonicum_C245220	AT5G35410.1	30.058	173	110	6	520	8	16	179	2.23e-13	62.0
Lygodium_japonicum_C245220	AT1G30270.1	27.429	175	114	6	520	8	36	201	3.69e-11	55.5
Lygodium_japonicum_C245220	AT2G26980.4	26.437	174	117	5	520	8	29	194	3.93e-10	52.4
Lygodium_japonicum_C245220	AT1G01140.3	27.072	181	119	6	538	8	18	189	5.31e-10	52.0
Lygodium_japonicum_C245220	AT5G21326.1	30.899	178	104	8	520	8	18	183	5.02e-09	49.3
Lygodium_japonicum_C245258	AT1G13630.4	29.851	201	137	2	607	8	420	617	2.50e-28	105
Lygodium_japonicum_C245258	AT1G13630.4	30.688	189	130	1	592	29	249	437	6.58e-22	87.0
Lygodium_japonicum_C245258	AT1G13630.4	26.337	243	126	6	607	29	455	694	2.03e-20	82.8
Lygodium_japonicum_C245258	AT1G13630.4	26.455	189	138	1	595	32	283	471	3.77e-20	82.0
Lygodium_japonicum_C245258	AT1G13630.4	22.927	205	146	1	580	2	569	773	1.15e-17	74.7
Lygodium_japonicum_C245258	AT1G13630.4	25.658	152	113	0	568	113	655	806	1.12e-12	60.1
Lygodium_japonicum_C245258	AT1G13630.4	24.444	180	120	3	577	86	601	780	1.02e-11	57.4
Lygodium_japonicum_C245258	AT3G61360.1	27.027	148	108	0	520	77	214	361	6.50e-17	72.4
Lygodium_japonicum_C245258	AT3G61360.1	25.362	138	103	0	607	194	220	357	1.03e-12	60.1
Lygodium_japonicum_C245258	AT3G61360.1	26.271	118	85	1	607	260	325	442	3.31e-09	49.7
Lygodium_japonicum_C245258	AT3G61360.1	22.963	135	101	2	430	32	138	271	2.86e-07	43.9
Lygodium_japonicum_C245258	AT4G21880.1	18.301	153	125	0	544	86	389	541	8.18e-08	45.8
Lygodium_japonicum_C245266	AT1G13630.4	23.232	198	112	5	110	586	365	561	9.84e-13	60.5
Lygodium_japonicum_C245266	AT1G13630.4	23.316	193	138	3	44	604	308	496	5.58e-10	52.0
Lygodium_japonicum_C245266	AT1G13630.4	21.182	203	147	2	38	607	517	719	1.60e-09	50.8
Lygodium_japonicum_C245266	AT1G13630.4	21.721	244	144	6	5	601	394	635	2.07e-09	50.4
Lygodium_japonicum_C245266	AT1G13630.4	24.516	155	114	2	134	595	233	385	7.51e-08	45.8
Lygodium_japonicum_C245266	AT1G13630.4	21.512	172	118	2	122	592	615	784	3.62e-07	43.9
Lygodium_japonicum_C245266	AT3G61360.1	23.125	160	116	3	98	562	232	389	6.13e-09	48.9
Lygodium_japonicum_C245656	AT1G13630.4	26.531	98	70	2	476	186	375	471	2.05e-06	41.6
Lygodium_japonicum_C245806	AT1G13630.4	27.049	122	79	1	337	2	408	529	2.08e-07	44.7
Lygodium_japonicum_C245846	AT5G65930.3	37.619	210	124	4	618	1	949	1155	3.28e-35	125
Lygodium_japonicum_C245868	AT1G13630.4	27.333	150	105	2	71	511	408	556	3.95e-09	49.7
Lygodium_japonicum_C245868	AT1G13630.4	22.667	225	155	7	2	619	556	780	1.15e-07	45.4
Lygodium_japonicum_C245868	AT1G13630.4	24.713	174	93	3	74	586	268	406	2.54e-07	44.3
Lygodium_japonicum_C245868	AT1G13630.4	25.269	186	129	4	83	619	341	523	3.99e-07	43.9
Lygodium_japonicum_C245876	AT1G13630.4	27.957	186	128	3	569	27	416	600	4.79e-12	58.5
Lygodium_japonicum_C245876	AT1G13630.4	25.352	213	131	9	590	3	514	715	2.41e-08	47.4
Lygodium_japonicum_C245876	AT1G13630.4	24.034	233	135	5	587	12	269	500	4.01e-08	46.6
Lygodium_japonicum_C245876	AT4G21880.1	25.954	131	91	3	578	195	501	628	2.38e-09	50.4
Lygodium_japonicum_C245904	AT1G31340.1	37.333	75	44	2	150	374	1	72	1.10e-06	41.2
Lygodium_japonicum_C245904	AT2G35635.1	36.709	79	47	2	150	386	1	76	1.23e-06	40.8
Lygodium_japonicum_C245996	AT2G36450.1	60.000	60	23	1	230	54	14	73	1.56e-19	76.6
Lygodium_japonicum_C245996	AT5G52020.1	53.731	67	30	1	239	39	61	126	5.33e-13	60.1
Lygodium_japonicum_C245996	AT1G12630.1	59.016	61	24	1	239	57	15	74	9.71e-13	58.5
Lygodium_japonicum_C246086	AT1G13630.4	24.312	218	145	5	6	599	399	616	8.63e-09	48.9
Lygodium_japonicum_C246086	AT1G13630.4	27.612	134	88	5	3	386	328	458	1.09e-06	42.4
Lygodium_japonicum_C246086	AT1G13630.4	23.750	160	114	2	6	461	224	383	3.74e-06	40.8
Lygodium_japonicum_C246086	AT4G21880.1	29.000	100	66	2	138	431	501	597	2.61e-07	44.3
Lygodium_japonicum_C246046	AT1G13630.4	24.227	194	143	1	621	52	418	611	5.04e-12	58.2
Lygodium_japonicum_C246046	AT1G13630.4	24.242	231	141	9	618	7	524	747	3.56e-07	43.9
Lygodium_japonicum_C246046	AT4G21880.1	23.899	159	113	3	621	157	506	660	2.27e-07	44.7
Lygodium_japonicum_C246116	AT1G13630.4	23.697	211	150	5	609	7	330	539	1.84e-08	47.8
Lygodium_japonicum_C246258	AT1G13630.4	21.910	178	125	5	27	533	494	666	4.23e-06	40.8
Lygodium_japonicum_C246388	AT1G13630.4	25.688	109	76	2	1	312	515	623	6.00e-07	43.1
Lygodium_japonicum_C246452	AT4G24940.1	41.975	81	44	1	377	610	13	93	2.68e-13	61.6
Lygodium_japonicum_C246452	AT5G50680.1	41.975	81	44	1	377	610	13	93	4.50e-13	60.8
Lygodium_japonicum_C246452	AT5G50580.2	41.975	81	44	1	377	610	13	93	4.50e-13	60.8
Lygodium_japonicum_C246586	AT2G35635.1	33.775	151	95	3	451	2	1	147	1.26e-22	84.3
Lygodium_japonicum_C246586	AT2G35635.1	42.105	57	33	0	397	227	93	149	1.20e-09	49.3
Lygodium_japonicum_C246586	AT1G31340.1	33.775	151	95	3	451	2	1	147	1.51e-22	84.0
Lygodium_japonicum_C246586	AT1G31340.1	42.105	57	33	0	397	227	93	149	1.47e-09	49.3
Lygodium_japonicum_C246586	AT1G11980.1	43.396	53	30	0	385	227	21	73	6.00e-08	43.1
Lygodium_japonicum_C246678	AT4G04790.1	20.896	134	98	3	612	220	481	609	7.42e-06	40.0
Lygodium_japonicum_C246692	AT5G60100.2	38.095	84	51	1	629	378	110	192	1.00e-11	57.4
Lygodium_japonicum_C246692	AT5G02810.1	34.722	72	47	0	626	411	125	196	7.69e-11	55.1
Lygodium_japonicum_C246718	AT4G04790.1	27.083	144	70	5	633	202	508	616	1.54e-06	42.0
Lygodium_japonicum_C247130	AT4G21880.1	24.823	141	97	3	556	146	501	636	5.93e-10	52.4
Lygodium_japonicum_C247130	AT1G13630.4	20.833	192	145	3	565	2	410	598	4.49e-09	49.7
Lygodium_japonicum_C247130	AT1G13630.4	31.313	99	59	2	640	356	521	614	6.26e-09	49.3
Lygodium_japonicum_C247130	AT1G13630.4	26.126	111	76	2	616	296	494	602	6.80e-08	46.2
Lygodium_japonicum_C247130	AT1G13630.4	25.253	198	130	8	568	5	338	527	2.21e-07	44.7
Lygodium_japonicum_C247130	AT1G13630.4	39.535	43	26	0	565	437	585	627	5.34e-06	40.4
Lygodium_japonicum_C247130	AT3G61360.1	22.424	165	118	4	610	137	192	353	8.57e-07	42.7
Lygodium_japonicum_C247130	AT4G04790.1	22.901	131	91	3	556	176	481	605	9.82e-06	39.7
Lygodium_japonicum_C247450	AT5G53480.1	64.904	208	69	1	627	4	1	204	9.40e-86	265
Lygodium_japonicum_C247450	AT3G08943.1	64.115	209	73	1	627	1	1	207	3.21e-78	245
Lygodium_japonicum_C247884	AT2G31450.1	58.333	108	45	0	324	1	134	241	1.42e-42	142
Lygodium_japonicum_C247884	AT1G05900.2	49.091	110	56	0	330	1	139	248	2.21e-35	123
Lygodium_japonicum_C248016	AT4G04470.1	28.000	125	85	5	8	373	57	179	5.01e-09	48.5
Lygodium_japonicum_C248016	AT4G14305.1	28.571	119	81	4	26	373	60	177	1.44e-07	44.3
Lygodium_japonicum_C248344	AT5G35410.1	31.410	156	94	7	662	201	66	210	3.04e-12	59.3
Lygodium_japonicum_C248344	AT1G30270.1	29.560	159	95	6	662	201	86	232	6.29e-12	58.2
Lygodium_japonicum_C248344	AT4G24400.1	30.968	155	96	6	662	201	64	208	1.67e-11	57.0
Lygodium_japonicum_C248344	AT1G01140.3	29.560	159	95	6	662	201	74	220	1.44e-10	54.3
Lygodium_japonicum_C248344	AT2G26980.4	31.447	159	92	6	662	201	79	225	1.54e-10	53.9
Lygodium_japonicum_C248344	AT5G21326.1	29.560	159	95	6	662	201	68	214	9.76e-10	51.6
Lygodium_japonicum_C248370	AT4G21880.1	25.490	153	104	5	27	476	483	628	7.88e-11	55.1
Lygodium_japonicum_C248370	AT1G13630.4	20.833	216	137	5	33	668	422	607	2.96e-09	50.4
Lygodium_japonicum_C248370	AT1G13630.4	27.338	139	62	4	357	668	403	537	2.05e-08	47.8
Lygodium_japonicum_C248370	AT4G04790.1	22.727	176	115	7	27	533	463	624	2.33e-08	47.8
Lygodium_japonicum_C248466	AT1G20110.1	37.681	69	37	2	316	122	459	525	1.74e-07	45.1
Lygodium_japonicum_C248484	AT4G24400.1	28.877	187	112	9	51	569	119	298	5.89e-11	55.5
Lygodium_japonicum_C248484	AT5G21326.1	33.094	139	72	6	54	428	124	255	4.71e-10	52.8
Lygodium_japonicum_C248484	AT5G35410.1	31.707	123	74	5	87	428	130	251	1.16e-09	51.6
Lygodium_japonicum_C248484	AT1G30270.1	28.191	188	112	9	54	584	142	317	1.19e-09	51.6
Lygodium_japonicum_C248484	AT1G01140.3	38.043	92	50	4	51	317	129	216	3.20e-09	50.1
Lygodium_japonicum_C248484	AT2G26980.4	36.264	91	53	3	51	317	134	221	4.70e-08	46.6
Lygodium_japonicum_C248520	AT1G78895.1	62.879	132	46	2	625	233	8	137	8.42e-53	162
Lygodium_japonicum_C248520	AT1G16825.1	62.406	133	46	1	619	221	8	136	1.81e-51	158
Lygodium_japonicum_C248788	AT1G13630.4	27.027	111	81	0	4	336	301	411	7.67e-11	55.5
Lygodium_japonicum_C248788	AT1G13630.4	30.357	112	76	1	7	342	443	552	1.12e-09	52.0
Lygodium_japonicum_C248788	AT1G13630.4	26.923	104	76	0	13	324	410	513	7.83e-09	49.3
Lygodium_japonicum_C248788	AT1G13630.4	22.353	85	66	0	4	258	477	561	5.73e-06	40.4
Lygodium_japonicum_C248788	AT3G61360.1	24.528	106	78	1	7	318	313	418	1.98e-08	47.8
Lygodium_japonicum_C248870	AT5G08130.8	51.064	47	22	1	652	515	285	331	1.28e-10	54.3
Lygodium_japonicum_C248870	AT1G69010.1	45.098	51	27	1	652	503	50	100	6.91e-10	52.0
Lygodium_japonicum_C249142	AT3G61360.1	26.946	167	109	5	62	532	190	353	4.49e-10	52.8
Lygodium_japonicum_C249142	AT1G13630.4	25.568	176	122	4	167	676	428	600	1.05e-09	52.0
Lygodium_japonicum_C249142	AT1G13630.4	25.444	169	87	6	47	532	487	623	9.30e-07	43.1
Lygodium_japonicum_C249142	AT4G21880.1	22.360	161	104	5	59	499	473	626	4.98e-08	47.0
Lygodium_japonicum_C249340	AT1G13630.4	21.769	147	111	1	21	449	407	553	6.17e-11	55.5
Lygodium_japonicum_C249340	AT1G13630.4	27.465	142	94	5	30	434	304	443	4.43e-08	47.0
Lygodium_japonicum_C249340	AT1G13630.4	22.297	148	111	1	36	467	482	629	1.44e-07	45.4
Lygodium_japonicum_C249340	AT4G21880.1	22.973	148	104	4	6	434	492	634	3.20e-07	44.3
Lygodium_japonicum_C249318	AT2G28490.1	54.167	168	75	1	647	150	326	493	3.48e-52	170
Lygodium_japonicum_C249350	AT4G24400.1	36.082	97	53	4	680	396	115	204	3.41e-08	47.4
Lygodium_japonicum_C249350	AT5G35410.1	37.500	80	46	2	632	396	130	206	4.65e-07	43.9
Lygodium_japonicum_C249350	AT2G26980.4	37.374	99	51	5	680	396	130	221	7.79e-07	43.1
Lygodium_japonicum_C249350	AT5G21326.1	35.052	97	56	4	680	396	119	210	2.79e-06	41.2
Lygodium_japonicum_C249360	AT1G13630.4	23.350	197	142	4	3	569	414	609	6.95e-11	55.5
Lygodium_japonicum_C249430	AT1G13630.4	25.000	240	169	4	3	692	361	599	8.90e-12	58.2
Lygodium_japonicum_C249430	AT1G13630.4	22.868	258	153	6	54	692	273	529	1.05e-09	52.0
Lygodium_japonicum_C249430	AT3G61360.1	24.859	177	124	4	54	560	180	355	1.76e-07	45.1
Lygodium_japonicum_C249430	AT4G04790.1	22.513	191	128	5	57	593	448	630	2.99e-07	44.7
Lygodium_japonicum_C249430	AT4G21880.1	25.410	122	79	3	66	431	484	593	5.90e-07	43.5
Lygodium_japonicum_C249430	AT4G21880.1	29.630	81	54	1	450	692	502	579	2.28e-06	42.0
Lygodium_japonicum_C249554	AT2G01980.1	27.273	242	140	12	694	11	196	415	6.70e-08	46.6
Lygodium_japonicum_C249554	AT1G14660.1	24.797	246	141	10	694	11	194	413	1.06e-06	42.7
Lygodium_japonicum_C249578	AT1G01140.3	27.132	129	81	5	3	362	182	306	7.53e-06	40.0
Lygodium_japonicum_C249666	AT5G08130.8	48.936	47	23	1	265	128	285	331	1.81e-06	42.0
Lygodium_japonicum_C249666	AT1G69010.1	47.059	51	26	1	265	116	50	100	2.25e-06	41.6
Lygodium_japonicum_C249908	AT1G13630.4	27.027	185	135	0	570	16	415	599	3.71e-17	74.3
Lygodium_japonicum_C249908	AT1G13630.4	21.771	271	175	5	702	1	229	499	3.85e-15	68.2
Lygodium_japonicum_C249908	AT1G13630.4	26.904	197	143	1	588	1	373	569	6.22e-15	67.8
Lygodium_japonicum_C249908	AT1G13630.4	23.611	216	165	0	660	13	420	635	9.39e-13	61.2
Lygodium_japonicum_C249908	AT1G13630.4	22.798	193	137	1	579	37	587	779	9.46e-09	49.3
Lygodium_japonicum_C249908	AT1G13630.4	21.359	206	134	5	687	85	621	803	1.35e-07	45.8
Lygodium_japonicum_C249908	AT1G13630.4	19.828	232	174	1	660	1	490	721	6.17e-07	43.5
Lygodium_japonicum_C249908	AT3G61360.1	24.204	157	119	0	489	19	207	363	2.58e-12	59.7
Lygodium_japonicum_C249908	AT3G61360.1	22.222	198	148	2	588	7	209	404	9.56e-09	48.9
Lygodium_japonicum_C249908	AT4G21880.1	20.619	194	147	3	582	1	432	618	9.16e-08	46.2
Lygodium_japonicum_C249908	AT4G21880.1	24.299	107	80	1	591	271	563	668	1.59e-06	42.4
Lygodium_japonicum_C250136	AT4G04790.1	27.717	184	123	3	606	76	448	628	3.11e-11	56.6
Lygodium_japonicum_C250136	AT1G13630.4	22.794	272	157	7	690	13	356	620	1.67e-10	54.7
Lygodium_japonicum_C250136	AT1G13630.4	22.034	177	133	1	516	1	308	484	7.16e-10	52.8
Lygodium_japonicum_C250136	AT1G13630.4	25.481	208	110	6	627	31	479	650	1.55e-09	51.6
Lygodium_japonicum_C250136	AT4G21880.1	27.820	133	90	3	531	142	497	626	2.33e-10	53.9
Lygodium_japonicum_C250186	AT5G35410.1	34.978	223	124	4	3	668	28	230	4.68e-37	129
Lygodium_japonicum_C250186	AT2G26980.4	32.000	225	131	4	3	665	41	247	5.30e-36	126
Lygodium_japonicum_C250186	AT1G30270.1	32.083	240	135	6	3	710	48	263	1.16e-35	126
Lygodium_japonicum_C250186	AT5G21326.1	33.617	235	128	5	18	710	35	245	2.40e-35	124
Lygodium_japonicum_C250186	AT4G24400.1	32.735	223	129	4	3	668	26	228	9.79e-35	123
Lygodium_japonicum_C250186	AT1G01140.3	31.839	223	133	3	3	668	36	240	1.35e-33	120
Lygodium_japonicum_C250366	AT5G53480.1	69.620	237	68	1	713	3	18	250	4.66e-107	322
Lygodium_japonicum_C250366	AT3G08943.1	66.525	236	77	1	710	3	19	252	6.34e-96	293
Lygodium_japonicum_C250366	AT3G08947.1	72.222	36	10	0	110	3	1	36	2.53e-12	59.7
Lygodium_japonicum_C250582	AT2G26980.4	26.623	154	101	4	238	699	28	169	3.93e-15	68.2
Lygodium_japonicum_C250582	AT4G24400.1	26.797	153	100	4	238	696	13	153	3.74e-14	65.1
Lygodium_japonicum_C250582	AT5G21326.1	26.797	153	100	5	238	696	17	157	3.97e-14	65.1
Lygodium_japonicum_C250582	AT5G35410.1	27.451	153	99	4	238	696	15	155	7.50e-14	64.3
Lygodium_japonicum_C250582	AT1G30270.1	25.974	154	102	4	238	699	35	176	7.08e-13	61.6
Lygodium_japonicum_C250582	AT1G01140.3	26.144	153	101	5	238	696	23	163	9.81e-11	55.1
Lygodium_japonicum_C250774	AT4G00730.1	30.667	75	46	1	722	516	135	209	8.96e-07	43.1
Lygodium_japonicum_C250774	AT3G61150.1	29.333	75	47	1	722	516	111	185	6.75e-06	40.4
Lygodium_japonicum_C250828	AT1G30270.1	34.532	139	80	6	726	334	146	281	5.33e-18	76.6
Lygodium_japonicum_C250828	AT4G24400.1	32.331	133	85	4	726	340	124	255	1.14e-17	75.5
Lygodium_japonicum_C250828	AT5G21326.1	34.043	141	78	6	726	334	128	263	7.24e-17	73.2
Lygodium_japonicum_C250828	AT2G26980.4	35.075	134	72	6	726	355	139	267	1.06e-15	69.7
Lygodium_japonicum_C250828	AT1G01140.3	33.987	153	69	9	726	319	134	271	7.43e-15	67.4
Lygodium_japonicum_C250828	AT5G35410.1	28.906	128	86	4	726	355	126	252	1.31e-12	60.5
Lygodium_japonicum_C250962	AT5G65930.3	36.066	244	139	9	725	24	1015	1251	1.87e-34	124
Lygodium_japonicum_C251010	AT1G13630.4	28.049	82	58	1	14	259	416	496	9.14e-06	40.0
Lygodium_japonicum_C251198	AT5G65930.3	42.609	115	62	2	337	2	865	978	5.71e-25	97.4
Lygodium_japonicum_C251372	AT1G13630.4	24.057	212	160	1	738	103	416	626	2.18e-14	66.2
Lygodium_japonicum_C251372	AT1G13630.4	24.405	168	126	1	654	154	372	539	5.45e-09	50.1
Lygodium_japonicum_C251372	AT1G13630.4	26.957	115	84	0	549	205	267	381	1.26e-08	48.9
Lygodium_japonicum_C251372	AT1G13630.4	20.000	180	143	1	690	151	467	645	3.25e-08	47.8
Lygodium_japonicum_C251372	AT1G13630.4	22.581	217	155	3	738	124	591	806	2.03e-07	45.4
Lygodium_japonicum_C251372	AT3G61360.1	22.159	176	135	1	738	211	182	355	4.62e-14	65.1
Lygodium_japonicum_C251372	AT3G61360.1	22.581	186	143	1	636	79	180	364	4.25e-10	53.1
Lygodium_japonicum_C251372	AT4G04790.1	22.798	193	131	4	657	97	440	620	6.74e-10	52.8
Lygodium_japonicum_C251644	AT4G15236.1	24.638	138	95	3	75	470	1195	1329	1.37e-12	61.2
Lygodium_japonicum_C251644	AT4G15233.1	23.913	138	96	3	75	470	1197	1331	2.12e-12	60.5
Lygodium_japonicum_C251644	AT3G53480.1	25.786	159	112	3	30	488	1237	1395	1.17e-11	58.2
Lygodium_japonicum_C251644	AT4G15215.11	27.007	137	93	4	75	470	1202	1336	1.40e-11	58.2
Lygodium_japonicum_C251644	AT2G37280.3	23.270	159	116	3	30	488	1229	1387	1.56e-08	48.9
Lygodium_japonicum_C251644	AT4G15230.1	24.444	135	99	2	75	470	1205	1339	6.42e-08	47.0
Lygodium_japonicum_C251660	AT2G47830.1	36.667	180	103	3	1	537	301	470	1.11e-33	121
Lygodium_japonicum_C252184	AT1G13630.4	29.787	188	132	0	23	586	413	600	5.84e-26	100
Lygodium_japonicum_C252184	AT1G13630.4	24.348	230	136	3	5	583	266	494	1.66e-18	78.6
Lygodium_japonicum_C252184	AT1G13630.4	24.468	282	169	5	5	730	301	578	3.95e-18	77.4
Lygodium_japonicum_C252184	AT1G13630.4	24.737	190	143	0	5	574	442	631	2.21e-15	69.3
Lygodium_japonicum_C252184	AT1G13630.4	25.434	173	129	0	116	634	233	405	1.63e-14	67.0
Lygodium_japonicum_C252184	AT1G13630.4	20.438	274	182	1	11	724	233	506	8.93e-14	64.7
Lygodium_japonicum_C252184	AT1G13630.4	20.080	249	187	1	5	715	547	795	2.84e-11	57.0
Lygodium_japonicum_C252184	AT1G13630.4	21.477	149	110	2	185	631	193	334	1.69e-10	54.7
Lygodium_japonicum_C252184	AT1G13630.4	22.535	142	110	0	8	433	665	806	6.01e-07	43.9
Lygodium_japonicum_C252184	AT1G13630.4	22.222	234	135	3	5	565	582	815	2.00e-06	42.4
Lygodium_japonicum_C252184	AT3G61360.1	22.283	184	141	1	89	634	235	418	5.32e-13	62.0
Lygodium_japonicum_C252184	AT3G61360.1	20.388	206	160	2	8	613	243	448	9.22e-12	58.5
Lygodium_japonicum_C252184	AT3G61360.1	22.269	238	138	5	44	631	113	345	1.20e-09	52.0
Lygodium_japonicum_C252184	AT4G04790.1	26.241	141	96	2	47	457	384	520	8.39e-08	46.6
Lygodium_japonicum_C252184	AT4G21880.1	23.529	136	100	2	5	412	495	626	9.49e-08	46.6
Lygodium_japonicum_C252184	AT4G21880.1	22.396	192	140	4	44	610	403	588	1.06e-06	43.1
Lygodium_japonicum_C252492	AT2G26980.4	25.758	132	87	5	374	751	30	156	5.01e-06	40.8
Lygodium_japonicum_C252492	AT5G21326.1	29.197	137	80	6	368	751	17	145	7.57e-06	40.4
Lygodium_japonicum_C252624	AT1G30270.1	34.444	180	108	6	583	59	107	281	6.03e-20	82.8
Lygodium_japonicum_C252624	AT4G24400.1	31.868	182	108	7	586	62	84	256	1.32e-18	78.6
Lygodium_japonicum_C252624	AT2G26980.4	32.418	182	105	7	625	113	85	259	3.02e-17	74.7
Lygodium_japonicum_C252624	AT5G35410.1	31.818	176	104	6	586	80	86	252	1.59e-16	72.4
Lygodium_japonicum_C252624	AT1G01140.3	28.061	196	128	6	625	59	80	269	2.93e-15	68.9
Lygodium_japonicum_C252624	AT5G21326.1	26.829	246	145	9	769	59	44	263	1.30e-14	67.0
Lygodium_japonicum_C252682	AT4G14305.1	27.363	201	118	5	680	81	1	174	3.54e-18	74.3
Lygodium_japonicum_C252682	AT4G04470.1	22.599	177	109	3	647	120	14	163	3.75e-11	55.1
Lygodium_japonicum_C252858	AT1G13630.4	26.277	137	95	2	521	123	487	621	1.12e-07	46.2
Lygodium_japonicum_C252858	AT1G13630.4	32.673	101	60	4	419	129	554	650	2.53e-07	45.1
Lygodium_japonicum_C252858	AT1G13630.4	24.786	117	83	2	341	3	409	524	2.08e-06	42.4
Lygodium_japonicum_C252858	AT4G21880.1	30.097	103	68	2	347	39	495	593	1.75e-07	45.8
Lygodium_japonicum_C252858	AT4G21880.1	31.579	95	58	4	530	255	536	626	6.91e-06	40.8
Lygodium_japonicum_C252876	AT4G15215.11	31.897	116	71	4	74	415	932	1041	1.16e-09	52.4
Lygodium_japonicum_C252876	AT4G15236.1	28.906	128	80	5	68	448	926	1043	1.32e-08	49.3
Lygodium_japonicum_C252876	AT4G15233.1	30.303	99	62	3	122	415	944	1036	1.46e-08	49.3
Lygodium_japonicum_C252876	AT2G37280.3	29.060	117	74	4	68	415	978	1086	3.21e-08	48.1
Lygodium_japonicum_C252876	AT2G37280.3	29.592	98	63	3	98	379	334	429	1.49e-06	43.1
Lygodium_japonicum_C252876	AT3G53480.1	32.039	103	62	4	104	406	995	1091	4.49e-08	47.8
Lygodium_japonicum_C252876	AT4G15230.1	30.172	116	73	4	74	415	935	1044	1.31e-07	46.2
Lygodium_japonicum_C252650	AT4G24400.1	34.211	190	114	4	761	207	15	198	1.53e-26	101
Lygodium_japonicum_C252650	AT1G30270.1	33.641	217	131	10	761	132	37	247	2.07e-25	98.6
Lygodium_japonicum_C252650	AT2G26980.4	33.679	193	113	6	761	207	30	215	8.57e-25	96.3
Lygodium_japonicum_C252650	AT1G01140.3	33.679	193	113	7	761	207	25	210	8.65e-25	96.3
Lygodium_japonicum_C252650	AT5G35410.1	34.225	187	118	4	761	207	17	200	9.00e-25	96.3
Lygodium_japonicum_C252650	AT5G21326.1	35.233	193	110	7	761	207	19	204	5.77e-24	94.0
Lygodium_japonicum_C252882	AT5G03840.1	31.013	158	99	4	618	154	22	172	4.59e-23	87.4
Lygodium_japonicum_C252882	AT2G27550.1	31.579	152	94	4	597	154	25	170	5.25e-21	81.6
Lygodium_japonicum_C252882	AT5G62040.1	31.034	145	91	3	579	154	31	169	1.50e-20	80.5
Lygodium_japonicum_C252882	AT1G65480.2	31.469	143	92	2	597	172	69	206	1.07e-19	79.3
Lygodium_japonicum_C252882	AT4G20370.1	33.824	136	84	2	576	172	32	162	1.93e-19	77.4
Lygodium_japonicum_C253032	AT1G13630.4	23.643	258	186	5	748	5	336	592	1.97e-16	72.8
Lygodium_japonicum_C253032	AT1G13630.4	23.704	270	181	7	781	44	498	766	2.92e-15	69.3
Lygodium_japonicum_C253032	AT1G13630.4	27.500	200	121	6	739	182	410	599	2.30e-12	60.5
Lygodium_japonicum_C253032	AT4G21880.1	26.119	134	93	2	745	353	496	626	8.82e-10	52.8
Lygodium_japonicum_C253032	AT4G04790.1	23.636	165	109	5	778	317	462	620	3.86e-09	50.8
Lygodium_japonicum_C253032	AT3G61360.1	22.167	203	115	6	784	305	193	395	4.43e-09	50.4
Lygodium_japonicum_C253200	AT1G01140.3	32.000	125	70	6	2	352	158	275	5.20e-09	50.1
Lygodium_japonicum_C253200	AT1G30270.1	32.117	137	64	7	2	367	170	292	7.11e-08	46.6
Lygodium_japonicum_C253200	AT5G35410.1	32.812	128	63	7	2	352	150	265	2.13e-07	45.4
Lygodium_japonicum_C253200	AT2G26980.4	29.012	162	76	9	2	445	163	299	4.56e-07	44.3
Lygodium_japonicum_C253200	AT5G21326.1	39.130	69	31	4	2	193	152	214	1.54e-06	42.7
Lygodium_japonicum_C253200	AT4G24400.1	27.966	118	80	3	2	349	148	262	3.76e-06	41.6
Lygodium_japonicum_C253370	AT1G69010.1	49.020	51	25	1	272	123	50	100	3.85e-10	53.1
Lygodium_japonicum_C253370	AT5G08130.8	53.191	47	21	1	272	135	285	331	7.56e-10	52.8
Lygodium_japonicum_C253480	AT4G24400.1	37.209	86	47	2	643	398	128	210	1.21e-09	52.0
Lygodium_japonicum_C253480	AT5G35410.1	32.955	88	58	1	643	383	130	217	7.00e-09	49.7
Lygodium_japonicum_C253480	AT2G26980.4	31.200	125	74	4	754	389	115	230	1.19e-07	46.2
Lygodium_japonicum_C253480	AT1G01140.3	34.884	86	51	3	643	398	138	222	1.27e-07	45.8
Lygodium_japonicum_C253480	AT1G30270.1	32.955	88	56	2	643	389	150	237	3.78e-07	44.7
Lygodium_japonicum_C253480	AT5G21326.1	30.159	126	74	5	754	389	104	219	5.55e-07	43.9
Lygodium_japonicum_C253892	AT1G13630.4	22.951	244	167	5	30	701	427	669	1.14e-13	64.7
Lygodium_japonicum_C253892	AT1G13630.4	21.545	246	172	5	9	686	525	769	6.13e-07	44.3
Lygodium_japonicum_C253892	AT4G21880.1	18.919	148	114	3	294	728	501	645	3.01e-06	42.0
Lygodium_japonicum_C253876	AT1G30270.1	24.324	148	105	4	441	4	34	176	1.09e-07	46.2
Lygodium_japonicum_C253876	AT5G35410.1	24.503	151	107	4	450	4	11	156	2.46e-07	45.1
Lygodium_japonicum_C253876	AT2G26980.4	25.926	108	73	4	321	4	67	169	3.84e-07	44.7
Lygodium_japonicum_C253876	AT5G21326.1	25.166	151	100	5	441	4	16	158	1.63e-06	42.7
Lygodium_japonicum_C253918	AT2G31450.1	70.455	132	36	1	811	416	235	363	1.30e-65	204
Lygodium_japonicum_C253918	AT1G05900.2	65.909	132	42	1	811	416	242	370	9.28e-63	196
Lygodium_japonicum_C254078	AT3G66658.2	26.455	189	125	4	562	5	58	235	8.03e-13	62.0
Lygodium_japonicum_C254098	AT4G21790.1	59.259	162	66	0	1	486	130	291	4.19e-46	150
Lygodium_japonicum_C254098	AT2G02180.1	56.173	162	71	0	1	486	142	303	5.15e-39	132
Lygodium_japonicum_C254098	AT1G14530.2	56.790	162	70	0	1	486	132	293	1.51e-31	112
Lygodium_japonicum_C254174	AT5G35410.1	40.580	69	39	2	6	209	139	206	1.03e-07	46.2
Lygodium_japonicum_C254174	AT4G24400.1	33.000	100	55	3	6	302	137	225	1.21e-06	43.1
Lygodium_japonicum_C254278	AT1G13630.4	23.232	99	76	0	798	502	338	436	3.31e-07	45.1
Lygodium_japonicum_C254278	AT1G13630.4	19.565	138	104	3	798	400	514	649	2.86e-06	42.0
Lygodium_japonicum_C254278	AT4G04790.1	28.125	96	65	2	798	511	477	568	8.28e-07	43.9
Lygodium_japonicum_C254278	AT4G21880.1	24.667	150	106	4	804	364	495	640	1.35e-06	43.1
Lygodium_japonicum_C254382	AT5G13250.1	34.454	119	68	4	634	281	275	384	3.51e-16	71.6
Lygodium_japonicum_C254382	AT1G28080.2	36.207	58	32	1	634	461	236	288	2.31e-07	45.1
Lygodium_japonicum_C254460	AT1G69010.1	34.375	96	51	3	811	530	51	136	5.32e-08	47.0
Lygodium_japonicum_C254460	AT5G08130.8	42.857	56	31	1	799	635	290	345	8.30e-07	43.5
Lygodium_japonicum_C254484	AT4G15233.1	29.208	202	139	2	16	609	1132	1333	4.04e-14	66.2
Lygodium_japonicum_C254484	AT4G15236.1	28.218	202	141	2	16	609	1130	1331	1.64e-12	61.6
Lygodium_japonicum_C254484	AT3G53480.1	23.762	202	150	2	16	609	1190	1391	1.32e-10	55.5
Lygodium_japonicum_C254484	AT2G37280.3	23.762	202	150	2	16	609	1182	1383	3.05e-09	51.6
Lygodium_japonicum_C254484	AT4G15230.1	26.238	202	145	2	16	609	1140	1341	3.51e-09	51.2
Lygodium_japonicum_C254484	AT4G15215.11	26.733	202	144	2	16	609	1137	1338	1.97e-07	45.8
Lygodium_japonicum_C255108	AT1G13630.4	27.891	147	101	1	467	42	302	448	1.33e-11	58.5
Lygodium_japonicum_C255108	AT1G13630.4	23.846	130	95	1	419	42	424	553	2.91e-08	48.5
Lygodium_japonicum_C255244	AT1G13630.4	23.741	139	102	1	836	432	464	602	2.74e-09	51.6
Lygodium_japonicum_C255144	AT3G59600.1	61.268	142	54	1	133	558	6	146	9.38e-63	189
Lygodium_japonicum_C255144	AT1G54250.1	61.972	142	53	1	133	558	6	146	3.00e-62	187
Lygodium_japonicum_C255298	AT1G13630.4	24.561	114	86	0	848	507	440	553	4.04e-09	51.2
Lygodium_japonicum_C255298	AT1G13630.4	22.930	157	85	2	848	486	299	455	5.53e-07	44.3
Lygodium_japonicum_C255298	AT1G13630.4	26.724	116	84	1	839	495	267	382	1.63e-06	43.1
Lygodium_japonicum_C255298	AT1G13630.4	20.896	134	103	1	839	438	478	608	4.30e-06	41.6
Lygodium_japonicum_C255298	AT1G13630.4	24.806	129	97	0	848	462	662	790	5.96e-06	41.2
Lygodium_japonicum_C255298	AT3G61360.1	27.778	126	83	2	839	474	208	329	3.38e-07	45.1
Lygodium_japonicum_C255298	AT3G61360.1	24.561	114	84	1	827	492	282	395	2.47e-06	42.4
Lygodium_japonicum_C255324	AT1G13630.4	28.516	256	161	4	848	135	220	471	2.07e-26	102
Lygodium_japonicum_C255324	AT1G13630.4	27.500	240	168	3	848	129	462	695	2.40e-23	93.6
Lygodium_japonicum_C255324	AT1G13630.4	25.397	252	169	3	848	96	391	624	1.68e-19	82.4
Lygodium_japonicum_C255324	AT1G13630.4	25.207	242	156	4	848	123	188	404	3.32e-19	81.6
Lygodium_japonicum_C255324	AT1G13630.4	21.145	227	149	3	836	192	606	814	2.84e-09	51.6
Lygodium_japonicum_C255324	AT1G13630.4	27.027	111	74	1	848	516	719	822	6.04e-07	44.3
Lygodium_japonicum_C255324	AT3G61360.1	22.269	238	168	4	848	135	193	413	1.02e-09	52.8
Lygodium_japonicum_C255324	AT3G61360.1	22.275	211	109	3	845	219	263	420	6.43e-08	47.0
Lygodium_japonicum_C255324	AT4G21880.1	19.681	188	129	5	683	120	465	630	2.36e-07	45.4
Lygodium_japonicum_C255324	AT4G04790.1	19.774	177	108	5	632	120	462	610	7.14e-07	44.3
Lygodium_japonicum_C255380	AT1G30270.1	29.193	161	97	6	1	474	82	228	8.28e-12	58.9
Lygodium_japonicum_C255380	AT5G35410.1	39.773	88	50	3	214	474	121	206	6.76e-11	56.2
Lygodium_japonicum_C255380	AT1G01140.3	40.741	81	42	3	244	474	138	216	1.21e-10	55.5
Lygodium_japonicum_C255380	AT2G26980.4	28.571	161	98	6	1	474	75	221	1.30e-10	55.5
Lygodium_japonicum_C255380	AT4G24400.1	27.607	163	87	6	13	474	64	204	2.46e-10	54.7
Lygodium_japonicum_C255380	AT5G21326.1	28.750	160	99	5	1	474	64	210	1.51e-09	52.0
Lygodium_japonicum_C255372	AT5G35410.1	30.769	156	94	6	853	392	63	206	3.94e-13	63.2
Lygodium_japonicum_C255372	AT4G24400.1	28.571	133	88	4	772	377	83	209	1.08e-11	58.5
Lygodium_japonicum_C255372	AT1G30270.1	28.025	157	99	6	853	392	83	228	1.44e-09	52.4
Lygodium_japonicum_C255372	AT5G21326.1	29.299	157	97	6	853	392	65	210	2.90e-09	51.2
Lygodium_japonicum_C255372	AT2G26980.4	27.439	164	105	6	853	371	76	228	4.93e-09	50.4
Lygodium_japonicum_C255372	AT1G01140.3	26.543	162	105	6	853	377	71	221	3.16e-08	48.1
Lygodium_japonicum_C255384	AT1G69010.1	43.396	53	30	0	341	499	51	103	1.41e-10	54.7
Lygodium_japonicum_C255384	AT5G08130.8	43.478	46	26	0	341	478	286	331	1.73e-08	48.9
Lygodium_japonicum_C255470	AT3G61360.1	20.382	157	107	3	4	456	209	353	1.76e-06	42.7
Lygodium_japonicum_C255938	AT5G08130.8	43.396	53	29	1	754	596	280	331	1.47e-06	43.1
Lygodium_japonicum_C256008	AT1G30270.1	26.316	209	139	7	3	608	33	233	3.80e-12	60.1
Lygodium_japonicum_C256008	AT5G35410.1	26.768	198	130	8	3	578	13	201	1.55e-11	58.2
Lygodium_japonicum_C256008	AT1G01140.3	24.437	311	189	13	3	818	21	324	5.37e-11	56.6
Lygodium_japonicum_C256008	AT2G26980.4	28.856	201	128	8	3	584	26	218	2.28e-10	54.7
Lygodium_japonicum_C256008	AT4G24400.1	25.121	207	138	7	3	602	11	207	3.50e-09	51.2
Lygodium_japonicum_C256008	AT5G21326.1	27.273	209	137	7	3	608	15	215	1.04e-08	49.7
Lygodium_japonicum_C256084	AT5G67385.1	48.235	85	44	0	869	615	390	474	3.43e-25	99.0
Lygodium_japonicum_C256084	AT3G49970.1	40.000	70	37	1	869	660	330	394	9.64e-13	62.0
Lygodium_japonicum_C256088	AT4G21880.1	23.485	132	96	2	834	445	501	629	1.05e-08	50.1
Lygodium_japonicum_C256088	AT4G04790.1	23.077	130	95	2	834	451	481	607	1.16e-07	46.6
Lygodium_japonicum_C255776	AT3G16110.1	26.619	139	91	3	243	629	50	187	4.38e-09	50.8
Lygodium_japonicum_C255776	AT1G52260.1	26.190	126	82	3	243	590	52	176	1.87e-08	48.9
Lygodium_japonicum_C255956	AT4G02725.1	61.765	102	39	0	599	294	62	163	5.47e-46	147
Lygodium_japonicum_C255818	AT5G52440.1	43.056	72	39	2	213	425	73	143	8.88e-12	58.2
Lygodium_japonicum_C256270	AT4G15215.11	45.652	92	50	0	645	370	1168	1259	6.76e-20	84.0
Lygodium_japonicum_C256270	AT4G15233.1	43.478	92	52	0	645	370	1163	1254	7.83e-19	80.9
Lygodium_japonicum_C256270	AT4G15236.1	43.478	92	52	0	645	370	1161	1252	1.59e-18	79.7
Lygodium_japonicum_C256270	AT4G15230.1	41.304	92	54	0	645	370	1171	1262	1.97e-17	76.6
Lygodium_japonicum_C256270	AT2G37280.3	40.000	90	54	0	639	370	1215	1304	3.74e-15	69.7
Lygodium_japonicum_C256270	AT3G53480.1	40.000	90	54	0	639	370	1223	1312	1.06e-13	65.5
Lygodium_japonicum_C256418	AT1G13630.4	22.346	179	134	2	3	527	468	645	1.72e-10	55.5
Lygodium_japonicum_C256418	AT1G13630.4	26.667	180	110	7	156	656	273	443	2.14e-09	52.0
Lygodium_japonicum_C256540	AT5G64940.1	39.721	287	157	4	7	825	226	510	1.27e-63	207
Lygodium_japonicum_C256762	AT1G13630.4	24.138	145	101	4	11	421	491	634	4.97e-09	50.8
Lygodium_japonicum_C256762	AT1G13630.4	30.357	112	72	4	77	400	236	345	5.51e-06	41.6
Lygodium_japonicum_C256762	AT1G13630.4	26.230	122	87	1	68	424	338	459	9.10e-06	40.8
Lygodium_japonicum_C256762	AT4G04790.1	23.200	125	77	5	80	424	481	596	1.35e-07	46.6
Lygodium_japonicum_C256846	AT4G24400.1	31.206	141	85	6	62	463	116	251	5.24e-12	59.7
Lygodium_japonicum_C256846	AT2G26980.4	37.500	96	51	4	62	337	131	221	5.40e-10	53.5
Lygodium_japonicum_C256846	AT1G30270.1	35.417	96	53	4	62	337	138	228	1.13e-09	52.8
Lygodium_japonicum_C256846	AT5G35410.1	38.202	89	50	4	77	337	121	206	2.23e-09	51.6
Lygodium_japonicum_C256846	AT1G01140.3	34.375	96	54	4	62	337	126	216	3.37e-09	51.2
Lygodium_japonicum_C256846	AT5G21326.1	34.375	96	54	4	62	337	120	210	8.45e-09	50.1
Lygodium_japonicum_C256934	AT1G78550.1	30.769	247	149	8	9	719	104	338	2.39e-26	100
Lygodium_japonicum_C256934	AT4G25310.1	32.850	207	125	6	9	614	100	297	8.59e-22	88.2
Lygodium_japonicum_C256934	AT1G17020.1	32.778	180	105	5	207	719	168	340	2.72e-21	86.7
Lygodium_japonicum_C256934	AT4G25300.1	42.708	96	53	2	330	614	206	300	1.52e-19	81.6
Lygodium_japonicum_C256934	AT1G17010.1	32.090	134	86	3	330	719	208	340	3.07e-19	80.9
Lygodium_japonicum_C257090	AT5G64550.1	36.047	86	43	3	523	266	554	627	7.39e-06	41.2
Lygodium_japonicum_C257338	AT1G13630.4	26.786	112	74	2	280	591	427	538	2.66e-06	42.4
Lygodium_japonicum_C257338	AT4G21880.1	31.579	114	68	4	286	606	517	627	5.17e-06	41.6
Lygodium_japonicum_C257312	AT5G35410.1	31.148	122	72	4	6	344	130	248	9.04e-09	50.1
Lygodium_japonicum_C257312	AT1G01140.3	34.653	101	65	1	6	305	138	238	3.02e-08	48.1
Lygodium_japonicum_C257312	AT1G30270.1	30.827	133	82	3	6	377	150	281	5.59e-08	47.4
Lygodium_japonicum_C257312	AT4G24400.1	35.577	104	58	3	6	305	128	226	1.47e-07	46.2
Lygodium_japonicum_C257312	AT5G21326.1	36.709	79	49	1	6	239	132	210	1.43e-06	43.1
Lygodium_japonicum_C257312	AT2G26980.4	32.292	96	64	1	6	290	143	238	2.43e-06	42.4
Lygodium_japonicum_C257596	AT4G04790.1	21.192	151	118	1	70	519	376	526	4.52e-07	45.1
Lygodium_japonicum_C257596	AT1G13630.4	25.342	146	74	2	97	429	422	567	4.95e-07	44.7
Lygodium_japonicum_C257596	AT3G61360.1	24.638	138	101	2	10	414	298	435	7.24e-07	44.3
Lygodium_japonicum_C257988	AT1G52260.1	32.323	99	59	4	193	480	63	156	2.94e-06	42.4
Lygodium_japonicum_C258268	AT1G13630.4	23.431	239	160	6	279	938	545	779	1.13e-08	50.1
Lygodium_japonicum_C258268	AT1G13630.4	19.651	229	178	3	264	935	399	626	1.68e-07	46.2
Lygodium_japonicum_C258268	AT4G04790.1	24.242	132	94	2	285	671	440	568	4.56e-06	42.0
Lygodium_japonicum_C258326	AT1G01140.3	30.622	209	121	7	8	613	25	216	3.57e-15	69.7
Lygodium_japonicum_C258326	AT5G35410.1	30.476	210	118	8	8	613	17	206	1.30e-13	65.1
Lygodium_japonicum_C258326	AT2G26980.4	30.144	209	122	8	8	613	30	221	3.55e-13	63.5
Lygodium_japonicum_C258326	AT4G24400.1	28.774	212	131	7	8	631	15	210	4.03e-13	63.5
Lygodium_japonicum_C258326	AT1G30270.1	28.708	209	125	8	8	613	37	228	4.60e-13	63.2
Lygodium_japonicum_C258326	AT5G21326.1	28.708	209	125	7	8	613	19	210	2.18e-12	61.2
Lygodium_japonicum_C258350	AT1G17010.1	29.502	261	176	5	3	773	83	339	3.29e-33	120
Lygodium_japonicum_C258350	AT1G17020.1	28.244	262	177	7	3	770	82	338	4.45e-28	105
Lygodium_japonicum_C258350	AT4G25310.1	27.413	259	181	4	3	773	81	334	7.98e-27	102
Lygodium_japonicum_C258350	AT1G78550.1	29.536	237	160	5	3	701	82	315	9.34e-26	99.8
Lygodium_japonicum_C258350	AT4G25300.1	26.749	243	172	4	3	719	81	321	3.36e-23	92.4
Lygodium_japonicum_C258392	AT5G11560.1	33.333	84	56	0	946	695	899	982	6.90e-11	57.0
Lygodium_japonicum_C258446	AT1G13630.4	28.261	184	120	4	940	419	422	603	6.12e-12	60.1
Lygodium_japonicum_C258446	AT1G13630.4	21.074	242	178	6	892	197	336	574	1.85e-09	52.4
Lygodium_japonicum_C258446	AT1G13630.4	23.699	173	114	4	901	416	404	569	4.32e-09	51.2
Lygodium_japonicum_C258446	AT1G13630.4	22.747	233	138	6	889	212	267	464	1.14e-06	43.9
Lygodium_japonicum_C258446	AT4G04790.1	22.018	218	148	5	892	281	475	684	1.59e-10	55.8
Lygodium_japonicum_C258446	AT4G21880.1	25.373	134	94	3	889	497	496	626	3.86e-09	51.6
Lygodium_japonicum_C258446	AT3G61360.1	23.034	178	129	3	892	380	242	418	1.28e-08	49.7
Lygodium_japonicum_C258458	AT5G56290.1	31.683	101	67	1	788	486	596	694	1.62e-07	46.6
Lygodium_japonicum_C258576	AT5G16870.1	50.847	118	55	2	643	293	54	169	1.16e-29	105
Lygodium_japonicum_C258576	AT3G03010.1	48.305	118	58	2	643	293	64	179	6.47e-28	101
Lygodium_japonicum_C258600	AT1G13630.4	26.923	182	131	1	89	634	394	573	8.25e-14	65.9
Lygodium_japonicum_C258600	AT1G13630.4	24.865	185	126	2	77	595	496	679	7.31e-13	63.2
Lygodium_japonicum_C258600	AT1G13630.4	25.175	143	107	0	167	595	490	632	1.87e-12	62.0
Lygodium_japonicum_C258600	AT1G13630.4	25.767	163	116	3	80	556	247	408	6.13e-10	53.9
Lygodium_japonicum_C258600	AT1G13630.4	24.026	154	105	1	155	580	591	744	1.24e-08	50.1
Lygodium_japonicum_C258600	AT1G13630.4	26.897	145	96	3	149	583	248	382	1.90e-08	49.3
Lygodium_japonicum_C258600	AT1G13630.4	22.308	130	101	0	206	595	655	784	3.62e-08	48.5
Lygodium_japonicum_C258600	AT3G61360.1	25.517	145	102	2	152	577	215	356	4.61e-10	54.3
Lygodium_japonicum_C258600	AT3G61360.1	22.727	110	84	1	251	580	179	287	3.29e-06	42.4
Lygodium_japonicum_C258600	AT3G61360.1	23.077	104	78	1	194	499	299	402	6.72e-06	41.2
Lygodium_japonicum_C258600	AT4G21880.1	26.364	110	78	1	203	532	485	591	1.76e-08	49.7
Lygodium_japonicum_C258600	AT4G21880.1	23.077	169	124	5	128	634	426	588	1.32e-07	46.6
Lygodium_japonicum_C258600	AT4G04790.1	25.510	98	70	1	203	496	465	559	1.72e-07	46.2
Lygodium_japonicum_C258834	AT3G18730.1	36.986	73	46	0	465	247	1237	1309	5.58e-10	54.3
Lygodium_japonicum_C258854	AT2G36450.1	60.656	61	23	1	173	352	12	72	1.30e-11	56.6
Lygodium_japonicum_C258854	AT5G52020.1	53.333	60	27	1	173	352	62	120	5.70e-10	52.8
Lygodium_japonicum_C258854	AT1G12630.1	57.895	57	23	1	182	352	19	74	5.32e-09	49.3
Lygodium_japonicum_C258892	AT5G14285.1	40.991	222	121	4	808	164	33	251	1.03e-48	158
Lygodium_japonicum_C258892	AT3G25950.1	38.532	218	129	2	808	167	35	251	5.10e-47	154
Lygodium_japonicum_C258892	AT3G27270.2	34.842	221	134	3	808	167	30	247	3.85e-36	125
Lygodium_japonicum_C259022	AT5G65930.3	41.667	84	43	2	964	713	1140	1217	1.20e-14	68.9
Lygodium_japonicum_C259088	AT1G05160.1	36.975	119	72	2	353	703	344	461	1.99e-25	90.1
Lygodium_japonicum_C259088	AT1G05160.1	26.087	92	65	1	3	278	240	328	1.99e-25	37.7
Lygodium_japonicum_C259088	AT2G32440.1	37.288	118	72	2	353	703	342	458	5.43e-25	87.4
Lygodium_japonicum_C259088	AT2G32440.1	27.473	91	63	1	3	275	239	326	5.43e-25	38.9
Lygodium_japonicum_C259440	AT4G04790.1	23.913	92	66	2	846	571	481	568	4.89e-06	42.0
Lygodium_japonicum_C259504	AT4G24400.1	25.221	226	127	6	989	336	65	256	5.00e-12	60.1
Lygodium_japonicum_C259504	AT1G30270.1	23.661	224	141	7	989	327	87	283	5.25e-10	53.9
Lygodium_japonicum_C259504	AT2G26980.4	27.545	167	91	7	989	525	80	228	1.30e-09	52.8
Lygodium_japonicum_C259504	AT5G21326.1	30.435	161	92	8	986	525	70	217	1.56e-09	52.4
Lygodium_japonicum_C259504	AT1G01140.3	27.673	159	97	5	989	531	75	221	3.60e-09	51.6
Lygodium_japonicum_C259792	AT3G61150.1	35.632	87	46	3	316	567	108	187	8.00e-06	41.2
Lygodium_japonicum_C259848	AT2G36450.1	40.909	66	38	1	600	403	15	79	4.03e-10	52.4
Lygodium_japonicum_C259848	AT2G36450.1	39.683	63	31	2	879	709	11	72	1.65e-06	42.0
Lygodium_japonicum_C259908	AT5G35410.1	33.628	113	70	3	178	504	130	241	6.90e-12	60.1
Lygodium_japonicum_C259908	AT4G24400.1	28.276	145	92	5	139	549	118	258	4.17e-11	57.4
Lygodium_japonicum_C259908	AT1G01140.3	29.375	160	99	7	64	519	103	256	1.37e-08	49.7
Lygodium_japonicum_C259908	AT1G30270.1	36.782	87	47	3	178	423	150	233	1.52e-08	49.7
Lygodium_japonicum_C259908	AT5G21326.1	34.483	87	49	3	178	423	132	215	1.75e-07	46.2
Lygodium_japonicum_C259908	AT2G26980.4	33.333	87	50	3	178	423	143	226	3.45e-07	45.4
Lygodium_japonicum_C259896	AT4G14305.1	62.703	185	69	0	915	361	1	185	4.68e-87	254
Lygodium_japonicum_C259896	AT4G04470.1	48.864	176	90	0	888	361	12	187	2.65e-64	196
Lygodium_japonicum_C260016	AT5G44190.1	55.556	54	23	1	304	465	147	199	2.19e-13	64.3
Lygodium_japonicum_C260016	AT2G20570.2	55.769	52	22	1	310	465	171	221	3.90e-13	63.5
Lygodium_japonicum_C260020	AT1G05160.1	32.597	181	114	3	999	478	288	467	1.36e-28	109
Lygodium_japonicum_C260020	AT2G32440.1	33.520	179	113	3	999	478	287	464	2.84e-27	105
Lygodium_japonicum_C260374	AT5G35410.1	39.080	87	48	3	965	711	130	213	9.85e-12	59.3
Lygodium_japonicum_C260374	AT4G24400.1	37.113	97	55	3	1010	723	116	207	1.45e-11	58.9
Lygodium_japonicum_C260374	AT5G21326.1	37.805	82	50	1	965	723	132	213	3.85e-11	57.8
Lygodium_japonicum_C260374	AT2G26980.4	39.024	82	49	1	965	723	143	224	5.52e-11	57.0
Lygodium_japonicum_C260374	AT1G01140.3	36.585	82	51	1	965	723	138	219	4.81e-10	54.3
Lygodium_japonicum_C260374	AT1G30270.1	34.146	82	53	1	965	723	150	231	1.96e-09	52.4
Lygodium_japonicum_C260386	AT2G26980.4	30.270	185	108	6	23	544	99	273	1.05e-11	59.3
Lygodium_japonicum_C260386	AT4G24400.1	32.576	132	77	4	23	415	84	204	7.28e-11	56.6
Lygodium_japonicum_C260386	AT5G21326.1	32.576	132	79	4	23	415	88	210	1.34e-09	52.8
Lygodium_japonicum_C260386	AT1G30270.1	31.818	132	80	4	23	415	106	228	1.53e-09	52.8
Lygodium_japonicum_C260386	AT5G35410.1	29.545	132	81	4	23	415	86	206	3.34e-09	51.6
Lygodium_japonicum_C260386	AT1G01140.3	31.061	132	81	4	23	415	94	216	3.61e-09	51.6
Lygodium_japonicum_C260394	AT5G35410.1	31.977	172	96	8	18	509	55	213	1.93e-11	58.5
Lygodium_japonicum_C260394	AT4G24400.1	29.121	182	98	9	3	509	48	211	9.44e-11	56.6
Lygodium_japonicum_C260394	AT5G21326.1	28.144	167	111	4	15	506	56	216	1.22e-10	56.2
Lygodium_japonicum_C260394	AT1G30270.1	27.811	169	115	5	18	518	75	238	1.57e-10	55.8
Lygodium_japonicum_C260394	AT2G26980.4	27.545	167	112	4	15	506	67	227	1.71e-10	55.8
Lygodium_japonicum_C260394	AT1G01140.3	25.466	161	113	5	30	506	67	222	3.99e-09	51.2
Lygodium_japonicum_C260452	AT1G05160.1	23.786	206	140	7	174	764	248	445	1.06e-10	56.2
Lygodium_japonicum_C260452	AT2G32440.1	25.581	215	128	9	189	764	237	442	1.84e-09	52.4
Lygodium_japonicum_C260520	AT1G13630.4	21.875	288	193	6	1024	242	482	764	3.01e-15	70.9
Lygodium_japonicum_C260520	AT1G13630.4	22.388	268	163	6	1018	239	414	644	2.96e-14	67.8
Lygodium_japonicum_C260520	AT1G13630.4	20.115	348	229	6	1027	128	270	616	3.99e-13	64.3
Lygodium_japonicum_C260520	AT1G13630.4	19.157	261	143	10	1024	425	552	805	4.87e-06	42.0
Lygodium_japonicum_C260520	AT3G61360.1	21.681	226	164	6	1000	353	187	409	5.10e-11	57.4
Lygodium_japonicum_C260520	AT3G61360.1	22.340	188	135	5	973	443	228	415	1.53e-06	43.5
Lygodium_japonicum_C260520	AT4G04790.1	21.457	247	168	6	1024	338	445	683	3.00e-07	45.8
Lygodium_japonicum_C260520	AT4G21880.1	20.000	140	105	4	625	215	501	636	5.10e-06	42.0
Lygodium_japonicum_C260556	AT1G05160.1	27.039	233	149	8	1006	311	248	460	5.16e-16	72.8
Lygodium_japonicum_C260556	AT2G32440.1	25.862	232	151	7	1006	311	247	457	4.05e-13	63.9
Lygodium_japonicum_C260678	AT3G49180.1	28.462	130	74	4	51	395	79	204	1.19e-09	53.1
Lygodium_japonicum_C260728	AT4G21880.1	24.324	148	104	3	681	250	450	593	2.85e-08	49.3
Lygodium_japonicum_C260728	AT4G21880.1	28.000	125	83	4	723	358	506	626	4.40e-07	45.4
Lygodium_japonicum_C260750	AT5G44190.1	49.296	71	34	2	902	690	146	214	8.31e-14	65.9
Lygodium_japonicum_C260750	AT2G20570.2	52.459	61	27	2	884	702	174	232	4.84e-11	57.4
Lygodium_japonicum_C260932	AT4G04790.1	26.549	113	77	3	2	334	486	594	3.72e-09	52.0
Lygodium_japonicum_C260932	AT4G21880.1	28.070	114	76	3	2	337	506	615	1.75e-08	49.7
Lygodium_japonicum_C260944	AT4G24400.1	28.358	134	88	5	42	440	84	210	2.86e-08	48.9
Lygodium_japonicum_C260944	AT1G30270.1	27.941	136	87	5	42	437	106	234	3.84e-08	48.5
Lygodium_japonicum_C260944	AT5G35410.1	25.385	130	90	4	42	428	86	209	3.22e-07	45.4
Lygodium_japonicum_C260944	AT5G21326.1	31.818	88	53	3	186	437	132	216	6.24e-06	41.6
Lygodium_japonicum_C260944	AT1G01140.3	31.461	89	53	4	186	440	138	222	6.37e-06	41.6
Lygodium_japonicum_C260982	AT5G67385.1	50.413	121	55	1	3	365	412	527	4.83e-31	117
Lygodium_japonicum_C260982	AT3G49970.1	33.835	133	53	3	9	389	349	452	6.14e-17	75.5
Lygodium_japonicum_C261010	AT5G35410.1	26.471	170	110	4	60	566	54	209	4.29e-11	57.4
Lygodium_japonicum_C261010	AT1G30270.1	23.394	218	141	5	6	617	53	258	2.49e-10	55.5
Lygodium_japonicum_C261010	AT4G24400.1	25.294	170	112	3	60	566	52	207	5.82e-10	53.9
Lygodium_japonicum_C261010	AT2G26980.4	27.429	175	104	5	60	566	67	224	3.19e-09	51.6
Lygodium_japonicum_C261010	AT1G01140.3	23.913	184	126	4	60	608	62	232	6.85e-09	50.8
Lygodium_japonicum_C261010	AT5G21326.1	25.424	177	109	4	60	572	56	215	4.27e-08	48.1
Lygodium_japonicum_C261210	AT1G53345.1	52.174	184	84	3	1010	468	141	323	1.57e-57	184
Lygodium_japonicum_C261210	AT5G09580.1	36.869	198	114	4	1043	465	200	391	1.38e-26	103
Lygodium_japonicum_C261264	AT1G13630.4	22.222	288	177	5	235	957	322	609	3.10e-11	58.5
Lygodium_japonicum_C261264	AT4G21880.1	24.031	129	92	2	493	870	501	626	7.50e-08	47.8
Lygodium_japonicum_C261264	AT4G21880.1	25.000	132	91	4	211	591	508	636	1.06e-06	44.3
Lygodium_japonicum_C261264	AT4G21880.1	21.596	213	158	4	238	861	447	655	1.81e-06	43.5
Lygodium_japonicum_C261264	AT4G04790.1	25.714	140	90	4	211	606	488	621	1.82e-07	46.6
Lygodium_japonicum_C261594	AT4G15230.1	36.986	73	42	3	178	387	957	1028	2.72e-09	52.4
Lygodium_japonicum_C261594	AT4G15233.1	28.261	138	89	5	1	387	884	1020	3.07e-09	52.4
Lygodium_japonicum_C261594	AT2G37280.3	29.167	120	74	4	1	333	934	1051	3.14e-09	52.4
Lygodium_japonicum_C261594	AT4G15236.1	28.261	138	89	5	1	387	882	1018	4.32e-09	52.0
Lygodium_japonicum_C261594	AT3G53480.1	36.364	66	41	1	139	333	994	1059	1.04e-08	50.8
Lygodium_japonicum_C261594	AT4G15215.11	28.571	105	71	3	82	387	922	1025	2.32e-08	49.7
Lygodium_japonicum_C261610	AT5G67385.1	55.696	79	30	1	2	238	410	483	1.10e-23	96.3
Lygodium_japonicum_C261610	AT3G49970.1	52.174	46	22	0	14	151	349	394	1.73e-11	58.9
Lygodium_japonicum_C261684	AT1G13630.4	23.864	176	123	3	1	507	448	619	3.23e-09	52.4
Lygodium_japonicum_C261684	AT1G13630.4	20.000	255	184	5	1	708	518	771	4.23e-08	48.5
Lygodium_japonicum_C261684	AT1G13630.4	22.407	241	170	6	1	687	237	472	1.72e-06	43.5
Lygodium_japonicum_C261684	AT4G04790.1	22.010	209	149	6	1	612	376	575	1.12e-08	50.4
Lygodium_japonicum_C261684	AT3G61360.1	23.214	168	123	2	1	486	248	415	6.42e-08	47.8
Lygodium_japonicum_C261684	AT4G21880.1	20.796	226	169	5	34	693	407	628	6.55e-07	45.1
Lygodium_japonicum_C261830	AT2G43770.1	24.335	263	182	8	9	764	79	335	2.81e-17	75.9
Lygodium_japonicum_C261830	AT2G43770.1	29.167	96	65	1	504	791	76	168	9.27e-07	43.9
Lygodium_japonicum_C261906	AT1G13630.4	22.543	346	223	11	999	55	226	557	4.74e-08	48.5
Lygodium_japonicum_C261906	AT1G13630.4	20.115	174	122	4	498	28	510	683	3.03e-06	42.7
Lygodium_japonicum_C261928	AT1G13630.4	24.171	211	138	4	1	621	365	557	1.06e-07	47.4
Lygodium_japonicum_C262040	AT5G67385.1	36.601	153	92	2	125	568	374	526	5.42e-22	91.3
Lygodium_japonicum_C262040	AT3G49970.1	30.128	156	91	2	125	592	314	451	6.84e-14	66.6
Lygodium_japonicum_C262072	AT2G32440.1	27.638	199	129	5	3	575	287	478	1.88e-13	65.1
Lygodium_japonicum_C262072	AT1G05160.1	29.240	171	106	5	3	485	288	453	2.25e-13	64.7
Lygodium_japonicum_C262168	AT5G67385.1	51.786	112	52	2	335	3	1	111	4.98e-32	120
Lygodium_japonicum_C262168	AT3G49970.1	50.667	75	36	1	227	3	5	78	1.18e-19	84.0
Lygodium_japonicum_C262178	AT1G13630.4	28.495	186	112	7	1084	581	514	696	4.12e-12	61.2
Lygodium_japonicum_C262178	AT1G13630.4	22.368	228	158	5	1075	431	236	457	1.73e-09	53.1
Lygodium_japonicum_C262178	AT1G13630.4	19.444	288	209	8	1084	275	338	620	1.85e-08	49.7
Lygodium_japonicum_C262178	AT4G21880.1	22.981	161	114	5	1090	623	495	650	2.83e-07	46.2
Lygodium_japonicum_C262178	AT3G61360.1	23.282	262	171	7	1084	371	209	464	4.93e-07	45.1
Lygodium_japonicum_C262174	AT1G13630.4	19.878	327	236	6	967	44	494	813	1.02e-06	44.3
Lygodium_japonicum_C262190	AT5G35410.1	31.313	198	123	7	63	641	17	206	3.88e-21	88.2
Lygodium_japonicum_C262190	AT4G24400.1	31.527	203	116	8	63	641	15	204	6.56e-19	81.6
Lygodium_japonicum_C262190	AT1G30270.1	25.161	310	185	12	63	962	37	309	1.71e-17	77.4
Lygodium_japonicum_C262190	AT1G01140.3	30.137	219	133	9	63	689	25	233	3.04e-17	76.6
Lygodium_japonicum_C262190	AT2G26980.4	31.373	204	117	8	63	641	30	221	4.31e-17	76.3
Lygodium_japonicum_C262190	AT5G21326.1	28.788	198	130	5	63	641	19	210	1.40e-14	68.6
Lygodium_japonicum_C262214	AT1G74390.1	50.785	191	85	2	2	547	20	210	1.27e-56	187
Lygodium_japonicum_C262214	AT5G07710.1	50.262	191	89	3	23	580	22	211	1.47e-55	183
Lygodium_japonicum_C262214	AT5G61390.1	50.538	186	85	3	23	559	30	215	2.02e-52	175
Lygodium_japonicum_C262236	AT1G13630.4	23.944	213	143	5	1092	505	518	728	8.55e-15	69.7
Lygodium_japonicum_C262236	AT1G13630.4	21.942	278	205	6	1092	289	342	617	2.65e-13	65.1
Lygodium_japonicum_C262236	AT1G13630.4	22.388	201	150	3	1092	505	237	436	1.17e-08	50.4
Lygodium_japonicum_C262236	AT4G04790.1	25.424	177	97	4	1023	493	434	575	6.68e-13	63.9
Lygodium_japonicum_C262236	AT4G04790.1	27.632	152	102	3	1092	649	481	628	3.49e-12	61.6
Lygodium_japonicum_C262236	AT4G21880.1	29.231	130	86	3	1092	712	501	627	3.01e-11	58.5
Lygodium_japonicum_C262236	AT4G21880.1	24.294	177	99	4	1023	493	454	595	1.03e-10	57.0
Lygodium_japonicum_C262236	AT3G61360.1	20.670	179	124	3	1089	565	214	378	2.52e-07	46.2
Lygodium_japonicum_C262236	AT3G61360.1	21.384	159	119	2	1092	634	248	406	5.63e-06	41.6
Lygodium_japonicum_C262524	AT1G30270.1	35.955	267	152	10	972	196	31	286	4.13e-30	114
Lygodium_japonicum_C262524	AT5G35410.1	35.849	265	153	9	972	196	11	264	1.60e-28	109
Lygodium_japonicum_C262524	AT1G01140.3	37.037	270	145	12	972	196	19	274	2.23e-27	106
Lygodium_japonicum_C262524	AT2G26980.4	34.944	269	152	10	972	196	24	279	3.36e-25	100
Lygodium_japonicum_C262524	AT4G24400.1	33.333	267	161	7	972	190	9	264	4.96e-25	99.8
Lygodium_japonicum_C262524	AT5G21326.1	33.948	271	158	9	972	187	13	271	1.87e-23	95.1
Lygodium_japonicum_C262658	AT1G05160.1	40.411	146	84	2	1080	652	315	460	5.25e-31	117
Lygodium_japonicum_C262658	AT2G32440.1	38.889	144	87	1	1080	652	314	457	1.45e-30	115
Lygodium_japonicum_C262734	AT1G13630.4	24.648	142	95	6	1018	617	295	432	3.52e-07	45.8
Lygodium_japonicum_C262734	AT1G13630.4	23.364	107	78	1	1078	770	521	627	8.23e-06	41.6
Lygodium_japonicum_C262734	AT3G61360.1	24.771	109	77	2	1084	770	250	357	6.05e-07	45.1
Lygodium_japonicum_C262734	AT4G21880.1	31.746	63	43	0	949	761	481	543	9.65e-06	41.2
Lygodium_japonicum_C262752	AT5G02810.1	75.472	53	13	0	360	202	661	713	2.79e-20	86.7
Lygodium_japonicum_C262752	AT5G60100.2	71.698	53	15	0	342	184	467	519	1.33e-18	80.9
Lygodium_japonicum_C262758	AT4G15230.1	27.273	143	94	4	311	727	919	1055	1.19e-09	53.9
Lygodium_japonicum_C262758	AT4G15233.1	28.455	123	84	3	380	736	928	1050	1.24e-09	53.9
Lygodium_japonicum_C262758	AT4G15215.11	29.565	115	74	4	395	727	938	1049	7.80e-09	51.2
Lygodium_japonicum_C262758	AT4G15236.1	32.000	100	64	3	380	667	926	1025	7.86e-09	51.2
Lygodium_japonicum_C262758	AT3G53480.1	33.000	100	63	3	380	667	986	1085	1.54e-08	50.4
Lygodium_japonicum_C262758	AT3G53480.1	27.381	84	58	1	425	667	346	429	4.03e-06	42.7
Lygodium_japonicum_C262758	AT2G37280.3	32.000	100	64	3	380	667	978	1077	2.35e-08	49.7
Lygodium_japonicum_C262758	AT2G37280.3	25.287	87	62	1	425	676	340	426	5.85e-06	42.0
Lygodium_japonicum_C262772	AT2G43770.1	25.000	112	81	2	159	494	97	205	1.60e-06	43.1
Lygodium_japonicum_C262844	AT1G30270.1	32.948	173	96	6	129	623	73	233	1.21e-14	68.9
Lygodium_japonicum_C262844	AT5G21326.1	28.947	228	141	6	21	662	16	236	1.01e-13	65.9
Lygodium_japonicum_C262844	AT1G01140.3	30.409	171	111	5	117	623	57	221	1.87e-13	65.1
Lygodium_japonicum_C262844	AT2G26980.4	31.579	171	107	6	120	623	63	226	4.94e-13	63.9
Lygodium_japonicum_C262844	AT5G35410.1	29.697	165	108	6	129	620	53	210	7.30e-12	60.1
Lygodium_japonicum_C262844	AT4G24400.1	36.842	95	55	3	342	623	119	209	3.02e-10	55.1
Lygodium_japonicum_C262892	AT1G13630.4	24.180	244	172	5	1010	315	408	650	1.71e-18	81.3
Lygodium_japonicum_C262892	AT1G13630.4	22.102	371	205	8	1118	255	227	596	1.31e-13	66.2
Lygodium_japonicum_C262892	AT1G13630.4	20.079	254	178	7	1121	426	542	792	5.80e-08	48.5
Lygodium_japonicum_C262892	AT1G13630.4	20.274	365	226	11	1112	198	440	799	9.36e-07	44.7
Lygodium_japonicum_C262892	AT4G04790.1	22.097	267	181	7	1085	345	338	597	6.72e-09	51.2
Lygodium_japonicum_C262892	AT3G61360.1	20.884	249	151	7	1118	510	167	415	1.41e-07	47.0
Lygodium_japonicum_C262892	AT4G21880.1	23.741	139	98	4	1028	621	492	625	3.98e-06	42.4
Lygodium_japonicum_C263150	AT1G13630.4	30.147	136	89	3	394	2	414	548	1.30e-10	56.6
Lygodium_japonicum_C263150	AT1G13630.4	27.439	164	107	3	463	2	422	583	5.35e-09	51.6
Lygodium_japonicum_C263150	AT1G13630.4	27.742	155	100	5	481	53	486	640	9.53e-09	50.8
Lygodium_japonicum_C263150	AT1G13630.4	23.077	117	86	1	1131	793	494	610	3.34e-06	42.7
Lygodium_japonicum_C263254	AT2G43770.1	28.767	146	94	3	1138	710	111	249	2.35e-07	45.8
Lygodium_japonicum_C263254	AT2G43770.1	34.483	58	38	0	1138	965	195	252	5.57e-07	44.7
Lygodium_japonicum_C263180	AT4G22140.1	34.615	52	33	1	565	410	147	197	2.77e-07	45.1
Lygodium_japonicum_C263394	AT1G01140.3	36.458	96	57	2	8	286	122	216	2.90e-14	67.8
Lygodium_japonicum_C263394	AT5G35410.1	39.362	94	55	2	8	286	114	206	2.18e-13	65.1
Lygodium_japonicum_C263394	AT4G24400.1	37.895	95	55	4	8	286	112	204	8.14e-13	63.2
Lygodium_japonicum_C263394	AT1G30270.1	34.375	96	59	2	8	286	134	228	1.05e-12	62.8
Lygodium_japonicum_C263394	AT5G21326.1	35.417	96	58	2	8	286	116	210	4.98e-12	60.8
Lygodium_japonicum_C263394	AT2G26980.4	40.206	97	52	4	8	286	127	221	5.19e-12	60.8
Lygodium_japonicum_C263550	AT2G43770.1	25.397	315	201	8	83	1000	51	340	1.78e-16	73.9
Lygodium_japonicum_C263550	AT2G43770.1	26.887	212	141	5	326	961	44	241	1.15e-12	62.4
Lygodium_japonicum_C263550	AT3G49180.1	23.977	171	103	7	140	607	133	291	7.34e-06	41.6
Lygodium_japonicum_C263560	AT1G13630.4	21.831	142	102	4	1011	610	494	634	1.94e-07	46.6
Lygodium_japonicum_C263560	AT1G13630.4	23.810	147	105	2	1011	592	318	464	6.57e-06	42.0
Lygodium_japonicum_C263560	AT4G21880.1	23.529	119	85	3	951	601	501	615	5.49e-06	42.0
Lygodium_japonicum_C263624	AT1G13630.4	23.958	192	141	2	1148	585	454	644	1.76e-09	53.1
Lygodium_japonicum_C263676	AT1G27510.1	29.139	151	71	4	615	247	507	649	3.60e-09	52.0
Lygodium_japonicum_C263718	AT2G43770.1	27.046	281	180	9	967	152	61	325	3.14e-18	79.0
Lygodium_japonicum_C263718	AT4G28450.1	23.077	195	125	6	940	392	84	265	5.33e-11	57.8
Lygodium_japonicum_C263768	AT4G24400.1	39.062	64	37	2	7	195	147	209	8.13e-07	44.7
Lygodium_japonicum_C263768	AT5G35410.1	44.068	59	31	2	7	180	149	206	8.66e-07	44.3
Lygodium_japonicum_C263780	AT5G35410.1	42.353	85	46	3	954	703	124	206	4.15e-13	64.3
Lygodium_japonicum_C263780	AT4G24400.1	36.842	95	55	3	969	688	119	209	2.18e-11	58.9
Lygodium_japonicum_C263780	AT1G01140.3	31.073	177	90	8	933	412	138	285	9.88e-11	56.6
Lygodium_japonicum_C263780	AT1G30270.1	41.250	80	43	3	933	703	150	228	2.90e-10	55.5
Lygodium_japonicum_C263780	AT2G26980.4	33.607	122	71	5	933	592	143	262	1.28e-09	53.1
Lygodium_japonicum_C263780	AT5G21326.1	40.000	80	44	3	933	703	132	210	6.23e-09	51.2
Lygodium_japonicum_C263782	AT4G24400.1	36.022	186	101	7	6	539	26	201	9.49e-22	90.5
Lygodium_japonicum_C263782	AT1G30270.1	28.929	280	148	10	6	815	48	286	1.30e-21	90.1
Lygodium_japonicum_C263782	AT5G21326.1	35.870	184	106	6	6	539	30	207	2.07e-21	89.4
Lygodium_japonicum_C263782	AT1G01140.3	35.135	185	106	7	6	539	36	213	1.62e-20	86.7
Lygodium_japonicum_C263782	AT5G35410.1	34.807	181	106	7	6	533	28	201	2.84e-20	85.9
Lygodium_japonicum_C263782	AT2G26980.4	33.702	181	108	6	6	530	41	215	1.93e-19	83.6
Lygodium_japonicum_C263826	AT2G32440.1	28.042	189	123	4	606	1160	250	429	5.82e-14	67.0
Lygodium_japonicum_C263826	AT1G05160.1	27.737	137	94	1	708	1103	282	418	1.21e-11	59.7
Lygodium_japonicum_C263840	AT3G61360.1	24.859	177	123	2	541	1053	278	450	6.46e-14	66.6
Lygodium_japonicum_C263840	AT1G13630.4	27.322	183	130	1	448	996	380	559	6.84e-13	63.9
Lygodium_japonicum_C263840	AT1G13630.4	23.611	216	156	2	316	957	197	405	3.01e-10	55.8
Lygodium_japonicum_C263840	AT1G13630.4	25.000	100	73	1	505	804	536	633	6.35e-06	42.0
Lygodium_japonicum_C263840	AT4G04790.1	20.833	144	105	2	403	816	424	564	4.01e-08	48.9
Lygodium_japonicum_C263852	AT5G67385.1	39.437	71	43	0	3	215	392	462	2.27e-11	58.9
Lygodium_japonicum_C263852	AT3G49970.1	37.879	66	36	1	9	206	334	394	6.65e-08	48.1
Lygodium_japonicum_C263962	AT5G21326.1	33.333	114	70	3	946	614	123	233	1.24e-10	56.6
Lygodium_japonicum_C263962	AT5G35410.1	26.136	176	124	4	1138	614	59	229	3.18e-10	55.1
Lygodium_japonicum_C263962	AT4G24400.1	27.485	171	104	5	1138	650	57	215	7.78e-10	53.9
Lygodium_japonicum_C263962	AT1G30270.1	32.759	116	68	4	946	614	141	251	1.99e-09	52.8
Lygodium_japonicum_C263962	AT2G26980.4	26.984	189	108	6	1138	614	72	244	2.06e-09	52.8
Lygodium_japonicum_C263962	AT1G01140.3	24.000	200	138	5	1138	548	67	255	4.25e-08	48.5
Lygodium_japonicum_C264038	AT1G20110.1	37.647	85	48	3	1076	834	439	522	8.47e-10	54.3
Lygodium_japonicum_C264118	AT4G36990.1	55.000	40	18	0	378	497	12	51	1.94e-18	54.3
Lygodium_japonicum_C264118	AT4G36990.1	80.000	25	5	0	488	562	49	73	1.94e-18	50.1
Lygodium_japonicum_C264136	AT1G28130.1	51.692	325	140	6	46	975	273	595	2.40e-112	335
Lygodium_japonicum_C264136	AT4G37390.1	49.231	325	156	5	13	975	271	590	3.00e-112	335
Lygodium_japonicum_C264136	AT2G23170.1	50.151	331	145	7	1	975	266	582	8.97e-112	333
Lygodium_japonicum_C264136	AT2G14960.1	51.118	313	134	4	46	975	280	576	8.99e-112	333
Lygodium_japonicum_C264136	AT5G54510.1	52.681	317	140	5	46	975	282	595	1.24e-111	334
Lygodium_japonicum_C264136	AT1G59500.1	48.615	325	154	5	13	975	269	584	5.72e-111	332
Lygodium_japonicum_C264136	AT4G27260.1	50.625	320	148	5	37	975	279	595	6.85e-109	327
Lygodium_japonicum_C264136	AT2G47750.1	50.000	308	145	6	13	927	258	559	1.25e-97	297
Lygodium_japonicum_C264162	AT1G13630.4	25.101	247	172	4	1175	471	378	623	1.06e-15	72.8
Lygodium_japonicum_C264162	AT1G13630.4	24.786	234	166	5	1016	342	365	597	1.44e-13	66.2
Lygodium_japonicum_C264162	AT4G04790.1	21.429	238	143	9	1100	507	335	568	1.73e-09	53.1
Lygodium_japonicum_C264162	AT3G61360.1	20.000	155	120	1	1115	663	203	357	1.86e-08	49.7
Lygodium_japonicum_C264162	AT4G21880.1	15.982	219	171	3	1136	507	374	588	1.68e-06	43.9
Lygodium_japonicum_C264464	AT4G00730.1	35.514	107	59	3	89	400	120	219	1.03e-08	50.8
Lygodium_japonicum_C264464	AT3G61150.1	32.407	108	62	3	89	400	95	195	2.90e-07	46.2
Lygodium_japonicum_C264670	AT5G67385.1	60.784	102	40	0	1096	791	373	474	3.72e-39	142
Lygodium_japonicum_C264670	AT3G49970.1	37.126	167	79	4	1093	593	314	454	2.84e-24	98.6
Lygodium_japonicum_C264724	AT4G04790.1	24.841	157	112	2	195	656	477	630	2.52e-07	46.6
Lygodium_japonicum_C264778	AT1G30270.1	31.056	161	98	5	1204	728	79	228	3.23e-14	67.8
Lygodium_japonicum_C264778	AT5G21326.1	31.677	161	97	5	1204	728	61	210	3.53e-14	67.4
Lygodium_japonicum_C264778	AT5G35410.1	31.737	167	101	5	1204	707	59	213	5.33e-14	67.0
Lygodium_japonicum_C264778	AT2G26980.4	30.723	166	92	7	1204	728	72	221	1.43e-13	65.9
Lygodium_japonicum_C264778	AT1G01140.3	31.056	161	98	5	1204	728	67	216	1.47e-13	65.9
Lygodium_japonicum_C264778	AT4G24400.1	30.000	160	99	6	1204	728	57	204	1.69e-11	59.3
Lygodium_japonicum_C264840	AT1G05160.1	25.649	308	186	13	26	901	165	445	2.07e-13	65.5
Lygodium_japonicum_C264840	AT2G32440.1	24.567	289	177	12	80	901	180	442	3.96e-11	58.2
Lygodium_japonicum_C264872	AT5G35410.1	32.061	131	76	5	1199	816	86	206	1.22e-10	56.6
Lygodium_japonicum_C264872	AT1G30270.1	33.333	135	71	6	1199	816	106	228	2.62e-10	55.5
Lygodium_japonicum_C264872	AT4G24400.1	32.061	131	76	5	1199	816	84	204	3.75e-10	55.1
Lygodium_japonicum_C264872	AT5G21326.1	29.114	237	122	13	1199	570	88	305	1.40e-09	53.1
Lygodium_japonicum_C264872	AT1G01140.3	31.111	135	74	6	1199	816	94	216	9.65e-09	50.8
Lygodium_japonicum_C264872	AT2G26980.4	26.971	241	124	14	1202	570	98	316	1.28e-08	50.4
Lygodium_japonicum_C264926	AT1G13630.4	23.891	293	173	8	1202	345	358	607	5.26e-14	67.8
Lygodium_japonicum_C264926	AT4G04790.1	21.224	245	171	5	1010	321	338	575	6.21e-11	58.2
Lygodium_japonicum_C264926	AT4G21880.1	18.239	159	120	3	629	171	497	651	6.90e-07	45.1
Lygodium_japonicum_C264966	AT5G65930.3	27.805	205	140	4	596	1198	895	1095	6.95e-23	95.1
Lygodium_japonicum_C264982	AT4G21790.1	64.664	283	100	0	1079	231	9	291	1.90e-137	389
Lygodium_japonicum_C264982	AT2G02180.1	58.007	281	117	1	1070	231	23	303	1.59e-119	344
Lygodium_japonicum_C264982	AT1G14530.2	57.348	279	119	0	1067	231	15	293	1.10e-111	323
Lygodium_japonicum_C265024	AT5G02810.1	42.105	57	33	0	256	86	661	717	6.86e-11	57.8
Lygodium_japonicum_C265024	AT5G60100.2	48.889	45	23	0	232	98	469	513	1.52e-09	53.1
Lygodium_japonicum_C265036	AT1G17010.1	29.530	298	198	5	93	968	39	330	9.01e-40	140
Lygodium_japonicum_C265036	AT1G17020.1	28.483	323	215	6	75	1028	39	350	6.45e-38	134
Lygodium_japonicum_C265036	AT1G78550.1	29.966	297	192	6	78	956	40	324	6.87e-38	134
Lygodium_japonicum_C265036	AT4G25300.1	27.673	318	217	7	93	1028	38	348	6.47e-36	129
Lygodium_japonicum_C265036	AT4G25310.1	28.881	277	186	4	210	1028	76	345	1.05e-33	123
Lygodium_japonicum_C265084	AT4G15215.11	32.710	107	64	4	331	35	933	1039	4.90e-09	52.0
Lygodium_japonicum_C265084	AT4G15233.1	25.000	212	135	10	619	35	830	1034	8.03e-09	51.6
Lygodium_japonicum_C265084	AT4G15236.1	24.528	212	136	10	619	35	828	1032	6.77e-08	48.5
Lygodium_japonicum_C265084	AT3G53480.1	28.889	180	114	8	619	107	888	1062	1.78e-07	47.0
Lygodium_japonicum_C265084	AT4G15230.1	31.183	93	60	3	331	65	936	1028	1.85e-07	47.0
Lygodium_japonicum_C265084	AT2G37280.3	36.232	69	42	2	307	107	986	1054	2.69e-07	46.6
Lygodium_japonicum_C265182	AT2G32440.1	23.786	206	140	6	291	884	263	459	9.26e-11	57.0
Lygodium_japonicum_C265182	AT1G05160.1	23.415	205	140	6	297	884	266	462	1.55e-07	47.0
Lygodium_japonicum_C265414	AT2G44525.1	57.252	131	54	1	1053	661	39	167	1.26e-45	150
Lygodium_japonicum_C265414	AT3G60150.1	54.962	131	57	1	1053	661	39	167	3.56e-43	143
Lygodium_japonicum_C265464	AT5G35410.1	34.239	184	108	7	155	697	36	209	6.85e-16	73.2
Lygodium_japonicum_C265464	AT1G01140.3	29.630	189	118	5	155	697	38	219	2.05e-15	71.6
Lygodium_japonicum_C265464	AT4G24400.1	33.140	172	89	6	209	697	53	207	2.50e-14	68.2
Lygodium_japonicum_C265464	AT2G26980.4	31.953	169	105	3	197	697	64	224	3.12e-14	67.8
Lygodium_japonicum_C265464	AT1G30270.1	28.743	167	105	4	209	697	75	231	1.88e-13	65.5
Lygodium_japonicum_C265464	AT5G21326.1	30.357	168	109	3	197	697	53	213	5.72e-12	60.8
Lygodium_japonicum_C265732	AT2G37280.3	39.474	76	40	1	303	512	132	207	1.04e-07	48.1
Lygodium_japonicum_C265732	AT3G53480.1	48.148	54	25	1	345	497	187	240	3.27e-07	46.2
Lygodium_japonicum_C265732	AT4G15236.1	39.130	69	39	1	294	491	134	202	1.92e-06	43.9
Lygodium_japonicum_C265732	AT4G15215.11	40.323	62	34	1	315	491	141	202	3.52e-06	43.1
Lygodium_japonicum_C265946	AT1G13630.4	23.282	262	181	4	2	727	467	728	1.17e-20	88.6
Lygodium_japonicum_C265946	AT3G61360.1	20.968	248	154	4	2	727	202	413	4.03e-09	52.0
Lygodium_japonicum_C265946	AT4G04790.1	19.048	231	166	6	191	841	392	615	9.07e-08	48.1
Lygodium_japonicum_C265946	AT4G21880.1	19.392	263	198	7	191	955	412	668	1.94e-07	47.0
Lygodium_japonicum_C265980	AT1G13630.4	21.986	282	196	7	1245	469	494	774	5.09e-10	55.1
Lygodium_japonicum_C265980	AT1G13630.4	22.353	255	145	6	1251	607	297	538	8.29e-10	54.7
Lygodium_japonicum_C265980	AT4G21880.1	23.529	136	96	4	894	496	497	627	1.87e-06	43.9
Lygodium_japonicum_C266196	AT1G05160.1	26.738	187	121	6	1027	488	269	446	2.34e-10	55.8
Lygodium_japonicum_C266196	AT2G32440.1	24.865	185	125	5	1027	488	268	443	1.07e-08	50.8
Lygodium_japonicum_C266230	AT3G53480.1	21.898	137	104	2	1103	702	1163	1299	2.31e-07	47.0
Lygodium_japonicum_C266230	AT2G37280.3	21.930	228	165	4	1094	438	1158	1381	1.54e-06	44.3
Lygodium_japonicum_C266268	AT5G02810.1	45.902	61	28	1	912	745	666	726	1.78e-11	59.7
Lygodium_japonicum_C266268	AT5G60100.2	46.154	52	27	1	906	754	468	519	3.63e-09	52.4
Lygodium_japonicum_C266288	AT1G13630.4	23.420	269	179	6	162	890	496	763	3.38e-12	62.0
Lygodium_japonicum_C266288	AT1G13630.4	22.615	283	199	9	204	1010	338	614	2.70e-09	52.8
Lygodium_japonicum_C266288	AT4G21880.1	24.476	143	97	4	486	899	492	628	3.77e-08	49.3
Lygodium_japonicum_C266288	AT4G21880.1	32.653	98	60	3	3	287	531	625	4.64e-06	42.7
Lygodium_japonicum_C266288	AT4G04790.1	24.648	142	96	4	486	896	472	607	6.19e-08	48.5
Lygodium_japonicum_C266316	AT4G21880.1	23.280	189	136	3	1016	468	403	588	3.30e-10	55.8
Lygodium_japonicum_C266316	AT4G04790.1	23.009	226	147	5	1073	468	346	568	1.52e-08	50.4
Lygodium_japonicum_C266316	AT1G13630.4	24.074	162	113	3	752	288	444	602	4.67e-06	42.7
Lygodium_japonicum_C266332	AT1G13630.4	22.340	282	209	4	1234	416	338	618	1.83e-17	78.6
Lygodium_japonicum_C266332	AT1G13630.4	22.284	359	209	12	1267	284	429	748	2.78e-16	75.1
Lygodium_japonicum_C266332	AT1G13630.4	21.875	352	260	7	1258	242	225	574	1.28e-14	69.7
Lygodium_japonicum_C266332	AT1G13630.4	24.342	304	205	9	1234	389	514	814	1.01e-13	67.0
Lygodium_japonicum_C266332	AT4G21880.1	25.904	166	113	3	973	497	479	641	2.55e-11	59.3
Lygodium_japonicum_C266332	AT4G04790.1	20.000	265	200	4	1240	470	370	630	2.74e-10	56.2
Lygodium_japonicum_C266332	AT3G61360.1	20.000	170	125	3	1273	797	226	395	7.84e-07	44.7
Lygodium_japonicum_C266332	AT3G61360.1	20.188	213	150	6	1009	413	180	386	1.30e-06	44.3
Lygodium_japonicum_C266346	AT5G64940.1	28.889	225	136	5	1277	612	295	498	1.40e-16	75.9
Lygodium_japonicum_C266398	AT1G13630.4	17.582	273	199	6	1274	528	494	764	4.05e-07	45.8
Lygodium_japonicum_C266394	AT3G22110.1	37.555	229	133	4	1108	431	4	225	6.84e-46	153
Lygodium_japonicum_C266394	AT4G15165.1	28.070	228	114	4	1108	431	4	183	2.11e-25	97.4
Lygodium_japonicum_C266472	AT4G22140.1	62.887	194	68	1	1053	472	14	203	8.41e-92	271
Lygodium_japonicum_C266472	AT4G39100.1	59.669	181	72	1	1047	508	8	188	5.00e-82	246
Lygodium_japonicum_C266472	AT4G04260.2	58.382	173	68	2	996	478	8	176	2.55e-67	207
Lygodium_japonicum_C266640	AT5G64940.1	31.527	203	128	4	1	594	303	499	8.71e-29	113
Lygodium_japonicum_C266652	AT1G30270.1	28.000	250	158	11	1014	277	37	268	9.89e-15	69.7
Lygodium_japonicum_C266652	AT1G01140.3	30.583	206	128	8	1014	415	25	221	8.82e-14	66.6
Lygodium_japonicum_C266652	AT2G26980.4	28.155	206	133	8	1014	415	30	226	5.23e-13	64.3
Lygodium_japonicum_C266652	AT5G35410.1	27.751	209	137	7	1014	397	17	214	6.86e-13	63.9
Lygodium_japonicum_C266652	AT5G21326.1	26.570	207	135	8	1014	415	19	215	1.26e-09	53.5
Lygodium_japonicum_C266652	AT4G24400.1	23.077	221	149	8	1053	415	2	209	3.38e-09	52.4
Lygodium_japonicum_C266686	AT1G30270.1	26.016	246	164	7	1202	501	30	269	1.01e-15	72.8
Lygodium_japonicum_C266686	AT2G26980.4	27.273	264	173	8	1253	501	5	262	3.39e-15	70.9
Lygodium_japonicum_C266686	AT1G01140.3	30.508	177	104	6	1100	606	45	214	5.86e-14	67.0
Lygodium_japonicum_C266686	AT5G35410.1	29.048	210	137	5	1202	585	10	211	1.05e-12	63.2
Lygodium_japonicum_C266686	AT5G21326.1	25.203	246	166	7	1202	501	12	251	9.17e-12	60.5
Lygodium_japonicum_C266686	AT4G24400.1	26.887	212	143	6	1202	579	8	211	5.36e-11	57.8
Lygodium_japonicum_C266676	AT1G05900.2	41.633	245	131	6	985	269	129	367	2.81e-59	193
Lygodium_japonicum_C266676	AT2G31450.1	42.918	233	121	6	949	269	134	360	8.26e-58	189
Lygodium_japonicum_C266688	AT5G35410.1	31.841	201	120	7	136	720	17	206	9.28e-19	82.0
Lygodium_japonicum_C266688	AT2G26980.4	30.736	231	136	7	136	786	30	250	9.31e-19	82.0
Lygodium_japonicum_C266688	AT1G01140.3	31.401	207	125	6	136	735	25	221	1.85e-18	80.9
Lygodium_japonicum_C266688	AT5G21326.1	31.004	229	134	8	136	780	19	237	2.42e-18	80.5
Lygodium_japonicum_C266688	AT4G24400.1	30.131	229	138	8	136	786	15	233	6.56e-18	79.3
Lygodium_japonicum_C266688	AT1G30270.1	30.476	210	127	7	136	741	37	235	7.58e-18	79.3
Lygodium_japonicum_C266768	AT1G78550.1	37.462	331	201	4	1	984	29	356	2.25e-76	236
Lygodium_japonicum_C266768	AT1G17020.1	35.135	333	208	5	1	984	29	358	2.58e-73	228
Lygodium_japonicum_C266768	AT1G17010.1	35.629	334	205	6	1	984	29	358	1.15e-71	224
Lygodium_japonicum_C266768	AT4G25300.1	35.312	337	201	7	1	984	28	356	4.30e-66	210
Lygodium_japonicum_C266768	AT4G25310.1	35.522	335	199	7	1	984	29	353	6.77e-64	204
Lygodium_japonicum_C266882	AT1G30270.1	27.711	166	107	5	534	1019	79	235	4.14e-12	61.6
Lygodium_japonicum_C266882	AT2G26980.4	31.638	177	99	7	510	1019	67	228	4.40e-12	61.2
Lygodium_japonicum_C266882	AT1G01140.3	30.286	175	99	7	516	1013	61	221	2.26e-11	59.3
Lygodium_japonicum_C266882	AT4G24400.1	30.952	168	99	7	534	1022	57	212	2.27e-11	58.9
Lygodium_japonicum_C266882	AT5G35410.1	26.506	166	109	7	534	1022	59	214	3.95e-10	55.1
Lygodium_japonicum_C266882	AT5G21326.1	29.944	177	102	8	510	1019	56	217	6.76e-09	51.2
Lygodium_japonicum_C267010	AT1G17020.1	39.368	348	196	7	1239	217	19	358	1.98e-77	239
Lygodium_japonicum_C267010	AT1G78550.1	35.674	356	211	8	1263	217	12	356	1.45e-74	232
Lygodium_japonicum_C267010	AT4G25300.1	40.860	279	158	4	1065	241	73	348	1.55e-73	229
Lygodium_japonicum_C267010	AT1G17010.1	37.536	349	203	7	1239	214	19	359	4.44e-73	228
Lygodium_japonicum_C267010	AT4G25310.1	40.493	284	159	5	1056	217	76	353	2.38e-70	221
Lygodium_japonicum_C267114	AT1G13630.4	26.786	112	79	1	1260	934	360	471	1.19e-07	47.8
Lygodium_japonicum_C267146	AT4G21880.1	25.000	164	103	3	961	518	429	588	2.15e-10	56.6
Lygodium_japonicum_C267146	AT1G13630.4	28.440	109	77	1	820	497	402	510	9.96e-10	54.3
Lygodium_japonicum_C267146	AT1G13630.4	22.034	295	198	8	1306	491	449	734	6.49e-09	52.0
Lygodium_japonicum_C267146	AT1G13630.4	21.429	210	164	1	1123	494	408	616	1.72e-07	47.4
Lygodium_japonicum_C267146	AT3G61360.1	23.932	117	87	1	841	497	301	417	6.10e-06	42.0
Lygodium_japonicum_C267188	AT2G43770.1	26.437	261	179	5	129	884	87	343	1.10e-21	89.7
Lygodium_japonicum_C267188	AT2G43770.1	24.880	209	147	6	396	1007	46	249	1.74e-15	71.2
Lygodium_japonicum_C267188	AT2G43770.1	25.248	202	148	3	270	869	46	246	1.19e-13	65.9
Lygodium_japonicum_C267188	AT4G28450.1	23.279	305	203	11	159	1007	64	359	9.36e-11	57.4
Lygodium_japonicum_C267188	AT4G28450.1	21.951	164	115	6	174	641	206	364	3.98e-06	42.7
Lygodium_japonicum_C267188	AT3G49180.1	21.811	243	169	6	333	1007	51	290	3.60e-10	55.5
Lygodium_japonicum_C267188	AT3G49180.1	23.109	238	145	10	171	785	69	301	6.30e-07	45.1
Lygodium_japonicum_C267314	AT5G16260.1	47.273	55	28	1	1238	1074	278	331	6.86e-08	48.1
Lygodium_japonicum_C267338	AT2G32440.1	26.444	329	229	5	24	998	139	458	3.58e-40	144
Lygodium_japonicum_C267338	AT1G05160.1	25.758	330	232	4	24	998	140	461	1.85e-39	142
Lygodium_japonicum_C267334	AT1G13630.4	22.667	375	263	7	1298	252	360	733	4.59e-18	80.9
Lygodium_japonicum_C267334	AT1G13630.4	22.654	437	299	9	1226	18	279	710	6.55e-16	73.9
Lygodium_japonicum_C267334	AT4G21880.1	32.031	128	81	3	1151	777	502	626	2.53e-12	62.8
Lygodium_japonicum_C267334	AT4G21880.1	27.232	224	153	5	803	153	412	632	7.74e-12	61.2
Lygodium_japonicum_C267334	AT4G21880.1	30.000	130	85	3	854	474	500	626	3.79e-09	52.8
Lygodium_japonicum_C267334	AT4G04790.1	25.571	219	151	4	803	171	392	606	7.34e-12	61.2
Lygodium_japonicum_C267346	AT1G13630.4	22.010	209	154	4	1318	716	424	631	1.24e-12	63.5
Lygodium_japonicum_C267346	AT1G13630.4	21.154	208	156	3	1309	710	251	458	1.97e-10	56.6
Lygodium_japonicum_C267346	AT1G13630.4	20.492	244	171	5	1318	644	494	733	1.66e-07	47.4
Lygodium_japonicum_C267346	AT1G13630.4	20.000	155	119	2	1291	839	655	808	2.19e-07	47.0
Lygodium_japonicum_C267346	AT3G61360.1	26.531	196	121	7	1312	764	228	413	7.05e-12	60.8
Lygodium_japonicum_C267346	AT4G21880.1	24.219	128	87	4	1303	938	517	640	3.63e-07	46.2
Lygodium_japonicum_C267346	AT4G04790.1	20.942	191	137	5	1303	746	392	573	4.54e-06	42.7
Lygodium_japonicum_C267418	AT1G13630.4	23.003	313	218	8	1326	451	414	724	1.43e-14	69.7
Lygodium_japonicum_C267418	AT1G13630.4	23.320	253	179	5	1326	604	308	557	2.33e-10	56.6
Lygodium_japonicum_C267418	AT1G13630.4	21.118	161	123	1	1074	604	221	381	8.28e-06	42.0
Lygodium_japonicum_C267418	AT4G04790.1	27.778	144	93	4	795	367	463	596	1.79e-09	53.5
Lygodium_japonicum_C267418	AT4G04790.1	23.985	271	180	7	1329	568	481	742	2.69e-06	43.5
Lygodium_japonicum_C267418	AT4G21880.1	26.549	113	73	4	795	457	483	585	1.08e-07	47.8
Lygodium_japonicum_C267418	AT4G21880.1	26.220	164	115	3	1329	847	501	661	3.29e-07	46.2
Lygodium_japonicum_C267452	AT1G05160.1	21.114	341	233	10	130	1140	155	463	1.87e-12	62.8
Lygodium_japonicum_C267452	AT2G32440.1	22.642	212	147	5	571	1197	277	474	1.62e-11	59.7
Lygodium_japonicum_C267518	AT5G08130.8	39.623	53	31	1	261	419	280	331	7.88e-06	41.6
Lygodium_japonicum_C267528	AT1G01140.3	34.975	203	124	5	1140	553	23	224	3.50e-32	121
Lygodium_japonicum_C267528	AT1G30270.1	29.927	274	166	7	1089	343	54	326	2.99e-30	116
Lygodium_japonicum_C267528	AT4G24400.1	31.373	204	134	5	1149	553	10	212	1.19e-28	111
Lygodium_japonicum_C267528	AT2G26980.4	31.034	203	132	5	1140	553	28	229	2.47e-28	110
Lygodium_japonicum_C267528	AT5G35410.1	31.174	247	149	7	1140	436	15	252	1.48e-27	108
Lygodium_japonicum_C267528	AT5G21326.1	34.225	187	117	4	1098	553	33	218	2.77e-27	107
Lygodium_japonicum_C267550	AT4G22140.1	34.884	43	28	0	483	355	155	197	5.43e-06	41.6
Lygodium_japonicum_C267584	AT1G13630.4	21.525	223	165	3	8	649	288	509	8.97e-09	51.2
Lygodium_japonicum_C267584	AT1G13630.4	20.259	232	158	5	5	631	498	725	3.68e-08	49.3
Lygodium_japonicum_C267584	AT3G61360.1	22.066	213	150	7	2	604	193	401	1.97e-07	47.0
Lygodium_japonicum_C267662	AT2G26980.4	33.721	86	56	1	131	385	143	228	8.78e-07	44.7
Lygodium_japonicum_C267662	AT1G30270.1	29.070	86	60	1	131	385	150	235	5.24e-06	42.4
Lygodium_japonicum_C267662	AT5G21326.1	30.233	86	59	1	131	385	132	217	9.31e-06	41.6
Lygodium_japonicum_C267688	AT1G05160.1	26.263	198	137	3	813	235	276	469	7.87e-16	73.2
Lygodium_japonicum_C267688	AT2G32440.1	24.771	218	154	4	876	235	255	466	1.18e-13	66.6
Lygodium_japonicum_C267734	AT4G24400.1	31.176	170	106	5	1114	617	15	177	1.79e-12	62.8
Lygodium_japonicum_C267734	AT2G26980.4	30.058	173	110	5	1114	611	30	196	2.84e-11	58.9
Lygodium_japonicum_C267734	AT5G35410.1	30.636	173	103	6	1114	617	17	179	6.03e-10	54.7
Lygodium_japonicum_C267734	AT1G30270.1	29.143	175	105	7	1114	617	37	201	3.79e-09	52.4
Lygodium_japonicum_C267734	AT1G01140.3	30.460	174	108	7	1114	611	25	191	9.59e-09	50.8
Lygodium_japonicum_C267734	AT5G21326.1	29.885	174	109	6	1114	611	19	185	1.25e-08	50.4
Lygodium_japonicum_C267758	AT5G35410.1	27.632	228	147	9	1169	504	5	220	1.07e-13	66.6
Lygodium_japonicum_C267758	AT1G30270.1	25.692	253	152	8	1139	405	35	259	2.63e-13	65.5
Lygodium_japonicum_C267758	AT1G01140.3	25.357	280	176	9	1154	333	18	270	2.09e-12	62.4
Lygodium_japonicum_C267758	AT4G24400.1	27.193	228	148	7	1175	510	1	216	9.70e-12	60.5
Lygodium_japonicum_C267758	AT2G26980.4	26.168	214	143	6	1166	546	19	224	1.09e-10	57.0
Lygodium_japonicum_C267758	AT5G21326.1	25.483	259	153	9	1166	420	8	236	6.45e-09	51.6
Lygodium_japonicum_C267814	AT2G43770.1	32.313	294	188	7	1126	266	49	338	1.77e-46	158
Lygodium_japonicum_C267814	AT2G43770.1	28.922	204	138	3	883	278	46	244	6.03e-23	93.6
Lygodium_japonicum_C267814	AT2G43770.1	27.559	127	84	2	1129	773	217	343	3.57e-11	58.2
Lygodium_japonicum_C267814	AT3G49180.1	26.667	225	148	6	985	356	79	301	1.47e-17	78.6
Lygodium_japonicum_C267814	AT3G49180.1	23.834	193	128	5	1141	617	111	302	3.26e-12	62.0
Lygodium_japonicum_C267814	AT3G49180.1	26.974	152	98	6	820	383	5	149	4.95e-08	48.5
Lygodium_japonicum_C267814	AT4G28450.1	20.588	306	185	6	1129	377	61	363	5.33e-16	73.6
Lygodium_japonicum_C267814	AT4G28450.1	22.256	328	182	8	1246	467	56	378	9.47e-12	60.5
Lygodium_japonicum_C267814	AT4G28450.1	23.005	213	151	6	886	278	58	267	5.55e-10	54.7
Lygodium_japonicum_C267814	AT4G02660.2	26.778	239	140	7	1219	602	3221	3457	4.00e-12	62.4
Lygodium_japonicum_C267814	AT1G03060.1	26.087	230	135	8	1219	629	3228	3455	8.68e-09	51.6
Lygodium_japonicum_C267864	AT5G35410.1	28.643	199	127	7	933	355	17	206	1.46e-16	75.5
Lygodium_japonicum_C267864	AT4G24400.1	28.643	199	127	7	933	355	15	204	3.76e-16	73.9
Lygodium_japonicum_C267864	AT2G26980.4	28.643	199	129	6	933	355	30	221	5.59e-15	70.5
Lygodium_japonicum_C267864	AT1G30270.1	22.628	274	177	9	933	130	37	281	6.84e-13	63.9
Lygodium_japonicum_C267864	AT5G21326.1	27.638	199	131	6	933	355	19	210	1.16e-12	63.2
Lygodium_japonicum_C267864	AT1G01140.3	24.876	201	134	7	933	355	25	216	8.09e-12	60.5
Lygodium_japonicum_C267916	AT4G24400.1	29.814	161	91	5	1291	812	119	258	7.29e-11	57.8
Lygodium_japonicum_C267916	AT5G21326.1	30.872	149	84	5	1255	815	132	263	2.23e-09	52.8
Lygodium_japonicum_C267916	AT1G30270.1	30.065	153	82	6	1255	812	150	282	7.59e-09	51.2
Lygodium_japonicum_C267916	AT5G35410.1	28.188	149	88	4	1255	812	130	260	7.03e-08	48.1
Lygodium_japonicum_C267916	AT1G01140.3	37.647	85	51	2	1255	1007	138	222	1.18e-07	47.4
Lygodium_japonicum_C267916	AT2G26980.4	31.544	149	82	6	1255	815	143	273	1.31e-07	47.4
Lygodium_japonicum_C267956	AT2G32440.1	23.214	392	257	13	11	1171	137	489	5.39e-13	64.3
Lygodium_japonicum_C267956	AT1G05160.1	24.931	361	209	13	11	1033	138	456	1.54e-11	59.7
Lygodium_japonicum_C267962	AT5G35410.1	29.741	232	146	10	153	821	5	228	1.82e-21	90.5
Lygodium_japonicum_C267962	AT4G24400.1	30.332	211	133	8	150	764	2	204	5.00e-21	89.0
Lygodium_japonicum_C267962	AT2G26980.4	29.153	295	161	14	180	986	27	299	5.82e-21	89.0
Lygodium_japonicum_C267962	AT1G01140.3	30.288	208	117	9	183	764	23	216	1.23e-19	84.7
Lygodium_japonicum_C267962	AT1G30270.1	27.805	205	128	8	180	764	34	228	3.05e-18	80.9
Lygodium_japonicum_C267962	AT5G21326.1	28.780	205	126	8	180	764	16	210	1.12e-15	72.8
Lygodium_japonicum_C267992	AT1G13630.4	24.436	266	191	4	1359	589	369	633	3.04e-17	78.2
Lygodium_japonicum_C267992	AT1G13630.4	22.687	335	241	8	1155	190	336	665	1.52e-13	66.6
Lygodium_japonicum_C267992	AT1G13630.4	25.238	210	149	3	1080	475	255	464	1.38e-11	60.5
Lygodium_japonicum_C267992	AT4G21880.1	23.529	204	119	7	1359	757	458	627	2.48e-09	53.1
Lygodium_japonicum_C267992	AT3G61360.1	23.958	192	139	3	1155	598	242	432	2.55e-08	49.7
Lygodium_japonicum_C267992	AT3G61360.1	23.188	207	144	8	1152	562	208	409	3.98e-07	45.8
Lygodium_japonicum_C267992	AT4G04790.1	20.976	205	123	8	1359	757	438	607	1.14e-07	47.8
Lygodium_japonicum_C267992	AT4G04790.1	18.455	233	176	5	1224	538	352	574	1.30e-07	47.8
Lygodium_japonicum_C268084	AT5G35410.1	38.991	218	125	6	1342	698	53	265	6.11e-42	149
Lygodium_japonicum_C268084	AT1G30270.1	34.468	235	140	7	1363	680	66	293	2.46e-41	147
Lygodium_japonicum_C268084	AT5G21326.1	37.557	221	128	7	1339	692	56	271	3.32e-41	146
Lygodium_japonicum_C268084	AT2G26980.4	36.842	228	128	6	1339	680	67	286	5.18e-40	143
Lygodium_japonicum_C268084	AT4G24400.1	36.283	226	136	6	1360	692	45	265	1.25e-39	142
Lygodium_japonicum_C268084	AT1G01140.3	34.454	238	142	6	1342	650	61	291	3.42e-39	141
Lygodium_japonicum_C268106	AT1G13630.4	23.052	308	214	7	1347	478	317	619	3.74e-13	65.5
Lygodium_japonicum_C268106	AT1G13630.4	19.902	407	288	16	1320	172	225	617	4.36e-07	46.2
Lygodium_japonicum_C268106	AT3G61360.1	20.488	205	117	7	1338	859	192	395	1.46e-07	47.4
Lygodium_japonicum_C268106	AT4G21880.1	22.152	158	116	2	1170	709	434	588	2.01e-07	47.0
Lygodium_japonicum_C268136	AT5G20520.1	25.703	249	144	8	364	993	57	303	6.96e-14	66.2
Lygodium_japonicum_C268286	AT3G53480.1	21.555	283	200	6	1370	564	1139	1413	9.28e-10	54.7
Lygodium_japonicum_C268286	AT2G37280.3	22.064	281	201	5	1373	564	1132	1405	4.62e-09	52.4
Lygodium_japonicum_C268286	AT4G15233.1	19.925	266	201	5	1373	606	456	719	2.29e-06	43.9
Lygodium_japonicum_C268318	AT5G35410.1	27.425	299	182	13	225	1055	14	299	2.39e-18	80.9
Lygodium_japonicum_C268318	AT2G26980.4	26.172	256	165	10	228	950	28	274	1.60e-13	65.9
Lygodium_japonicum_C268318	AT4G24400.1	25.843	267	158	11	222	965	11	256	1.94e-13	65.9
Lygodium_japonicum_C268318	AT1G01140.3	26.291	213	130	8	228	827	23	221	3.18e-13	65.1
Lygodium_japonicum_C268318	AT1G30270.1	22.848	302	193	11	222	1067	33	314	1.73e-12	62.8
Lygodium_japonicum_C268318	AT5G21326.1	22.769	325	211	16	225	1130	16	323	7.21e-11	57.8
Lygodium_japonicum_C268334	AT4G04470.1	28.000	175	117	4	1117	599	12	179	5.98e-18	75.9
Lygodium_japonicum_C268334	AT4G14305.1	28.191	188	119	4	1156	599	4	177	3.52e-15	67.8
Lygodium_japonicum_C268438	AT5G35410.1	28.571	217	135	7	53	679	11	215	1.41e-16	75.5
Lygodium_japonicum_C268438	AT2G26980.4	25.764	229	152	7	26	688	15	233	1.62e-13	65.9
Lygodium_japonicum_C268438	AT1G30270.1	25.688	218	136	8	71	688	37	240	3.72e-13	65.1
Lygodium_japonicum_C268438	AT1G01140.3	26.267	217	134	8	50	664	18	220	6.06e-13	64.3
Lygodium_japonicum_C268438	AT4G24400.1	26.540	211	135	8	53	661	9	207	8.82e-13	63.5
Lygodium_japonicum_C268438	AT5G21326.1	24.887	221	146	8	53	688	13	222	4.62e-10	55.1
Lygodium_japonicum_C268482	AT1G13630.4	21.961	255	179	6	296	1003	514	767	9.83e-11	57.8
Lygodium_japonicum_C268482	AT1G13630.4	22.176	239	176	3	206	895	269	506	4.13e-06	42.7
Lygodium_japonicum_C268482	AT4G21880.1	23.288	146	104	5	293	715	496	638	8.70e-06	42.0
Lygodium_japonicum_C268570	AT2G32440.1	28.409	352	247	2	1373	318	118	464	8.62e-55	184
Lygodium_japonicum_C268570	AT1G05160.1	29.428	367	250	5	1373	282	119	479	9.46e-53	179
Lygodium_japonicum_C268626	AT2G32440.1	25.197	127	86	3	739	359	345	462	7.96e-06	42.0
Lygodium_japonicum_C268634	AT4G19390.1	59.639	166	53	3	971	480	98	251	4.93e-61	195
Lygodium_japonicum_C268702	AT2G43770.1	29.231	65	43	2	441	626	205	269	5.02e-06	42.0
Lygodium_japonicum_C268704	AT1G13630.4	23.297	279	190	6	1337	570	494	771	2.83e-16	75.5
Lygodium_japonicum_C268704	AT1G13630.4	22.072	222	165	3	1277	636	237	458	1.18e-09	54.3
Lygodium_japonicum_C268704	AT4G21880.1	26.761	142	96	4	1283	873	499	637	4.61e-09	52.4
Lygodium_japonicum_C268704	AT3G61360.1	24.118	170	122	4	1265	774	252	420	7.82e-07	45.1
Lygodium_japonicum_C268734	AT3G61150.1	49.338	302	124	6	1398	493	528	800	3.36e-72	238
Lygodium_japonicum_C268734	AT4G00730.1	49.007	302	115	5	1398	493	533	795	1.11e-70	233
Lygodium_japonicum_C268914	AT1G13630.4	19.399	366	279	7	1407	355	237	601	2.77e-11	59.7
Lygodium_japonicum_C268914	AT1G13630.4	21.908	283	199	6	1410	625	517	798	3.70e-10	55.8
Lygodium_japonicum_C268914	AT1G13630.4	21.341	164	116	4	1380	916	492	651	7.76e-08	48.5
Lygodium_japonicum_C268914	AT1G13630.4	17.169	332	223	8	1410	439	173	460	4.83e-06	42.7
Lygodium_japonicum_C268914	AT4G04790.1	21.569	255	180	5	1359	637	392	640	2.33e-07	47.0
Lygodium_japonicum_C268914	AT4G04790.1	28.261	92	63	1	1410	1135	480	568	2.66e-06	43.5
Lygodium_japonicum_C268914	AT4G21880.1	26.115	157	104	5	1410	958	500	650	2.61e-07	47.0
Lygodium_japonicum_C268914	AT3G61360.1	19.565	230	173	5	1317	664	134	363	1.93e-06	43.9
Lygodium_japonicum_C269002	AT2G32440.1	49.198	374	183	2	2	1123	120	486	8.62e-123	362
Lygodium_japonicum_C269002	AT1G05160.1	50.409	367	173	4	5	1099	122	481	3.00e-120	355
Lygodium_japonicum_C269016	AT1G78550.1	33.968	315	193	5	234	1163	52	356	6.90e-57	187
Lygodium_japonicum_C269016	AT1G17010.1	32.527	372	215	11	69	1163	16	358	4.51e-55	182
Lygodium_japonicum_C269016	AT1G17020.1	31.034	377	214	11	69	1163	16	358	3.46e-52	174
Lygodium_japonicum_C269016	AT4G25300.1	32.267	375	211	11	69	1163	15	356	1.34e-51	173
Lygodium_japonicum_C269016	AT4G25310.1	32.653	294	177	8	315	1163	70	353	2.41e-43	150
Lygodium_japonicum_C269074	AT1G13630.4	22.384	344	236	8	1337	369	260	593	4.72e-14	68.6
Lygodium_japonicum_C269074	AT1G13630.4	20.944	339	231	7	1412	489	338	670	7.90e-11	58.2
Lygodium_japonicum_C269074	AT4G21880.1	28.030	132	83	4	1202	825	501	626	4.05e-10	55.8
Lygodium_japonicum_C269074	AT4G21880.1	25.000	100	70	2	899	606	501	597	1.11e-06	44.7
Lygodium_japonicum_C269074	AT4G04790.1	24.242	132	88	4	1202	825	481	606	6.55e-06	42.4
Lygodium_japonicum_C269092	AT1G13630.4	29.500	200	141	0	1	600	419	618	3.64e-16	75.1
Lygodium_japonicum_C269092	AT1G13630.4	28.261	138	99	0	1	414	489	626	7.49e-15	70.9
Lygodium_japonicum_C269092	AT1G13630.4	23.779	307	226	5	1	906	278	581	4.72e-12	62.0
Lygodium_japonicum_C269092	AT1G13630.4	25.980	204	138	3	121	696	494	696	5.20e-10	55.5
Lygodium_japonicum_C269092	AT1G13630.4	21.463	205	158	2	178	786	267	470	7.13e-07	45.4
Lygodium_japonicum_C269092	AT3G61360.1	22.822	241	183	2	1	714	219	459	5.47e-11	58.2
Lygodium_japonicum_C269092	AT3G61360.1	21.076	223	136	5	70	732	173	357	3.31e-06	43.1
Lygodium_japonicum_C269114	AT1G13630.4	21.500	200	151	2	1409	825	308	506	4.84e-11	58.9
Lygodium_japonicum_C269114	AT1G13630.4	23.288	219	149	5	1412	804	518	733	1.48e-10	57.4
Lygodium_japonicum_C269114	AT1G13630.4	21.196	184	106	3	1403	969	416	599	1.67e-07	47.4
Lygodium_japonicum_C269114	AT4G21880.1	24.060	133	95	3	1421	1032	498	627	8.92e-11	57.8
Lygodium_japonicum_C269114	AT4G21880.1	22.870	223	123	9	1403	777	425	612	3.50e-07	46.6
Lygodium_japonicum_C269114	AT4G04790.1	21.875	160	113	3	1421	960	478	631	3.39e-10	56.2
Lygodium_japonicum_C269114	AT4G04790.1	21.905	210	151	5	1361	759	393	598	9.67e-10	54.7
Lygodium_japonicum_C269164	AT1G17020.1	33.113	302	189	5	1085	201	8	303	1.34e-58	191
Lygodium_japonicum_C269164	AT4G25300.1	31.987	297	193	4	1079	195	14	303	2.03e-56	186
Lygodium_japonicum_C269164	AT1G78550.1	32.278	316	195	6	1103	183	2	307	6.72e-52	174
Lygodium_japonicum_C269164	AT1G17010.1	36.032	247	152	2	962	225	54	295	1.31e-51	173
Lygodium_japonicum_C269164	AT4G25310.1	33.220	295	184	6	1070	195	16	300	3.98e-49	166
Lygodium_japonicum_C269200	AT5G56290.1	25.000	124	93	0	533	162	579	702	3.21e-07	46.6
Lygodium_japonicum_C269214	AT1G27461.1	26.562	128	89	2	887	1255	211	338	2.42e-06	43.1
Lygodium_japonicum_C269230	AT5G53480.1	59.654	347	137	3	5	1039	525	870	3.88e-149	442
Lygodium_japonicum_C269230	AT3G08947.1	57.514	346	145	2	2	1033	309	654	5.00e-142	417
Lygodium_japonicum_C269230	AT3G08943.1	56.936	346	147	2	2	1033	525	870	1.37e-137	412
Lygodium_japonicum_C269254	AT1G05160.1	26.267	217	143	6	1208	582	249	456	1.27e-15	72.8
Lygodium_japonicum_C269254	AT2G32440.1	26.050	238	153	9	1271	582	231	453	2.09e-13	65.9
Lygodium_japonicum_C269366	AT5G64940.1	45.536	448	190	6	2	1216	321	757	9.67e-105	323
Lygodium_japonicum_C269424	AT2G43770.1	30.097	103	70	2	2	307	104	205	3.37e-17	55.8
Lygodium_japonicum_C269424	AT2G43770.1	24.742	97	65	2	385	651	205	301	3.37e-17	44.7
Lygodium_japonicum_C269424	AT2G43770.1	25.773	97	71	1	379	669	162	257	5.02e-11	57.8
Lygodium_japonicum_C269424	AT2G43770.1	22.340	94	72	1	23	304	154	246	4.83e-10	42.4
Lygodium_japonicum_C269424	AT2G43770.1	22.581	93	64	1	388	642	248	340	4.83e-10	33.9
Lygodium_japonicum_C269424	AT2G43770.1	37.879	66	40	1	2	196	61	126	7.84e-08	47.8
Lygodium_japonicum_C269424	AT2G43770.1	30.275	109	68	2	2	304	230	338	1.18e-07	47.4
Lygodium_japonicum_C269424	AT2G43770.1	34.375	64	42	0	2	193	280	343	2.08e-06	43.5
Lygodium_japonicum_C269424	AT2G43770.1	29.545	88	60	2	385	645	121	207	3.14e-06	42.7
Lygodium_japonicum_C269424	AT4G28450.1	29.358	109	57	4	385	666	92	195	1.96e-06	43.9
Lygodium_japonicum_C269446	AT1G13630.4	23.577	246	178	4	1233	523	285	529	1.65e-09	53.9
Lygodium_japonicum_C269446	AT1G13630.4	21.680	369	246	12	1425	400	408	760	1.99e-09	53.5
Lygodium_japonicum_C269446	AT1G13630.4	21.173	307	207	10	1377	505	318	605	2.64e-08	50.1
Lygodium_japonicum_C269450	AT4G21790.1	68.050	241	77	0	1	723	51	291	1.86e-110	323
Lygodium_japonicum_C269450	AT2G02180.1	61.411	241	93	0	1	723	63	303	5.38e-100	297
Lygodium_japonicum_C269450	AT1G14530.2	61.411	241	93	0	1	723	53	293	1.04e-91	275
Lygodium_japonicum_C269470	AT4G15215.11	34.426	61	39	1	9	188	949	1009	8.37e-07	45.4
Lygodium_japonicum_C269470	AT3G53480.1	32.787	61	40	1	9	188	1002	1062	3.10e-06	43.5
Lygodium_japonicum_C269470	AT2G37280.3	26.923	78	54	2	9	233	994	1071	3.40e-06	43.5
Lygodium_japonicum_C269470	AT2G37280.3	26.667	90	62	1	9	266	340	429	5.36e-06	42.7
Lygodium_japonicum_C269470	AT4G15233.1	32.787	61	40	1	9	188	944	1004	3.63e-06	43.1
Lygodium_japonicum_C269470	AT4G15230.1	32.787	61	40	1	9	188	952	1012	3.82e-06	43.1
Lygodium_japonicum_C269470	AT4G15236.1	31.148	61	41	1	9	188	942	1002	5.33e-06	42.7
Lygodium_japonicum_C269474	AT1G30270.1	32.422	256	137	3	1442	678	55	275	5.36e-40	144
Lygodium_japonicum_C269474	AT5G21326.1	33.202	253	133	3	1433	678	40	257	8.32e-39	140
Lygodium_japonicum_C269474	AT1G01140.3	32.812	256	136	3	1442	678	43	263	2.06e-37	137
Lygodium_japonicum_C269474	AT2G26980.4	30.435	253	140	3	1433	678	51	268	3.25e-36	133
Lygodium_japonicum_C269474	AT5G35410.1	31.852	270	143	5	1442	636	35	264	6.60e-36	132
Lygodium_japonicum_C269474	AT4G24400.1	29.412	272	141	5	1433	636	36	262	1.56e-34	129
Lygodium_japonicum_C269432	AT1G79450.1	59.006	322	122	3	165	1130	33	344	3.22e-139	399
Lygodium_japonicum_C269432	AT3G12740.1	57.764	322	126	3	165	1130	34	345	2.07e-136	392
Lygodium_japonicum_C269432	AT1G54320.1	57.764	322	126	3	165	1130	33	344	1.99e-135	389
Lygodium_japonicum_C269432	AT1G16360.2	56.522	322	130	3	165	1130	33	344	8.40e-134	385
Lygodium_japonicum_C269432	AT5G46150.1	54.321	324	134	5	165	1133	29	339	7.90e-124	359
Lygodium_japonicum_C269526	AT5G54510.1	59.561	319	102	8	1441	518	307	609	7.74e-129	382
Lygodium_japonicum_C269526	AT4G27260.1	58.934	319	104	8	1441	518	307	609	1.32e-127	378
Lygodium_japonicum_C269526	AT4G37390.1	57.929	309	114	6	1441	524	307	602	2.37e-124	370
Lygodium_japonicum_C269526	AT1G28130.1	56.604	318	112	5	1441	533	298	604	3.75e-121	362
Lygodium_japonicum_C269526	AT2G14960.1	58.170	306	106	6	1441	524	305	588	1.86e-119	357
Lygodium_japonicum_C269526	AT1G59500.1	55.882	306	121	7	1441	524	305	596	2.23e-117	352
Lygodium_japonicum_C269526	AT2G23170.1	55.556	306	118	7	1441	524	307	594	2.08e-116	349
Lygodium_japonicum_C269526	AT2G47750.1	54.662	311	114	5	1441	533	294	585	1.37e-111	336
Lygodium_japonicum_C269534	AT1G69010.1	42.593	54	30	1	1148	990	50	103	1.01e-07	47.4
Lygodium_japonicum_C269534	AT5G08130.8	46.939	49	25	1	1148	1005	285	333	5.70e-07	45.4
Lygodium_japonicum_C269614	AT1G13630.4	22.843	394	275	11	1378	278	414	805	1.26e-15	73.6
Lygodium_japonicum_C269614	AT1G13630.4	22.050	322	219	13	1435	557	496	814	1.30e-09	54.3
Lygodium_japonicum_C269614	AT1G13630.4	23.616	271	161	8	784	104	306	574	1.02e-07	48.1
Lygodium_japonicum_C269614	AT4G04790.1	24.375	160	111	4	1399	938	475	630	1.67e-09	53.9
Lygodium_japonicum_C269614	AT4G04790.1	21.577	241	167	5	1087	404	375	606	1.05e-06	45.1
Lygodium_japonicum_C269614	AT4G21880.1	22.699	163	119	3	1111	632	493	651	1.51e-07	47.8
Lygodium_japonicum_C269666	AT4G04790.1	32.955	88	55	2	1424	1161	481	564	4.78e-09	52.4
Lygodium_japonicum_C269666	AT1G13630.4	27.200	125	80	4	1436	1083	514	634	5.46e-09	52.4
Lygodium_japonicum_C269666	AT1G13630.4	23.243	185	137	3	1442	897	407	589	8.55e-09	51.6
Lygodium_japonicum_C269666	AT1G13630.4	30.000	130	81	4	1454	1086	367	493	2.41e-08	50.1
Lygodium_japonicum_C269666	AT4G21880.1	28.571	119	79	3	1424	1074	501	615	4.70e-07	46.2
Lygodium_japonicum_C269698	AT5G56290.1	30.488	82	57	0	357	602	582	663	5.20e-07	45.8
Lygodium_japonicum_C269776	AT3G12250.4	48.276	58	26	2	769	608	60	117	3.82e-07	45.8
Lygodium_japonicum_C269776	AT5G06950.1	44.828	58	28	2	769	608	35	92	5.57e-06	42.0
Lygodium_japonicum_C269776	AT5G06960.1	51.064	47	20	1	739	608	46	92	6.14e-06	42.0
Lygodium_japonicum_C269846	AT5G64940.1	31.683	303	170	6	96	911	352	648	1.73e-38	143
Lygodium_japonicum_C269834	AT3G22110.1	35.377	212	133	4	131	757	5	215	6.99e-32	117
Lygodium_japonicum_C269834	AT4G15165.1	30.000	210	101	5	131	751	5	171	8.14e-18	76.3
Lygodium_japonicum_C269872	AT1G17020.1	36.261	353	214	6	1280	234	13	358	2.07e-69	220
Lygodium_japonicum_C269872	AT1G78550.1	34.018	341	217	4	1253	234	23	356	3.55e-65	209
Lygodium_japonicum_C269872	AT1G17010.1	35.593	354	215	9	1280	234	13	358	6.79e-64	206
Lygodium_japonicum_C269872	AT4G25300.1	34.091	352	222	6	1280	234	12	356	8.14e-64	205
Lygodium_japonicum_C269872	AT4G25310.1	35.714	336	203	6	1235	234	29	353	1.56e-59	194
Lygodium_japonicum_C269870	AT3G56740.1	54.362	298	128	3	1221	334	1	292	2.17e-90	272
Lygodium_japonicum_C269870	AT2G41160.1	53.041	296	129	3	1221	334	1	286	7.67e-90	270
Lygodium_japonicum_C269900	AT1G13630.4	21.639	305	225	6	1464	589	261	564	1.36e-12	63.9
Lygodium_japonicum_C269900	AT1G13630.4	20.548	292	182	8	1470	646	470	728	2.67e-06	43.5
Lygodium_japonicum_C269902	AT3G12250.4	58.028	355	117	6	1349	378	2	355	1.23e-123	360
Lygodium_japonicum_C269902	AT5G06950.1	64.120	301	99	4	1256	378	31	330	1.34e-123	358
Lygodium_japonicum_C269902	AT5G06960.1	57.530	332	130	4	1349	378	2	330	4.73e-120	349
Lygodium_japonicum_C269902	AT1G68640.1	60.772	311	112	2	1280	378	142	452	4.33e-116	344
Lygodium_japonicum_C269934	AT1G13630.4	24.062	320	235	6	3	944	299	616	1.79e-10	57.0
Lygodium_japonicum_C270004	AT1G27461.1	28.226	124	82	4	496	861	233	351	1.37e-07	47.4
Lygodium_japonicum_C270002	AT1G13630.4	19.328	357	273	5	2	1054	286	633	6.54e-11	58.5
Lygodium_japonicum_C270002	AT1G13630.4	19.945	361	269	9	53	1105	375	725	1.04e-07	48.1
Lygodium_japonicum_C270002	AT3G61360.1	25.217	115	83	2	104	442	298	411	3.90e-07	46.2
Lygodium_japonicum_C270090	AT2G43770.1	22.384	344	223	13	195	1202	33	340	1.56e-10	56.2
Lygodium_japonicum_C270104	AT3G22110.1	41.000	200	115	3	84	677	4	202	1.98e-51	169
Lygodium_japonicum_C270104	AT4G15165.1	32.500	200	90	4	84	677	4	160	2.73e-31	114
Lygodium_japonicum_C270162	AT1G13630.4	24.484	339	236	7	1426	461	295	630	2.21e-20	88.6
Lygodium_japonicum_C270162	AT1G13630.4	22.899	345	241	8	1387	410	273	611	1.04e-15	73.9
Lygodium_japonicum_C270162	AT1G13630.4	20.098	408	296	8	1426	290	365	771	5.35e-13	65.1
Lygodium_japonicum_C270162	AT4G21880.1	19.808	313	231	7	1093	203	356	664	3.63e-10	56.2
Lygodium_japonicum_C270162	AT4G21880.1	20.921	239	175	4	1306	617	393	626	1.53e-09	54.3
Lygodium_japonicum_C270162	AT3G61360.1	20.362	221	152	8	1417	806	204	417	8.62e-07	45.1
Lygodium_japonicum_C270162	AT4G04790.1	17.672	232	176	5	1078	419	340	568	1.28e-06	44.7
Lygodium_japonicum_C270176	AT5G35410.1	27.184	206	135	6	156	758	17	212	7.89e-16	73.6
Lygodium_japonicum_C270176	AT4G24400.1	25.381	197	135	5	156	731	15	204	3.34e-13	65.1
Lygodium_japonicum_C270176	AT2G26980.4	27.861	201	127	7	156	731	30	221	2.00e-12	62.8
Lygodium_japonicum_C270176	AT1G30270.1	25.126	199	135	6	156	731	37	228	2.16e-12	62.8
Lygodium_japonicum_C270176	AT1G01140.3	27.228	202	127	8	156	731	25	216	8.80e-12	60.8
Lygodium_japonicum_C270176	AT5G21326.1	26.776	183	119	6	204	731	36	210	3.93e-10	55.5
Lygodium_japonicum_C270178	AT4G28450.1	22.523	222	150	9	553	1179	107	319	3.42e-10	55.8
Lygodium_japonicum_C270178	AT2G43770.1	23.207	237	151	10	535	1242	45	251	8.05e-09	51.2
Lygodium_japonicum_C270178	AT2G43770.1	22.819	149	99	4	802	1248	38	170	4.48e-07	45.4
Lygodium_japonicum_C270246	AT1G30270.1	28.440	327	186	10	1327	371	35	321	7.97e-25	101
Lygodium_japonicum_C270246	AT1G01140.3	31.156	199	125	5	1327	749	23	215	5.21e-22	92.4
Lygodium_japonicum_C270246	AT5G21326.1	30.653	199	126	5	1327	749	17	209	2.30e-21	90.5
Lygodium_japonicum_C270246	AT5G35410.1	31.429	210	127	6	1327	728	15	217	2.42e-21	90.5
Lygodium_japonicum_C270246	AT4G24400.1	30.653	199	122	5	1327	752	13	202	2.48e-20	87.4
Lygodium_japonicum_C270246	AT2G26980.4	28.643	199	130	5	1327	749	28	220	6.79e-19	82.8
Lygodium_japonicum_C270242	AT5G16930.1	32.895	152	94	5	601	1053	397	541	1.65e-15	72.8
Lygodium_japonicum_C270242	AT2G18330.1	33.793	145	88	5	601	1032	384	521	3.80e-15	71.6
Lygodium_japonicum_C270242	AT3G03060.1	32.278	158	99	5	583	1053	379	529	5.88e-15	71.2
Lygodium_japonicum_C270242	AT4G36580.1	32.414	145	90	5	601	1032	381	518	1.44e-13	66.6
Lygodium_japonicum_C270300	AT1G69010.1	42.593	54	30	1	461	619	50	103	9.23e-08	47.8
Lygodium_japonicum_C270300	AT5G08130.8	42.308	52	29	1	461	613	285	336	6.86e-07	45.4
Lygodium_japonicum_C270336	AT1G13630.4	19.795	293	181	5	1416	700	473	765	1.65e-08	50.8
Lygodium_japonicum_C270336	AT1G13630.4	22.951	183	136	2	1392	859	270	452	1.24e-07	48.1
Lygodium_japonicum_C270336	AT4G04790.1	22.699	163	90	4	1086	601	480	607	4.35e-07	46.2
Lygodium_japonicum_C270336	AT4G21880.1	23.776	143	101	4	1386	973	501	640	3.73e-06	43.1
Lygodium_japonicum_C270406	AT4G24400.1	26.316	152	110	1	1027	572	5	154	9.53e-14	67.0
Lygodium_japonicum_C270406	AT1G30270.1	31.373	153	99	4	1024	572	28	176	2.20e-13	65.9
Lygodium_japonicum_C270406	AT5G35410.1	27.632	152	108	1	1027	572	7	156	2.97e-13	65.5
Lygodium_japonicum_C270406	AT5G35410.1	47.727	44	22	1	193	65	171	214	5.68e-07	45.4
Lygodium_japonicum_C270406	AT2G26980.4	26.316	152	110	1	1027	572	20	169	4.39e-12	61.6
Lygodium_japonicum_C270406	AT5G21326.1	27.632	152	108	1	1027	572	9	158	6.23e-12	61.2
Lygodium_japonicum_C270406	AT1G01140.3	25.000	152	112	1	1027	572	15	164	1.43e-11	60.1
Lygodium_japonicum_C270406	AT1G01140.3	43.182	44	24	1	193	65	181	224	3.38e-06	43.1
Lygodium_japonicum_C270440	AT4G27260.1	37.116	423	229	7	1502	261	202	596	2.06e-77	249
Lygodium_japonicum_C270440	AT4G37390.1	37.470	419	227	10	1493	255	204	593	8.69e-77	247
Lygodium_japonicum_C270440	AT2G23170.1	37.923	414	223	11	1490	255	204	585	2.86e-76	245
Lygodium_japonicum_C270440	AT1G59500.1	36.627	415	230	9	1490	255	203	587	6.31e-75	242
Lygodium_japonicum_C270440	AT2G14960.1	36.957	414	221	10	1490	255	204	579	5.66e-72	234
Lygodium_japonicum_C270440	AT5G54510.1	35.697	423	235	7	1502	261	202	596	6.08e-71	231
Lygodium_japonicum_C270440	AT1G28130.1	35.469	437	229	10	1490	246	196	601	8.20e-69	226
Lygodium_japonicum_C270440	AT2G47750.1	33.097	423	241	11	1502	261	188	577	2.29e-65	216
Lygodium_japonicum_C270468	AT2G03780.1	21.525	223	160	7	1277	639	48	265	1.43e-07	47.0
Lygodium_japonicum_C270626	AT4G24400.1	31.313	198	107	7	16	585	32	208	9.22e-18	79.3
Lygodium_japonicum_C270626	AT2G26980.4	29.384	211	118	9	16	615	47	237	5.49e-16	73.9
Lygodium_japonicum_C270626	AT1G30270.1	28.977	176	103	8	70	585	75	232	2.44e-14	68.9
Lygodium_japonicum_C270626	AT5G35410.1	28.977	176	105	6	67	588	54	211	3.32e-14	68.6
Lygodium_japonicum_C270626	AT1G01140.3	28.141	199	114	8	16	585	42	220	1.44e-13	66.2
Lygodium_japonicum_C270626	AT5G21326.1	28.079	203	113	9	16	591	36	216	1.46e-13	66.2
Lygodium_japonicum_C270660	AT1G13630.4	22.967	418	301	7	1484	279	220	632	6.97e-18	80.9
Lygodium_japonicum_C270660	AT1G13630.4	21.968	437	271	12	1430	210	414	810	4.69e-15	71.6
Lygodium_japonicum_C270660	AT1G13630.4	22.695	423	292	9	1523	294	414	814	1.17e-14	70.5
Lygodium_japonicum_C270660	AT1G13630.4	20.821	341	255	7	1166	174	225	560	2.11e-07	47.4
Lygodium_japonicum_C270660	AT4G21880.1	21.296	216	151	7	758	144	453	660	6.57e-09	52.0
Lygodium_japonicum_C270700	AT1G13630.4	23.500	400	293	3	1247	72	236	630	9.15e-27	108
Lygodium_japonicum_C270700	AT1G13630.4	20.084	478	351	9	1445	72	246	712	1.18e-23	99.0
Lygodium_japonicum_C270700	AT1G13630.4	20.690	435	283	9	1424	174	358	748	5.94e-19	84.0
Lygodium_japonicum_C270700	AT1G13630.4	24.335	263	197	2	830	45	308	569	4.29e-18	81.3
Lygodium_japonicum_C270700	AT1G13630.4	27.000	200	114	3	584	75	186	383	5.53e-14	68.6
Lygodium_japonicum_C270700	AT1G13630.4	19.410	407	273	9	1496	318	440	805	8.04e-11	58.2
Lygodium_japonicum_C270700	AT3G61360.1	23.418	158	121	0	638	165	207	364	1.87e-09	53.5
Lygodium_japonicum_C270700	AT3G61360.1	21.925	187	110	2	515	60	179	364	2.50e-09	53.1
Lygodium_japonicum_C270700	AT3G61360.1	21.500	200	155	1	740	147	243	442	6.29e-09	52.0
Lygodium_japonicum_C270726	AT5G06960.1	24.000	150	86	4	1249	812	119	244	3.20e-06	42.7
Lygodium_japonicum_C270726	AT1G68640.1	23.556	225	145	4	1243	578	243	443	6.47e-06	42.4
Lygodium_japonicum_C270734	AT5G05780.1	83.442	308	49	1	22	939	1	308	1.01e-176	493
Lygodium_japonicum_C270734	AT3G11270.1	83.946	299	48	0	22	918	1	299	1.06e-175	491
Lygodium_japonicum_C270766	AT4G25300.1	35.608	337	212	3	1385	381	18	351	4.52e-75	235
Lygodium_japonicum_C270766	AT1G17020.1	34.524	336	218	2	1385	381	19	353	4.54e-75	235
Lygodium_japonicum_C270766	AT1G78550.1	34.821	336	217	2	1388	381	18	351	2.41e-74	233
Lygodium_japonicum_C270766	AT4G25310.1	36.086	327	204	2	1361	381	27	348	1.50e-73	231
Lygodium_japonicum_C270766	AT1G17010.1	33.731	335	222	0	1385	381	19	353	1.22e-72	229
Lygodium_japonicum_C270906	AT1G30270.1	30.435	161	99	6	445	909	75	228	5.39e-13	64.7
Lygodium_japonicum_C270906	AT2G26980.4	31.288	163	95	7	445	909	68	221	1.16e-12	63.5
Lygodium_japonicum_C270906	AT5G35410.1	33.962	159	94	7	445	909	55	206	1.45e-12	63.2
Lygodium_japonicum_C270906	AT1G01140.3	30.435	161	99	6	445	909	63	216	1.96e-12	62.8
Lygodium_japonicum_C270906	AT5G21326.1	31.902	163	94	7	445	909	57	210	4.09e-12	62.0
Lygodium_japonicum_C270906	AT4G24400.1	28.108	185	112	7	445	987	53	220	8.41e-12	60.8
Lygodium_japonicum_C270910	AT3G61360.1	23.013	239	164	11	1242	562	158	388	3.76e-09	52.8
Lygodium_japonicum_C270910	AT3G61360.1	19.048	189	146	2	1497	952	169	357	3.14e-08	49.7
Lygodium_japonicum_C270910	AT1G13630.4	21.455	275	194	5	1452	685	494	765	1.61e-08	50.8
Lygodium_japonicum_C270910	AT1G13630.4	20.775	284	181	4	1410	688	225	507	3.07e-08	50.1
Lygodium_japonicum_C270910	AT4G21880.1	25.000	156	105	4	1452	994	481	627	2.26e-08	50.4
Lygodium_japonicum_C270910	AT4G04790.1	22.553	235	166	5	1464	796	338	568	8.62e-07	45.4
Lygodium_japonicum_C270922	AT2G43770.1	25.153	326	197	10	197	1129	47	340	1.23e-18	81.3
Lygodium_japonicum_C270922	AT3G49180.1	24.000	275	162	11	374	1144	2	247	9.70e-11	57.4
Lygodium_japonicum_C270922	AT3G49180.1	25.397	252	153	7	218	907	79	317	1.68e-09	53.5
Lygodium_japonicum_C270922	AT3G49180.1	24.400	250	151	10	209	892	118	351	1.91e-06	43.9
Lygodium_japonicum_C271016	AT1G69010.1	30.526	95	55	3	797	516	22	106	1.13e-06	44.3
Lygodium_japonicum_C271040	AT4G24400.1	33.333	102	66	1	1396	1091	57	156	9.12e-15	70.1
Lygodium_japonicum_C271040	AT4G24400.1	34.091	88	52	3	784	533	169	254	3.41e-07	46.2
Lygodium_japonicum_C271040	AT2G26980.4	33.333	102	66	1	1396	1091	72	171	1.91e-14	69.3
Lygodium_japonicum_C271040	AT2G26980.4	32.584	89	54	3	796	542	182	268	2.82e-07	46.6
Lygodium_japonicum_C271040	AT5G35410.1	31.707	123	79	2	1450	1091	38	158	2.82e-14	68.6
Lygodium_japonicum_C271040	AT5G35410.1	28.829	111	69	4	814	494	161	265	5.06e-07	45.8
Lygodium_japonicum_C271040	AT1G30270.1	26.866	134	93	2	1483	1091	47	178	1.25e-13	66.6
Lygodium_japonicum_C271040	AT1G30270.1	35.484	93	52	3	796	533	189	278	2.43e-10	56.2
Lygodium_japonicum_C271040	AT5G21326.1	31.373	102	68	1	1396	1091	61	160	1.36e-13	66.6
Lygodium_japonicum_C271040	AT5G21326.1	31.461	89	55	3	796	542	171	257	1.70e-08	50.4
Lygodium_japonicum_C271040	AT1G01140.3	30.000	100	68	1	1396	1097	67	164	1.11e-11	60.5
Lygodium_japonicum_C271040	AT1G01140.3	31.183	93	56	3	796	533	177	266	3.82e-07	46.2
Lygodium_japonicum_C271068	AT1G30270.1	32.222	90	54	2	538	290	146	235	6.63e-08	48.5
Lygodium_japonicum_C271068	AT4G24400.1	35.417	96	52	4	538	266	124	214	1.66e-07	47.4
Lygodium_japonicum_C271068	AT5G35410.1	33.333	96	54	3	538	266	126	216	2.55e-07	46.6
Lygodium_japonicum_C271142	AT5G44190.1	55.357	56	24	1	1432	1265	146	200	5.22e-12	61.2
Lygodium_japonicum_C271142	AT2G20570.2	54.717	53	23	1	1423	1265	171	222	1.08e-09	54.3
Lygodium_japonicum_C271156	AT5G35410.1	31.579	228	128	10	1023	376	11	222	3.92e-17	77.4
Lygodium_japonicum_C271156	AT4G24400.1	28.293	205	126	10	1023	442	9	203	3.21e-13	65.5
Lygodium_japonicum_C271156	AT1G30270.1	27.468	233	135	12	1023	373	31	245	6.17e-13	64.7
Lygodium_japonicum_C271156	AT1G01140.3	24.272	206	137	8	1026	442	18	215	2.19e-12	62.8
Lygodium_japonicum_C271156	AT5G21326.1	24.901	253	155	11	1023	328	13	251	1.37e-11	60.1
Lygodium_japonicum_C271156	AT2G26980.4	26.341	205	132	9	1023	442	24	220	1.66e-10	57.0
Lygodium_japonicum_C271188	AT4G14305.1	25.714	175	126	3	1127	612	12	185	5.20e-10	53.1
Lygodium_japonicum_C271188	AT4G04470.1	20.787	178	137	3	1127	603	14	190	2.68e-08	48.1
Lygodium_japonicum_C271196	AT4G04790.1	22.989	174	104	5	1471	1016	481	646	3.02e-06	43.5
Lygodium_japonicum_C271206	AT2G01980.1	25.547	274	169	10	1532	750	183	434	4.67e-10	55.8
Lygodium_japonicum_C271206	AT1G14660.1	27.170	265	168	8	1532	759	181	427	6.21e-09	52.4
Lygodium_japonicum_C271204	AT4G14305.1	28.070	171	103	6	216	716	20	174	1.34e-07	45.8
Lygodium_japonicum_C271204	AT4G04470.1	24.719	178	108	8	204	716	18	176	4.71e-07	44.3
Lygodium_japonicum_C271228	AT1G30270.1	33.462	260	165	3	420	1181	28	285	6.85e-51	175
Lygodium_japonicum_C271228	AT5G21326.1	34.328	268	168	3	420	1205	10	275	1.46e-50	173
Lygodium_japonicum_C271228	AT5G35410.1	33.585	265	170	3	420	1202	8	270	8.24e-50	171
Lygodium_japonicum_C271228	AT4G24400.1	33.208	265	171	3	420	1202	6	268	2.11e-49	170
Lygodium_japonicum_C271228	AT2G26980.4	33.712	264	167	3	429	1202	24	285	1.70e-48	168
Lygodium_japonicum_C271228	AT1G01140.3	29.831	295	199	3	411	1277	13	305	1.43e-45	160
Lygodium_japonicum_C271252	AT1G30270.1	28.877	187	119	7	1515	970	107	284	7.35e-15	70.5
Lygodium_japonicum_C271252	AT4G24400.1	27.568	185	121	6	1515	970	85	259	1.16e-13	66.6
Lygodium_japonicum_C271252	AT5G21326.1	27.473	182	121	5	1515	979	89	262	3.92e-13	65.1
Lygodium_japonicum_C271252	AT1G01140.3	28.415	183	118	7	1515	979	95	268	6.09e-13	64.7
Lygodium_japonicum_C271252	AT2G26980.4	27.869	183	119	7	1515	979	100	273	2.54e-11	59.3
Lygodium_japonicum_C271252	AT5G35410.1	29.282	181	105	7	1515	997	87	252	3.25e-10	55.8
Lygodium_japonicum_C271282	AT1G13630.4	27.667	300	216	1	1527	631	224	523	2.68e-39	146
Lygodium_japonicum_C271282	AT1G13630.4	26.752	314	229	1	1563	625	317	630	8.71e-38	142
Lygodium_japonicum_C271282	AT1G13630.4	27.778	324	217	4	1551	625	356	677	2.45e-36	137
Lygodium_japonicum_C271282	AT1G13630.4	26.117	291	214	1	1503	634	267	557	3.12e-35	134
Lygodium_japonicum_C271282	AT1G13630.4	23.932	351	249	2	1545	529	464	808	7.79e-33	127
Lygodium_japonicum_C271282	AT1G13630.4	24.415	299	203	2	1545	649	534	809	5.47e-30	118
Lygodium_japonicum_C271282	AT1G13630.4	22.936	218	163	1	1185	532	233	445	1.57e-18	82.8
Lygodium_japonicum_C271282	AT1G13630.4	22.047	127	99	0	1563	1183	680	806	5.45e-08	49.3
Lygodium_japonicum_C271282	AT3G61360.1	21.635	208	160	2	1278	661	179	385	2.43e-17	78.6
Lygodium_japonicum_C271282	AT3G61360.1	24.424	217	155	3	1179	535	140	349	4.14e-17	77.8
Lygodium_japonicum_C271282	AT3G61360.1	25.000	220	163	1	1533	880	233	452	1.88e-16	75.9
Lygodium_japonicum_C271282	AT4G21880.1	22.222	225	171	2	1560	886	407	627	4.34e-15	72.0
Lygodium_japonicum_C271282	AT4G21880.1	21.714	175	130	2	1113	601	380	551	3.11e-09	53.1
Lygodium_japonicum_C271282	AT4G21880.1	20.362	221	162	4	1320	679	413	626	6.31e-09	52.4
Lygodium_japonicum_C271282	AT4G21880.1	18.072	332	231	6	1563	682	476	804	1.42e-08	51.2
Lygodium_japonicum_C271282	AT4G04790.1	23.019	265	170	7	1293	535	371	613	3.51e-12	62.8
Lygodium_japonicum_C271282	AT4G04790.1	19.697	264	196	4	1560	787	387	640	1.52e-10	57.4
Lygodium_japonicum_C271282	AT4G04790.1	17.417	333	232	6	1563	682	456	784	1.84e-08	50.8
Lygodium_japonicum_C271428	AT1G26160.1	73.034	178	48	0	1093	560	76	253	4.95e-97	289
Lygodium_japonicum_C271428	AT2G23820.2	67.614	176	57	0	1093	566	80	255	1.24e-86	262
Lygodium_japonicum_C271460	AT1G13630.4	23.913	368	244	10	1505	489	404	764	1.46e-17	79.7
Lygodium_japonicum_C271460	AT1G13630.4	20.678	295	199	3	1490	618	338	601	5.04e-17	78.2
Lygodium_japonicum_C271460	AT1G13630.4	22.616	367	264	10	1418	363	256	617	1.41e-16	76.6
Lygodium_japonicum_C271460	AT1G13630.4	22.176	239	164	5	1553	903	557	795	6.01e-07	45.8
Lygodium_japonicum_C271460	AT4G21880.1	27.632	152	100	3	1532	1098	479	627	9.46e-09	51.6
Lygodium_japonicum_C271460	AT4G21880.1	22.481	129	94	3	872	492	501	625	4.12e-08	49.7
Lygodium_japonicum_C271460	AT4G21880.1	24.113	141	99	4	1178	771	500	637	9.83e-06	42.0
Lygodium_japonicum_C271460	AT4G04790.1	20.362	221	160	6	1127	492	392	605	3.99e-08	49.7
Lygodium_japonicum_C271460	AT3G61360.1	19.679	249	175	6	1187	489	175	414	2.79e-06	43.5
Lygodium_japonicum_C271464	AT1G13630.4	21.839	174	131	2	1562	1053	427	599	3.64e-08	49.7
Lygodium_japonicum_C271464	AT1G13630.4	20.812	197	150	2	1559	984	322	517	6.95e-07	45.8
Lygodium_japonicum_C271464	AT4G21880.1	25.000	144	98	4	1562	1152	515	655	1.14e-07	48.1
Lygodium_japonicum_C271464	AT3G61360.1	19.205	302	191	8	1562	807	120	418	1.97e-06	43.9
Lygodium_japonicum_C271478	AT1G69010.1	39.655	58	34	1	332	502	50	107	6.25e-07	45.1
Lygodium_japonicum_C271478	AT5G08130.8	42.857	49	27	1	332	475	285	333	7.78e-06	42.0
Lygodium_japonicum_C271486	AT2G26980.4	33.790	219	129	7	896	267	17	228	2.03e-16	75.5
Lygodium_japonicum_C271486	AT1G01140.3	33.649	211	116	8	881	288	17	216	2.14e-16	75.5
Lygodium_japonicum_C271486	AT5G35410.1	31.624	234	141	11	884	213	8	232	1.32e-13	66.6
Lygodium_japonicum_C271486	AT4G24400.1	32.273	220	125	8	896	273	2	209	1.87e-13	66.2
Lygodium_japonicum_C271486	AT5G21326.1	32.870	216	121	8	896	288	6	210	2.17e-13	65.9
Lygodium_japonicum_C271486	AT1G30270.1	31.884	207	125	7	881	288	29	228	6.11e-13	64.7
Lygodium_japonicum_C271550	AT1G01140.3	29.119	261	159	12	1394	660	18	268	1.39e-16	75.9
Lygodium_japonicum_C271550	AT1G30270.1	27.559	254	158	11	1373	660	37	280	1.72e-16	75.9
Lygodium_japonicum_C271550	AT5G35410.1	26.939	245	157	11	1373	678	17	252	2.05e-16	75.5
Lygodium_japonicum_C271550	AT4G24400.1	26.190	252	166	9	1373	654	15	258	4.98e-16	74.3
Lygodium_japonicum_C271550	AT2G26980.4	27.053	207	132	7	1373	780	30	226	2.25e-13	65.9
Lygodium_japonicum_C271550	AT5G21326.1	27.434	226	142	9	1373	732	19	234	3.25e-11	58.9
Lygodium_japonicum_C271606	AT1G13630.4	21.012	257	183	7	39	782	319	564	2.93e-09	53.5
Lygodium_japonicum_C271606	AT1G13630.4	21.639	305	186	10	54	824	465	764	3.85e-06	43.1
Lygodium_japonicum_C271688	AT2G43770.1	23.790	248	164	10	61	798	28	252	2.55e-08	49.7
Lygodium_japonicum_C271800	AT1G56080.1	46.571	350	139	7	22	1068	5	307	6.82e-84	257
Lygodium_japonicum_C271800	AT1G16520.1	48.711	349	145	6	34	1077	9	324	2.50e-81	251
Lygodium_japonicum_C271800	AT4G15545.1	42.936	361	148	6	28	1074	21	335	2.01e-66	213
Lygodium_japonicum_C271806	AT1G52260.1	28.111	217	150	4	1	639	81	295	1.83e-16	75.9
Lygodium_japonicum_C271806	AT3G16110.1	32.673	101	68	0	1	303	79	179	4.40e-14	68.6
Lygodium_japonicum_C271922	AT5G35410.1	26.471	204	141	4	1255	653	13	210	1.74e-20	88.2
Lygodium_japonicum_C271922	AT4G24400.1	24.710	259	174	8	1255	503	11	256	4.12e-20	87.0
Lygodium_japonicum_C271922	AT1G01140.3	26.190	210	138	6	1255	650	21	221	7.14e-18	80.1
Lygodium_japonicum_C271922	AT2G26980.4	25.714	210	139	6	1255	650	26	226	3.06e-17	78.2
Lygodium_japonicum_C271922	AT1G30270.1	22.297	296	195	10	1255	443	33	318	3.29e-17	78.2
Lygodium_japonicum_C271922	AT5G21326.1	24.286	210	142	6	1255	650	15	215	1.21e-14	69.7
Lygodium_japonicum_C271968	AT1G13630.4	25.321	312	229	3	1611	688	285	596	9.54e-24	99.4
Lygodium_japonicum_C271968	AT1G13630.4	24.839	310	196	5	1572	652	263	538	2.11e-21	92.0
Lygodium_japonicum_C271968	AT1G13630.4	19.231	338	258	5	1611	643	426	763	3.10e-17	79.0
Lygodium_japonicum_C271968	AT1G13630.4	21.222	311	218	9	1506	610	187	482	1.62e-10	57.4
Lygodium_japonicum_C271968	AT3G61360.1	26.667	120	87	1	1041	685	243	362	2.76e-08	50.1
Lygodium_japonicum_C272008	AT1G13630.4	24.260	338	228	9	33	971	431	765	2.01e-18	82.8
Lygodium_japonicum_C272008	AT1G13630.4	20.909	220	167	2	231	869	217	436	1.32e-06	44.7
Lygodium_japonicum_C272008	AT1G13630.4	17.586	290	218	5	3	812	526	814	3.98e-06	43.1
Lygodium_japonicum_C272008	AT3G61360.1	21.654	254	184	6	39	761	162	413	5.85e-11	58.5
Lygodium_japonicum_C272008	AT4G21880.1	23.846	130	93	2	282	662	501	627	2.38e-10	57.0
Lygodium_japonicum_C272030	AT4G22140.1	73.171	205	53	1	1385	771	4	206	5.24e-109	319
Lygodium_japonicum_C272030	AT4G39100.1	65.957	188	63	1	1370	810	1	188	3.98e-92	276
Lygodium_japonicum_C272030	AT4G04260.2	67.045	176	56	2	1298	771	8	181	5.66e-78	238
Lygodium_japonicum_C272064	AT1G03060.1	27.225	191	116	6	186	752	3292	3461	9.70e-11	58.5
Lygodium_japonicum_C272064	AT4G02660.2	25.137	183	112	5	186	725	3285	3445	1.27e-07	48.5
Lygodium_japonicum_C272064	AT3G49180.1	22.749	211	136	6	255	860	107	299	2.45e-06	43.5
Lygodium_japonicum_C272082	AT1G13630.4	20.213	376	282	8	19	1101	237	609	2.87e-13	66.2
Lygodium_japonicum_C272082	AT1G13630.4	19.595	296	217	5	7	834	514	808	3.56e-11	59.7
Lygodium_japonicum_C272082	AT1G13630.4	17.490	263	197	4	22	750	484	746	4.53e-07	46.2
Lygodium_japonicum_C272082	AT4G21880.1	24.000	175	127	3	16	531	500	671	7.20e-11	58.5
Lygodium_japonicum_C272082	AT4G21880.1	22.984	248	176	7	67	777	412	655	4.59e-10	55.8
Lygodium_japonicum_C272082	AT4G04790.1	21.771	271	188	8	16	780	480	742	2.35e-08	50.4
Lygodium_japonicum_C272106	AT1G13630.4	21.166	326	218	5	1601	648	338	632	1.25e-17	80.1
Lygodium_japonicum_C272106	AT1G13630.4	21.377	276	197	4	1619	852	403	678	1.65e-13	67.0
Lygodium_japonicum_C272106	AT1G13630.4	22.709	251	175	5	1319	606	226	470	4.66e-12	62.4
Lygodium_japonicum_C272106	AT1G13630.4	22.028	286	195	9	1601	816	514	795	1.82e-11	60.5
Lygodium_japonicum_C272106	AT1G13630.4	20.958	334	238	7	1613	681	477	807	1.73e-09	54.3
Lygodium_japonicum_C272106	AT4G21880.1	21.654	254	184	6	1334	606	375	624	5.39e-08	49.3
Lygodium_japonicum_C272106	AT4G21880.1	24.088	137	96	3	1610	1209	496	627	2.55e-06	43.9
Lygodium_japonicum_C272106	AT4G04790.1	22.886	201	110	6	1586	1014	403	568	7.61e-08	48.9
Lygodium_japonicum_C272106	AT4G04790.1	27.143	140	88	4	1610	1209	476	607	2.13e-07	47.4
Lygodium_japonicum_C272106	AT3G61360.1	23.153	203	140	5	1607	1032	207	404	7.93e-08	48.5
Lygodium_japonicum_C272106	AT3G61360.1	23.045	243	161	10	1376	699	180	413	4.54e-07	46.2
Lygodium_japonicum_C272174	AT1G58250.2	45.729	398	169	11	2	1192	2262	2613	1.63e-79	266
Lygodium_japonicum_C272174	AT5G49680.2	40.098	409	162	12	2	1219	2221	2549	8.19e-73	247
Lygodium_japonicum_C272218	AT1G30270.1	28.516	256	170	8	170	916	33	282	4.72e-25	102
Lygodium_japonicum_C272218	AT4G24400.1	30.435	207	133	6	170	772	11	212	3.64e-24	99.4
Lygodium_japonicum_C272218	AT1G01140.3	28.571	252	167	8	182	916	25	270	4.58e-24	99.0
Lygodium_japonicum_C272218	AT5G35410.1	28.839	267	160	10	182	919	17	274	6.84e-24	98.6
Lygodium_japonicum_C272218	AT2G26980.4	26.984	252	171	8	182	916	30	275	7.94e-22	92.0
Lygodium_japonicum_C272218	AT5G21326.1	29.060	234	155	7	227	913	36	263	8.39e-22	92.0
Lygodium_japonicum_C272230	AT3G49180.1	29.545	88	54	1	834	595	81	168	3.68e-07	46.2
Lygodium_japonicum_C272230	AT2G43770.1	35.088	57	37	0	810	640	283	339	7.10e-06	42.0
Lygodium_japonicum_C272238	AT4G24400.1	30.216	139	65	6	1359	946	97	204	2.06e-09	53.5
Lygodium_japonicum_C272238	AT2G26980.4	33.846	130	56	6	1332	946	121	221	1.27e-08	50.8
Lygodium_japonicum_C272238	AT1G01140.3	28.030	132	61	5	1332	946	116	216	3.68e-08	49.7
Lygodium_japonicum_C272238	AT5G21326.1	27.273	132	62	5	1332	946	110	210	5.48e-08	48.9
Lygodium_japonicum_C272238	AT1G30270.1	27.692	130	64	5	1332	946	128	228	5.67e-08	48.9
Lygodium_japonicum_C272238	AT5G35410.1	29.231	130	60	5	1332	946	108	206	2.46e-07	47.0
Lygodium_japonicum_C272274	AT1G13630.4	21.500	200	152	2	5	592	416	614	2.76e-09	53.5
Lygodium_japonicum_C272274	AT4G21880.1	21.078	204	147	4	44	625	412	611	5.43e-07	46.2
Lygodium_japonicum_C272290	AT4G21880.1	27.273	132	90	3	1635	1246	501	628	3.27e-08	50.1
Lygodium_japonicum_C272290	AT4G04790.1	27.273	121	79	4	1635	1288	481	597	2.24e-06	44.3
Lygodium_japonicum_C272296	AT5G07710.1	25.150	167	118	4	957	1445	303	466	8.14e-11	58.2
Lygodium_japonicum_C272296	AT5G07710.1	67.647	34	11	0	3	104	153	186	1.40e-08	50.8
Lygodium_japonicum_C272296	AT1G74390.1	59.459	37	15	0	3	113	158	194	2.33e-08	50.1
Lygodium_japonicum_C272296	AT1G74390.1	21.818	165	121	4	966	1445	341	502	8.98e-07	45.1
Lygodium_japonicum_C272296	AT5G61390.1	64.706	34	12	0	3	104	161	194	3.04e-08	49.7
Lygodium_japonicum_C272294	AT1G11980.1	35.135	74	45	1	121	342	1	71	2.57e-10	51.2
Lygodium_japonicum_C272294	AT2G35635.1	36.111	72	43	1	127	342	79	147	1.22e-09	51.2
Lygodium_japonicum_C272294	AT2G35635.1	36.486	74	44	1	121	342	1	71	1.12e-08	48.5
Lygodium_japonicum_C272294	AT1G31340.1	36.111	72	43	1	127	342	79	147	1.73e-09	50.8
Lygodium_japonicum_C272294	AT1G31340.1	36.486	74	44	1	121	342	1	71	1.11e-08	48.5
Lygodium_japonicum_C272388	AT4G21880.1	27.885	104	67	3	1503	1198	496	593	1.20e-09	54.7
Lygodium_japonicum_C272388	AT4G04790.1	27.103	107	70	3	1506	1186	475	573	3.79e-08	49.7
Lygodium_japonicum_C272434	AT1G30270.1	27.941	204	138	7	1300	698	37	234	6.68e-16	73.9
Lygodium_japonicum_C272434	AT5G35410.1	29.858	211	137	7	1321	698	10	212	2.55e-15	72.0
Lygodium_japonicum_C272434	AT2G26980.4	26.786	224	151	7	1342	686	16	231	1.71e-14	69.7
Lygodium_japonicum_C272434	AT1G01140.3	29.126	206	133	8	1300	698	25	222	1.42e-13	66.6
Lygodium_japonicum_C272434	AT5G21326.1	26.016	246	166	8	1321	614	12	251	9.31e-13	63.9
Lygodium_japonicum_C272434	AT4G24400.1	25.980	204	140	7	1300	698	15	210	9.82e-12	60.8
Lygodium_japonicum_C272480	AT1G30270.1	31.841	201	119	8	459	1034	35	226	8.35e-15	70.5
Lygodium_japonicum_C272480	AT4G24400.1	30.435	207	130	7	432	1034	4	202	9.22e-15	70.5
Lygodium_japonicum_C272480	AT2G26980.4	32.558	215	125	9	420	1034	15	219	3.51e-14	68.6
Lygodium_japonicum_C272480	AT5G35410.1	30.144	209	131	8	417	1025	2	201	9.80e-14	67.0
Lygodium_japonicum_C272480	AT5G21326.1	31.925	213	127	7	423	1034	5	208	3.54e-13	65.5
Lygodium_japonicum_C272480	AT1G01140.3	31.841	201	119	7	459	1034	23	214	1.55e-11	60.1
Lygodium_japonicum_C272540	AT5G20520.1	25.000	176	109	4	249	713	82	255	1.90e-10	56.2
Lygodium_japonicum_C272562	AT1G13630.4	23.014	491	317	13	97	1482	319	777	9.21e-22	93.2
Lygodium_japonicum_C272562	AT1G13630.4	20.681	382	270	7	1	1056	428	806	9.58e-12	61.6
Lygodium_japonicum_C272562	AT1G13630.4	20.475	337	196	12	463	1458	172	441	3.54e-08	50.1
Lygodium_japonicum_C272562	AT4G04790.1	18.750	288	212	5	547	1362	335	616	1.86e-09	53.9
Lygodium_japonicum_C272562	AT3G61360.1	21.875	256	156	8	214	945	195	418	7.57e-09	52.0
Lygodium_japonicum_C272562	AT3G61360.1	19.355	217	168	3	604	1233	193	409	6.78e-07	45.4
Lygodium_japonicum_C272562	AT4G21880.1	29.565	115	73	3	4	336	517	627	1.54e-07	47.8
Lygodium_japonicum_C272568	AT1G13630.4	21.959	296	201	8	1595	786	474	765	3.58e-09	53.1
Lygodium_japonicum_C272568	AT1G13630.4	21.818	220	163	4	1502	867	403	621	1.43e-08	51.2
Lygodium_japonicum_C272568	AT1G13630.4	19.643	224	160	4	1556	945	591	814	8.61e-07	45.4
Lygodium_japonicum_C272568	AT4G04790.1	22.601	323	191	12	1556	645	340	622	1.91e-07	47.8
Lygodium_japonicum_C272568	AT3G61360.1	20.000	225	169	6	1562	918	180	403	2.56e-07	47.0
Lygodium_japonicum_C272572	AT5G35410.1	28.571	210	135	7	687	1295	59	260	5.86e-16	73.9
Lygodium_japonicum_C272572	AT2G26980.4	29.070	258	138	9	543	1256	30	262	1.96e-14	69.3
Lygodium_japonicum_C272572	AT5G21326.1	28.682	258	139	9	543	1256	19	251	3.62e-14	68.6
Lygodium_japonicum_C272572	AT1G01140.3	25.000	332	169	11	507	1349	13	315	7.10e-14	67.8
Lygodium_japonicum_C272572	AT4G24400.1	27.143	210	138	7	687	1295	57	258	8.92e-14	67.4
Lygodium_japonicum_C272572	AT1G30270.1	27.419	186	109	5	630	1151	57	228	1.80e-11	60.1
Lygodium_japonicum_C272666	AT2G43770.1	24.468	188	101	6	651	121	95	252	5.52e-06	42.4
Lygodium_japonicum_C272708	AT1G13630.4	21.922	333	215	4	132	998	268	599	1.37e-16	77.0
Lygodium_japonicum_C272708	AT1G13630.4	21.958	378	244	7	405	1397	293	666	1.37e-13	67.4
Lygodium_japonicum_C272708	AT1G13630.4	20.064	314	222	8	96	959	498	808	5.09e-10	55.8
Lygodium_japonicum_C272708	AT1G13630.4	23.000	100	76	1	714	1013	225	323	9.77e-06	42.0
Lygodium_japonicum_C272708	AT3G61360.1	29.282	181	111	8	63	566	181	357	5.78e-13	65.1
Lygodium_japonicum_C272708	AT3G61360.1	21.845	206	149	4	321	905	202	406	6.89e-07	45.4
Lygodium_japonicum_C272708	AT4G21880.1	22.963	135	98	2	432	827	496	627	8.36e-10	55.1
Lygodium_japonicum_C272708	AT4G21880.1	22.222	162	114	4	63	524	470	627	5.11e-06	43.1
Lygodium_japonicum_C272708	AT4G04790.1	20.132	303	217	8	363	1220	340	634	1.21e-09	54.7
Lygodium_japonicum_C272748	AT2G03780.1	58.515	229	95	0	129	815	39	267	8.96e-96	288
Lygodium_japonicum_C272794	AT1G13630.4	26.562	256	149	5	1669	1016	330	584	4.09e-21	91.3
Lygodium_japonicum_C272794	AT1G13630.4	25.962	208	151	2	1648	1034	267	474	1.46e-20	89.7
Lygodium_japonicum_C272794	AT1G13630.4	25.238	210	143	2	1678	1091	503	712	9.36e-19	84.0
Lygodium_japonicum_C272794	AT1G13630.4	26.214	206	138	4	1669	1094	611	816	1.06e-13	67.8
Lygodium_japonicum_C272794	AT1G13630.4	22.172	221	132	4	1591	1040	220	437	3.15e-10	56.6
Lygodium_japonicum_C272794	AT1G13630.4	24.000	150	107	3	1444	995	168	310	1.79e-06	44.7
Lygodium_japonicum_C272794	AT3G61360.1	28.814	177	121	4	1531	1007	179	352	5.87e-16	74.3
Lygodium_japonicum_C272794	AT3G61360.1	26.203	187	137	1	1633	1076	179	365	1.23e-15	73.2
Lygodium_japonicum_C272794	AT3G61360.1	29.412	136	83	2	1669	1283	236	365	2.32e-14	69.3
Lygodium_japonicum_C272794	AT3G61360.1	25.503	149	108	2	1678	1241	303	451	3.47e-06	43.5
Lygodium_japonicum_C272794	AT4G04790.1	25.000	228	142	8	1678	1040	393	606	2.27e-13	66.6
Lygodium_japonicum_C272794	AT4G21880.1	24.312	218	146	8	1666	1040	350	557	2.31e-08	50.4
Lygodium_japonicum_C272850	AT3G61150.1	40.426	94	47	3	1030	755	109	195	8.22e-11	58.5
Lygodium_japonicum_C272850	AT4G00730.1	37.895	95	50	3	1033	755	132	219	4.81e-09	52.8
Lygodium_japonicum_C272894	AT1G13630.4	27.381	168	103	5	1443	979	308	469	1.87e-08	50.8
Lygodium_japonicum_C272894	AT4G04790.1	29.412	85	56	2	1344	1090	484	564	7.18e-06	42.4
Lygodium_japonicum_C272898	AT1G13630.4	25.513	341	219	7	50	985	340	674	4.40e-21	91.3
Lygodium_japonicum_C272898	AT1G13630.4	22.164	379	247	8	20	1015	225	602	4.50e-19	84.7
Lygodium_japonicum_C272898	AT1G13630.4	23.922	255	179	5	311	1051	220	467	7.98e-11	58.5
Lygodium_japonicum_C272898	AT4G21880.1	25.694	144	99	4	44	460	497	637	2.88e-09	53.5
Lygodium_japonicum_C272898	AT4G04790.1	21.459	233	167	5	275	937	340	568	1.87e-07	47.8
Lygodium_japonicum_C272898	AT4G04790.1	24.060	133	93	3	44	430	477	605	2.89e-06	43.9
Lygodium_japonicum_C272898	AT3G61360.1	23.611	216	149	8	404	1021	197	406	4.26e-07	46.2
Lygodium_japonicum_C272992	AT5G02810.1	68.627	51	16	0	713	865	668	718	2.20e-17	79.3
Lygodium_japonicum_C272992	AT5G60100.2	77.273	44	10	0	713	844	468	511	6.80e-17	77.4
Lygodium_japonicum_C273066	AT1G69010.1	36.364	66	40	2	733	539	52	116	4.15e-06	42.7
Lygodium_japonicum_C273116	AT5G44190.1	38.261	115	65	1	317	661	146	254	1.60e-18	81.6
Lygodium_japonicum_C273116	AT2G20570.2	59.649	57	23	0	326	496	171	227	3.59e-17	77.8
Lygodium_japonicum_C273266	AT4G21880.1	21.256	207	158	3	79	696	365	567	4.02e-09	53.1
Lygodium_japonicum_C273266	AT1G13630.4	22.404	183	141	1	130	678	470	651	5.64e-09	52.8
Lygodium_japonicum_C273266	AT1G13630.4	23.810	189	138	5	130	687	329	514	9.35e-06	42.4
Lygodium_japonicum_C273266	AT4G04790.1	21.000	200	153	3	79	675	345	540	2.04e-08	50.8
Lygodium_japonicum_C273328	AT1G05160.1	22.944	231	168	4	996	319	246	471	7.35e-07	45.4
Lygodium_japonicum_C273328	AT2G32440.1	26.087	115	79	3	696	352	349	457	5.86e-06	42.7
Lygodium_japonicum_C273332	AT5G20520.1	25.097	259	151	9	1591	938	47	303	2.64e-12	62.0
Lygodium_japonicum_C273368	AT1G30270.1	30.275	218	135	7	1288	650	37	242	5.51e-17	77.8
Lygodium_japonicum_C273368	AT1G01140.3	29.384	211	125	7	1288	689	25	222	6.36e-15	70.9
Lygodium_japonicum_C273368	AT5G35410.1	30.876	217	127	10	1288	659	17	217	1.22e-14	70.1
Lygodium_japonicum_C273368	AT2G26980.4	27.459	244	155	10	1357	650	6	235	1.68e-14	69.7
Lygodium_japonicum_C273368	AT5G21326.1	29.779	272	157	11	1288	497	19	264	3.70e-14	68.6
Lygodium_japonicum_C273368	AT4G24400.1	27.053	207	133	8	1288	689	15	210	9.76e-11	57.8
Lygodium_japonicum_C273376	AT3G42050.1	64.588	449	151	1	52	1398	1	441	0.0	607
Lygodium_japonicum_C273392	AT5G64940.1	26.861	309	185	10	1473	583	178	457	3.81e-21	91.7
Lygodium_japonicum_C273418	AT5G35410.1	28.293	205	136	7	488	1093	17	213	6.40e-14	67.8
Lygodium_japonicum_C273418	AT1G30270.1	26.214	206	141	7	488	1093	37	235	9.71e-14	67.4
Lygodium_japonicum_C273418	AT2G26980.4	27.317	205	140	6	488	1093	30	228	1.07e-13	67.0
Lygodium_japonicum_C273418	AT1G01140.3	26.977	215	140	9	467	1090	18	222	6.24e-13	64.7
Lygodium_japonicum_C273418	AT4G24400.1	26.415	212	129	8	488	1090	15	210	4.28e-12	62.0
Lygodium_japonicum_C273418	AT5G21326.1	25.893	224	119	8	488	1093	19	217	4.47e-10	55.8
Lygodium_japonicum_C273434	AT5G67385.1	42.553	282	146	5	1616	777	194	461	1.03e-64	217
Lygodium_japonicum_C273434	AT3G49970.1	32.603	365	177	7	1595	525	149	452	3.94e-50	175
Lygodium_japonicum_C273458	AT1G01140.3	65.538	325	107	2	2	961	120	444	6.46e-158	454
Lygodium_japonicum_C273458	AT1G30270.1	66.462	325	100	5	2	955	132	454	2.14e-156	451
Lygodium_japonicum_C273458	AT5G21326.1	64.263	319	112	2	2	955	114	431	1.85e-154	444
Lygodium_japonicum_C273458	AT2G26980.4	60.883	317	122	2	2	949	125	440	2.56e-146	424
Lygodium_japonicum_C273458	AT5G35410.1	52.454	326	146	6	2	961	112	434	1.11e-116	348
Lygodium_japonicum_C273458	AT4G24400.1	53.560	323	139	6	2	952	110	427	9.86e-115	343
Lygodium_japonicum_C273546	AT3G61150.1	29.231	130	68	3	1021	704	107	236	9.31e-08	48.5
Lygodium_japonicum_C273546	AT4G00730.1	32.292	96	56	2	1021	740	132	220	4.50e-07	46.6
Lygodium_japonicum_C273616	AT1G13630.4	27.134	328	221	8	1645	707	295	619	1.51e-23	99.4
Lygodium_japonicum_C273616	AT1G13630.4	21.779	326	224	10	1591	686	495	813	4.17e-11	59.7
Lygodium_japonicum_C273616	AT1G13630.4	18.933	375	262	12	1747	728	363	730	2.84e-10	57.0
Lygodium_japonicum_C273616	AT3G61360.1	17.978	178	139	2	1606	1094	180	357	4.57e-06	43.1
Lygodium_japonicum_C273636	AT1G13630.4	21.212	396	243	7	9	1007	357	746	1.99e-14	70.1
Lygodium_japonicum_C273636	AT1G13630.4	20.775	284	200	8	12	797	534	814	9.62e-10	55.1
Lygodium_japonicum_C273636	AT3G61360.1	26.374	182	119	8	177	689	180	357	3.24e-09	53.1
Lygodium_japonicum_C273642	AT5G65930.3	39.548	177	103	3	1751	1221	1043	1215	4.54e-27	110
Lygodium_japonicum_C273650	AT2G34630.2	60.452	354	137	1	102	1154	69	422	1.34e-137	401
Lygodium_japonicum_C273668	AT2G43770.1	29.565	115	77	2	892	548	15	125	7.14e-08	48.5
Lygodium_japonicum_C273670	AT5G44190.1	68.333	60	19	0	201	380	146	205	2.11e-21	90.5
Lygodium_japonicum_C273670	AT2G20570.2	52.381	84	37	2	210	452	171	254	2.15e-18	81.6
Lygodium_japonicum_C273684	AT5G02810.1	86.047	43	6	0	1008	1136	669	711	3.05e-18	82.4
Lygodium_japonicum_C273684	AT5G60100.2	81.395	43	8	0	1008	1136	469	511	1.11e-16	77.0
Lygodium_japonicum_C273688	AT3G10113.1	38.095	63	37	2	664	852	68	128	3.02e-08	49.7
Lygodium_japonicum_C273688	AT1G18330.2	38.095	63	37	2	664	852	79	139	4.31e-08	49.3
Lygodium_japonicum_C273688	AT5G37260.1	42.857	49	26	2	661	807	38	84	3.89e-07	45.8
Lygodium_japonicum_C273688	AT5G17300.1	43.750	48	25	2	664	807	58	103	4.06e-07	46.2
Lygodium_japonicum_C273718	AT1G30270.1	28.019	207	133	7	1286	684	37	233	7.11e-16	74.3
Lygodium_japonicum_C273718	AT5G35410.1	32.515	163	99	7	1169	690	55	209	6.25e-15	70.9
Lygodium_japonicum_C273718	AT4G24400.1	31.138	167	100	6	1169	684	53	209	2.22e-13	66.2
Lygodium_japonicum_C273718	AT2G26980.4	28.986	207	131	7	1286	684	30	226	2.32e-12	63.2
Lygodium_japonicum_C273718	AT5G21326.1	29.808	208	128	9	1286	684	19	215	2.15e-11	59.7
Lygodium_japonicum_C273718	AT1G01140.3	25.926	162	109	4	1157	684	67	221	3.46e-11	59.3
Lygodium_japonicum_C273700	AT2G34630.2	39.228	311	173	4	310	1197	88	397	4.71e-66	216
Lygodium_japonicum_C273722	AT5G02810.1	39.286	56	33	1	493	326	660	714	3.04e-07	47.0
Lygodium_japonicum_C273722	AT5G60100.2	31.356	118	70	2	691	338	404	510	9.83e-07	45.1
Lygodium_japonicum_C273724	AT5G67385.1	47.202	411	188	7	72	1274	191	582	6.94e-118	357
Lygodium_japonicum_C273724	AT3G49970.1	42.025	395	181	12	99	1274	148	497	2.17e-87	275
Lygodium_japonicum_C273732	AT1G05160.1	26.347	167	104	4	984	1433	280	444	1.19e-08	51.2
Lygodium_japonicum_C273732	AT2G32440.1	27.711	166	101	5	984	1433	279	441	2.37e-08	50.4
Lygodium_japonicum_C273770	AT1G52260.1	31.532	111	73	2	1475	1146	79	187	9.27e-13	64.3
Lygodium_japonicum_C273770	AT1G52260.1	27.642	123	86	2	1163	798	64	184	8.46e-12	61.6
Lygodium_japonicum_C273770	AT1G52260.1	26.772	127	78	4	1136	786	414	535	2.24e-10	57.0
Lygodium_japonicum_C273770	AT1G52260.1	28.440	109	71	4	1475	1161	419	524	8.43e-08	48.5
Lygodium_japonicum_C273770	AT3G16110.1	31.481	108	71	2	1475	1155	77	182	1.60e-12	63.5
Lygodium_japonicum_C273770	AT3G16110.1	33.333	93	56	2	1136	858	413	499	7.01e-12	61.6
Lygodium_japonicum_C273770	AT3G16110.1	28.283	99	68	2	1085	792	88	184	4.46e-10	55.8
Lygodium_japonicum_C273770	AT3G16110.1	30.275	109	68	4	1475	1161	418	522	2.75e-09	53.5
Lygodium_japonicum_C273880	AT4G24400.1	28.141	199	118	3	1369	773	6	179	1.38e-15	73.2
Lygodium_japonicum_C273880	AT4G24400.1	31.000	100	62	4	628	332	169	262	3.51e-07	46.6
Lygodium_japonicum_C273880	AT1G30270.1	28.571	203	118	4	1360	758	31	208	1.04e-14	70.5
Lygodium_japonicum_C273880	AT1G30270.1	30.693	101	63	4	628	329	193	287	2.14e-08	50.4
Lygodium_japonicum_C273880	AT5G35410.1	27.136	199	120	4	1369	773	8	181	9.63e-14	67.4
Lygodium_japonicum_C273880	AT5G35410.1	32.759	116	70	5	628	284	171	279	2.27e-08	50.4
Lygodium_japonicum_C273880	AT5G21326.1	27.619	210	111	6	1360	758	13	190	1.34e-13	67.0
Lygodium_japonicum_C273880	AT5G21326.1	34.483	87	52	4	628	374	175	258	6.13e-07	45.8
Lygodium_japonicum_C273880	AT1G01140.3	26.244	221	135	4	1420	758	4	196	1.63e-12	63.5
Lygodium_japonicum_C273880	AT1G01140.3	33.721	86	54	3	628	374	181	264	4.76e-07	46.2
Lygodium_japonicum_C273880	AT2G26980.4	27.941	204	118	6	1360	758	24	201	3.32e-12	62.4
Lygodium_japonicum_C273880	AT2G26980.4	34.884	86	53	3	628	374	186	269	2.75e-07	47.0
Lygodium_japonicum_C273932	AT5G16930.1	33.333	201	109	7	1272	691	359	541	1.13e-18	83.6
Lygodium_japonicum_C273932	AT2G18330.1	34.225	187	101	7	1260	712	353	521	2.94e-16	75.9
Lygodium_japonicum_C273932	AT3G03060.1	31.905	210	118	7	1290	682	341	532	4.49e-16	75.1
Lygodium_japonicum_C273932	AT4G36580.1	33.523	176	95	6	1227	712	361	518	5.15e-16	75.1
Lygodium_japonicum_C273994	AT4G22140.1	26.277	137	66	5	902	1306	30	133	7.19e-06	41.6
Lygodium_japonicum_C274070	AT4G28450.1	20.874	206	145	6	882	268	179	367	3.89e-07	46.6
Lygodium_japonicum_C274070	AT2G43770.1	26.064	188	116	6	942	388	95	262	4.59e-07	45.8
Lygodium_japonicum_C274076	AT2G43770.1	26.891	238	133	8	607	1302	46	248	4.80e-15	70.9
Lygodium_japonicum_C274076	AT2G43770.1	25.503	298	167	11	370	1236	66	317	8.27e-15	70.1
Lygodium_japonicum_C274076	AT4G28450.1	22.559	297	179	12	442	1305	62	316	2.24e-06	43.9
Lygodium_japonicum_C274078	AT5G35410.1	29.524	210	125	8	263	856	8	206	2.77e-14	68.9
Lygodium_japonicum_C274078	AT5G21326.1	29.048	210	128	8	263	856	10	210	9.85e-13	64.3
Lygodium_japonicum_C274078	AT4G24400.1	29.187	209	127	8	263	856	6	204	1.22e-12	63.9
Lygodium_japonicum_C274078	AT1G01140.3	27.014	211	131	8	263	856	16	216	2.43e-12	62.8
Lygodium_japonicum_C274078	AT1G30270.1	26.316	209	133	8	266	856	29	228	1.88e-11	60.1
Lygodium_japonicum_C274078	AT2G26980.4	28.481	158	96	5	410	856	72	221	3.22e-11	59.3
Lygodium_japonicum_C274114	AT4G24400.1	41.259	286	144	8	1583	756	2	273	7.24e-63	208
Lygodium_japonicum_C274114	AT1G30270.1	38.596	285	148	8	1565	747	30	299	1.75e-59	200
Lygodium_japonicum_C274114	AT1G01140.3	38.971	272	141	7	1562	780	19	276	4.17e-57	193
Lygodium_japonicum_C274114	AT2G26980.4	38.380	284	150	7	1565	747	23	292	1.29e-56	192
Lygodium_japonicum_C274114	AT5G21326.1	39.781	274	140	7	1565	777	12	271	6.62e-56	189
Lygodium_japonicum_C274114	AT5G35410.1	41.045	268	143	6	1565	777	10	267	1.49e-55	189
Lygodium_japonicum_C274122	AT5G44190.1	59.259	54	21	1	256	417	147	199	5.01e-15	70.9
Lygodium_japonicum_C274122	AT2G20570.2	55.769	52	22	1	262	417	171	221	5.04e-12	62.0
Lygodium_japonicum_C274138	AT4G24940.1	53.481	316	143	3	1745	801	4	316	1.41e-117	347
Lygodium_japonicum_C274138	AT5G50680.1	53.503	314	142	3	1739	801	6	316	3.26e-115	340
Lygodium_japonicum_C274138	AT5G50580.2	53.503	314	142	3	1739	801	6	316	3.26e-115	340
Lygodium_japonicum_C274160	AT2G37280.3	23.441	401	277	8	1794	637	1002	1387	4.69e-19	85.5
Lygodium_japonicum_C274160	AT4G15233.1	24.755	408	259	9	1794	643	952	1335	8.56e-19	84.7
Lygodium_japonicum_C274160	AT4G15233.1	19.869	458	322	11	1758	454	332	767	5.60e-10	56.2
Lygodium_japonicum_C274160	AT4G15236.1	24.155	414	254	11	1794	643	950	1333	2.07e-18	83.2
Lygodium_japonicum_C274160	AT4G15236.1	20.915	459	316	11	1758	454	330	765	1.10e-10	58.5
Lygodium_japonicum_C274160	AT3G53480.1	22.222	396	276	8	1794	655	1010	1389	1.31e-17	80.9
Lygodium_japonicum_C274160	AT4G15215.11	45.312	64	34	1	1794	1603	957	1019	2.47e-11	60.5
Lygodium_japonicum_C274160	AT4G15215.11	27.338	139	101	0	1059	643	1202	1340	7.61e-06	42.7
Lygodium_japonicum_C274160	AT4G15230.1	43.750	64	35	1	1794	1603	960	1022	4.53e-11	59.7
Lygodium_japonicum_C274166	AT4G24400.1	28.205	195	114	8	1518	967	31	210	5.18e-13	65.1
Lygodium_japonicum_C274166	AT5G21326.1	29.630	189	119	6	1518	970	35	215	1.28e-12	63.9
Lygodium_japonicum_C274166	AT5G35410.1	30.000	190	117	7	1518	967	33	212	1.53e-12	63.5
Lygodium_japonicum_C274166	AT1G30270.1	28.571	189	121	6	1518	970	53	233	2.12e-12	63.2
Lygodium_japonicum_C274166	AT2G26980.4	28.351	194	115	7	1518	970	46	226	3.08e-12	62.8
Lygodium_japonicum_C274166	AT1G01140.3	28.205	195	116	7	1518	967	41	222	4.86e-12	62.0
Lygodium_japonicum_C274170	AT1G13630.4	23.490	298	216	4	1656	778	259	549	3.23e-15	72.8
Lygodium_japonicum_C274170	AT1G13630.4	21.765	340	246	5	1653	685	330	666	9.03e-15	71.2
Lygodium_japonicum_C274170	AT1G13630.4	20.739	352	227	6	1689	778	424	771	1.18e-12	64.7
Lygodium_japonicum_C274170	AT1G13630.4	18.919	296	226	6	1590	718	215	501	1.44e-06	45.1
Lygodium_japonicum_C274170	AT1G13630.4	21.951	164	125	1	1653	1162	658	818	4.91e-06	43.1
Lygodium_japonicum_C274202	AT2G43770.1	30.208	96	67	0	1069	1356	30	125	2.13e-08	50.1
Lygodium_japonicum_C274202	AT2G43770.1	22.876	153	111	2	922	1359	150	302	3.94e-07	46.2
Lygodium_japonicum_C274230	AT2G43770.1	23.208	293	208	9	1678	833	57	343	1.62e-19	84.3
Lygodium_japonicum_C274282	AT5G56290.1	28.421	95	67	1	1193	909	606	699	1.63e-07	48.1
Lygodium_japonicum_C274378	AT2G43770.1	21.662	337	224	14	1369	380	35	338	4.41e-08	49.3
Lygodium_japonicum_C274372	AT4G00730.1	43.820	267	130	8	4	786	547	799	1.02e-46	170
Lygodium_japonicum_C274372	AT3G61150.1	42.969	256	120	7	58	783	560	803	4.47e-44	162
Lygodium_japonicum_C274386	AT1G05160.1	33.891	478	304	7	1729	326	15	490	2.67e-91	285
Lygodium_japonicum_C274386	AT2G32440.1	35.955	445	273	8	1639	332	44	485	1.42e-88	278
Lygodium_japonicum_C274398	AT2G43770.1	21.519	316	199	14	1815	895	62	337	2.58e-13	65.5
Lygodium_japonicum_C274432	AT4G24400.1	28.125	288	168	9	226	1071	8	262	1.58e-25	103
Lygodium_japonicum_C274432	AT1G30270.1	27.703	296	161	6	226	1071	30	286	4.43e-25	102
Lygodium_japonicum_C274432	AT5G35410.1	28.777	278	163	6	226	1047	10	256	7.14e-25	101
Lygodium_japonicum_C274432	AT1G01140.3	28.374	289	166	11	229	1071	19	274	3.55e-23	96.7
Lygodium_japonicum_C274432	AT2G26980.4	25.685	292	178	9	226	1080	23	282	3.60e-22	93.6
Lygodium_japonicum_C274432	AT5G21326.1	26.000	300	161	9	226	1071	12	268	1.74e-21	91.3
Lygodium_japonicum_C274456	AT4G36990.1	50.000	188	84	2	374	907	6	193	1.30e-53	179
Lygodium_japonicum_C274464	AT2G43770.1	30.070	143	96	4	8	427	66	207	4.74e-14	67.8
Lygodium_japonicum_C274464	AT2G43770.1	27.815	151	93	4	11	427	153	299	1.35e-12	63.2
Lygodium_japonicum_C274464	AT2G43770.1	22.581	124	91	3	68	427	44	166	4.84e-10	55.5
Lygodium_japonicum_C274464	AT2G43770.1	22.764	123	87	2	14	358	195	317	2.04e-07	47.0
Lygodium_japonicum_C274464	AT4G28450.1	28.750	80	56	1	74	310	59	138	7.54e-06	42.4
Lygodium_japonicum_C274444	AT3G66658.2	30.126	478	304	10	151	1527	62	528	4.34e-56	194
Lygodium_japonicum_C274482	AT2G26980.4	29.808	208	115	9	466	1041	45	237	1.78e-11	60.1
Lygodium_japonicum_C274482	AT5G35410.1	26.875	160	107	6	526	999	55	206	4.12e-09	52.8
Lygodium_japonicum_C274482	AT1G30270.1	25.773	194	125	7	463	1017	51	234	7.96e-09	52.0
Lygodium_japonicum_C274482	AT1G01140.3	26.203	187	117	8	469	999	41	216	6.28e-08	48.9
Lygodium_japonicum_C274482	AT4G24400.1	25.000	188	130	5	466	1017	30	210	1.80e-07	47.4
Lygodium_japonicum_C274482	AT5G21326.1	26.047	215	135	8	415	1017	12	216	9.11e-07	45.4
Lygodium_japonicum_C274490	AT5G06950.1	66.881	311	91	5	337	1239	22	330	2.06e-129	377
Lygodium_japonicum_C274490	AT3G12250.4	65.584	308	97	4	340	1239	49	355	9.33e-126	369
Lygodium_japonicum_C274490	AT5G06960.1	68.750	288	82	3	397	1239	44	330	2.59e-124	365
Lygodium_japonicum_C274490	AT1G68640.1	64.725	309	101	3	337	1239	144	452	6.94e-121	360
Lygodium_japonicum_C274542	AT2G36450.1	56.250	64	27	1	711	899	14	77	2.66e-12	60.1
Lygodium_japonicum_C274542	AT5G52020.1	62.069	58	21	1	711	884	64	120	1.76e-11	58.5
Lygodium_japonicum_C274542	AT1G12630.1	54.412	68	30	1	696	899	13	79	3.63e-11	57.0
Lygodium_japonicum_C274548	AT5G02810.1	49.057	53	22	1	1019	1162	666	718	1.31e-10	57.8
Lygodium_japonicum_C274548	AT5G60100.2	45.652	46	25	0	1025	1162	468	513	3.79e-08	49.7
Lygodium_japonicum_C274596	AT1G13630.4	24.064	374	268	5	1838	762	395	767	2.29e-27	111
Lygodium_japonicum_C274596	AT1G13630.4	22.423	388	257	6	1835	783	193	573	1.23e-23	99.8
Lygodium_japonicum_C274596	AT1G13630.4	24.528	159	120	0	1829	1353	656	814	1.89e-09	54.3
Lygodium_japonicum_C274596	AT3G61360.1	25.379	264	177	5	1787	1029	179	433	1.25e-17	79.7
Lygodium_japonicum_C274596	AT3G61360.1	26.667	195	141	2	1595	1014	173	366	1.55e-15	73.2
Lygodium_japonicum_C274596	AT3G61360.1	26.872	227	153	6	1382	732	134	357	1.27e-12	63.9
Lygodium_japonicum_C274596	AT3G61360.1	24.123	228	167	4	1838	1170	231	457	1.37e-11	60.8
Lygodium_japonicum_C274596	AT4G21880.1	24.476	286	174	8	1592	741	391	636	9.42e-12	61.6
Lygodium_japonicum_C274596	AT4G21880.1	22.143	140	109	0	1787	1368	396	535	8.10e-09	52.4
Lygodium_japonicum_C274596	AT4G21880.1	22.596	208	153	5	1835	1212	450	649	9.99e-06	42.4
Lygodium_japonicum_C274596	AT4G04790.1	20.800	250	189	6	1487	747	371	614	1.82e-08	51.2
Lygodium_japonicum_C274596	AT4G04790.1	21.429	182	139	3	1814	1269	437	614	4.72e-06	43.1
Lygodium_japonicum_C274596	AT4G04790.1	19.033	331	229	7	1787	798	376	668	8.16e-06	42.4
Lygodium_japonicum_C274600	AT1G71080.1	48.925	186	78	5	1833	1279	3	172	2.37e-46	160
Lygodium_japonicum_C274600	AT5G38050.1	52.985	134	58	3	1836	1447	1	133	6.85e-40	141
Lygodium_japonicum_C274610	AT1G01140.3	26.136	264	176	7	1102	356	11	270	3.39e-17	78.2
Lygodium_japonicum_C274610	AT1G30270.1	24.797	246	175	5	1063	356	37	282	1.96e-15	72.8
Lygodium_japonicum_C274610	AT2G26980.4	25.911	247	171	6	1063	356	30	275	4.35e-14	68.6
Lygodium_japonicum_C274610	AT5G21326.1	24.696	247	176	5	1069	359	17	263	7.75e-14	67.8
Lygodium_japonicum_C274610	AT5G35410.1	24.898	245	174	7	1063	356	17	260	1.03e-11	60.8
Lygodium_japonicum_C274610	AT4G24400.1	23.200	250	176	6	1069	356	13	258	9.74e-11	57.8
Lygodium_japonicum_C274620	AT2G22010.2	26.829	205	99	8	396	986	111	272	1.81e-07	48.1
Lygodium_japonicum_C274692	AT5G16930.1	32.450	151	93	5	1276	827	399	541	1.11e-14	70.9
Lygodium_japonicum_C274692	AT2G18330.1	34.694	147	83	6	1276	845	386	522	2.43e-14	69.7
Lygodium_japonicum_C274692	AT3G03060.1	32.468	154	95	5	1276	818	387	532	3.21e-14	69.3
Lygodium_japonicum_C274692	AT4G36580.1	34.014	147	84	6	1276	845	383	519	7.94e-14	68.2
Lygodium_japonicum_C274732	AT1G30270.1	27.711	166	103	6	556	1038	79	232	9.47e-11	58.2
Lygodium_japonicum_C274732	AT1G01140.3	25.309	162	112	3	556	1038	67	220	4.21e-10	55.8
Lygodium_japonicum_C274732	AT2G26980.4	25.110	227	139	9	400	1038	16	225	4.68e-10	55.8
Lygodium_japonicum_C274732	AT5G35410.1	27.230	213	134	9	424	1038	11	210	1.14e-09	54.7
Lygodium_japonicum_C274732	AT5G21326.1	24.651	215	139	6	424	1038	13	214	4.98e-09	52.4
Lygodium_japonicum_C274732	AT4G24400.1	27.485	171	95	7	556	1038	57	208	1.58e-08	50.8
Lygodium_japonicum_C274752	AT2G18330.1	44.828	58	24	2	84	236	388	444	1.38e-06	45.1
Lygodium_japonicum_C274752	AT4G36580.1	41.379	58	26	2	84	236	385	441	6.03e-06	42.7
Lygodium_japonicum_C274774	AT1G16520.1	45.245	347	161	4	1375	335	7	324	1.25e-71	228
Lygodium_japonicum_C274774	AT4G15545.1	43.228	347	162	6	1372	338	22	335	1.35e-58	194
Lygodium_japonicum_C274774	AT1G56080.1	60.630	127	48	1	718	344	181	307	7.34e-38	137
Lygodium_japonicum_C274774	AT1G56080.1	50.000	134	65	1	1378	977	6	137	8.75e-27	105
Lygodium_japonicum_C274806	AT1G13630.4	22.345	452	322	11	1652	351	209	649	6.24e-19	84.7
Lygodium_japonicum_C274806	AT1G13630.4	20.497	483	325	8	1703	429	220	701	2.53e-15	73.2
Lygodium_japonicum_C274806	AT1G13630.4	21.130	478	308	11	1772	429	298	736	4.70e-12	62.8
Lygodium_japonicum_C274806	AT4G21880.1	22.302	278	173	6	1460	654	386	629	1.34e-12	64.3
Lygodium_japonicum_C274806	AT4G04790.1	26.415	159	101	4	1349	897	481	631	2.31e-09	53.9
Lygodium_japonicum_C274822	AT3G51460.1	37.143	140	73	4	395	796	379	509	9.75e-15	70.9
Lygodium_japonicum_C274822	AT5G66020.1	36.667	150	84	4	368	796	362	507	2.75e-14	69.7
Lygodium_japonicum_C274822	AT3G51830.1	35.507	138	76	4	431	817	385	518	1.84e-12	63.9
Lygodium_japonicum_C274934	AT3G61150.1	33.333	102	54	3	1131	826	108	195	1.51e-07	48.1
Lygodium_japonicum_C274934	AT4G00730.1	33.000	100	53	3	1125	826	134	219	4.45e-06	43.5
Lygodium_japonicum_C274950	AT4G24400.1	25.794	252	167	8	1331	612	15	258	2.37e-15	72.4
Lygodium_japonicum_C274950	AT5G35410.1	26.577	222	147	8	1331	690	17	230	2.99e-15	72.0
Lygodium_japonicum_C274950	AT1G01140.3	28.571	217	132	10	1352	735	18	222	7.15e-13	64.7
Lygodium_japonicum_C274950	AT1G30270.1	26.087	207	134	7	1331	738	37	233	2.31e-12	63.2
Lygodium_japonicum_C274950	AT2G26980.4	26.316	209	131	9	1331	738	30	226	4.87e-11	58.9
Lygodium_japonicum_C274950	AT5G21326.1	24.215	223	146	8	1373	738	5	215	3.08e-09	53.1
Lygodium_japonicum_C275018	AT4G15230.1	23.770	244	143	11	1381	722	804	1028	6.33e-09	52.8
Lygodium_japonicum_C275018	AT4G15215.11	22.541	244	146	11	1381	722	801	1025	2.52e-07	47.8
Lygodium_japonicum_C275018	AT2G37280.3	30.097	103	63	3	973	686	329	429	5.27e-07	46.6
Lygodium_japonicum_C275018	AT3G53480.1	29.592	98	63	2	964	683	341	436	6.75e-07	46.2
Lygodium_japonicum_C275060	AT4G28450.1	28.571	154	83	6	1330	932	61	208	1.38e-06	44.7
Lygodium_japonicum_C275070	AT5G16930.1	28.369	141	75	3	1107	1460	460	597	3.38e-09	53.5
Lygodium_japonicum_C275070	AT3G03060.1	27.660	141	76	3	1107	1460	448	585	1.82e-08	50.8
Lygodium_japonicum_C275070	AT2G18330.1	28.188	149	71	4	1107	1460	447	590	3.07e-08	50.4
Lygodium_japonicum_C275070	AT4G36580.1	27.397	146	73	5	1107	1460	444	584	1.77e-06	44.7
Lygodium_japonicum_C275110	AT5G35410.1	23.810	294	200	9	1514	678	17	301	2.67e-14	69.3
Lygodium_japonicum_C275110	AT2G26980.4	26.540	211	141	7	1514	900	30	232	2.61e-13	66.2
Lygodium_japonicum_C275110	AT1G30270.1	25.714	210	144	6	1514	900	37	239	8.76e-13	64.7
Lygodium_japonicum_C275110	AT4G24400.1	26.667	210	128	9	1514	918	15	209	7.20e-12	61.6
Lygodium_japonicum_C275110	AT1G01140.3	26.887	212	141	7	1535	918	18	221	1.25e-11	60.8
Lygodium_japonicum_C275110	AT5G21326.1	28.095	210	135	7	1514	906	19	219	1.56e-10	57.4
Lygodium_japonicum_C275168	AT5G21326.1	29.956	227	139	11	1491	853	9	229	5.02e-20	87.0
Lygodium_japonicum_C275168	AT1G30270.1	30.804	224	134	12	1494	862	29	244	1.03e-19	86.3
Lygodium_japonicum_C275168	AT2G26980.4	30.315	254	149	14	1491	781	20	262	8.20e-19	83.2
Lygodium_japonicum_C275168	AT5G35410.1	27.111	225	146	11	1491	853	7	225	3.10e-18	81.6
Lygodium_japonicum_C275168	AT1G01140.3	28.444	225	139	12	1491	862	15	232	6.84e-17	77.4
Lygodium_japonicum_C275168	AT4G24400.1	27.530	247	162	11	1494	781	7	245	2.90e-16	75.5
Lygodium_japonicum_C275170	AT2G43770.1	23.113	212	157	3	1436	807	46	253	1.89e-16	75.1
Lygodium_japonicum_C275170	AT2G43770.1	19.203	276	190	6	1598	828	77	338	2.53e-08	50.1
Lygodium_japonicum_C275170	AT4G28450.1	21.811	243	156	9	1475	807	89	317	8.99e-06	42.0
Lygodium_japonicum_C275192	AT3G61360.1	25.170	147	110	0	1850	1410	210	356	8.89e-12	61.6
Lygodium_japonicum_C275192	AT3G61360.1	23.226	155	109	2	1856	1410	278	428	3.56e-06	43.5
Lygodium_japonicum_C275192	AT1G13630.4	24.859	177	132	1	1889	1362	396	572	2.23e-09	54.3
Lygodium_japonicum_C275192	AT1G13630.4	26.471	170	124	1	1853	1347	268	437	4.54e-09	53.1
Lygodium_japonicum_C275192	AT1G13630.4	20.455	220	151	4	1889	1278	502	713	1.43e-07	48.1
Lygodium_japonicum_C275192	AT4G21880.1	19.858	141	110	1	1784	1362	450	587	1.82e-07	48.1
Lygodium_japonicum_C275204	AT4G21880.1	19.913	462	330	8	268	1632	390	818	1.13e-24	103
Lygodium_japonicum_C275204	AT4G04790.1	18.119	436	334	6	268	1569	370	784	3.55e-20	89.0
Lygodium_japonicum_C275204	AT1G13630.4	19.780	273	210	4	277	1080	339	607	2.32e-06	44.3
Lygodium_japonicum_C275204	AT1G13630.4	18.227	406	297	10	373	1575	168	543	4.76e-06	43.5
Lygodium_japonicum_C275220	AT5G56290.1	26.271	118	82	2	541	894	577	689	2.62e-08	50.4
Lygodium_japonicum_C275230	AT1G13630.4	20.168	357	271	7	1177	143	220	574	6.50e-16	75.1
Lygodium_japonicum_C275230	AT1G13630.4	17.786	551	349	12	1789	332	220	731	8.62e-14	68.6
Lygodium_japonicum_C275230	AT1G13630.4	19.465	411	271	9	1894	740	391	767	9.03e-11	58.5
Lygodium_japonicum_C275230	AT1G13630.4	19.486	467	287	12	1750	518	338	771	1.30e-10	58.2
Lygodium_japonicum_C275230	AT3G61360.1	19.463	298	223	7	1180	335	119	415	8.01e-08	48.9
Lygodium_japonicum_C275232	AT5G08130.8	70.769	65	19	0	1490	1296	269	333	6.77e-23	96.7
Lygodium_japonicum_C275232	AT1G69010.1	65.574	61	21	0	1472	1290	40	100	2.09e-21	89.4
Lygodium_japonicum_C275240	AT1G30270.1	37.134	307	168	7	1649	765	30	323	7.00e-61	205
Lygodium_japonicum_C275240	AT4G24400.1	40.794	277	144	7	1649	846	8	273	7.35e-61	204
Lygodium_japonicum_C275240	AT5G21326.1	38.255	298	160	7	1649	792	12	297	3.25e-57	194
Lygodium_japonicum_C275240	AT2G26980.4	39.338	272	142	6	1649	867	23	282	5.75e-57	193
Lygodium_japonicum_C275240	AT1G01140.3	37.778	270	145	6	1646	870	19	276	2.74e-55	189
Lygodium_japonicum_C275240	AT5G35410.1	38.376	271	154	5	1664	867	5	267	3.97e-54	186
Lygodium_japonicum_C275270	AT4G24940.1	25.926	108	77	1	244	558	34	141	1.00e-06	44.7
Lygodium_japonicum_C275290	AT1G13630.4	29.730	148	103	1	8	448	243	390	3.56e-11	60.1
Lygodium_japonicum_C275290	AT1G13630.4	24.747	198	146	2	8	592	454	651	4.25e-10	56.6
Lygodium_japonicum_C275290	AT1G13630.4	19.753	162	121	2	8	478	419	576	3.20e-07	47.0
Lygodium_japonicum_C275306	AT1G13630.4	22.222	378	243	13	147	1187	374	731	3.95e-10	56.6
Lygodium_japonicum_C275306	AT4G04790.1	20.000	200	146	4	591	1169	376	568	1.47e-09	54.7
Lygodium_japonicum_C275306	AT3G61360.1	23.166	259	178	8	420	1145	148	402	2.35e-09	53.5
Lygodium_japonicum_C275306	AT4G21880.1	19.277	249	175	7	624	1322	407	645	8.92e-08	48.9
Lygodium_japonicum_C275294	AT1G69010.1	44.118	68	35	3	786	586	42	107	4.57e-07	45.8
Lygodium_japonicum_C275294	AT5G08130.8	44.898	49	26	1	762	619	285	333	9.87e-06	42.0
Lygodium_japonicum_C275378	AT1G13630.4	23.204	362	229	6	261	1202	273	633	2.51e-16	76.6
Lygodium_japonicum_C275378	AT1G13630.4	21.779	326	242	6	351	1292	237	561	5.65e-11	59.3
Lygodium_japonicum_C275378	AT1G13630.4	21.412	425	291	12	9	1241	403	798	1.04e-08	52.0
Lygodium_japonicum_C275378	AT1G13630.4	20.940	234	170	6	651	1319	236	465	3.72e-06	43.9
Lygodium_japonicum_C275378	AT4G21880.1	27.338	139	93	3	48	449	501	636	8.82e-12	62.0
Lygodium_japonicum_C275378	AT4G21880.1	23.944	213	125	6	96	725	447	625	4.81e-10	56.2
Lygodium_japonicum_C275378	AT4G21880.1	21.344	253	134	8	405	1094	449	659	6.30e-06	43.1
Lygodium_japonicum_C275378	AT4G04790.1	27.612	134	83	4	48	428	481	607	1.99e-07	47.8
Lygodium_japonicum_C275446	AT1G13630.4	21.003	319	221	7	36	956	318	617	1.12e-11	61.6
Lygodium_japonicum_C275446	AT4G04790.1	20.779	308	168	10	81	950	437	686	3.29e-08	50.4
Lygodium_japonicum_C275446	AT4G04790.1	20.238	252	170	8	261	962	338	576	2.56e-06	44.3
Lygodium_japonicum_C275446	AT4G21880.1	20.492	244	138	6	57	773	449	641	3.37e-08	50.4
Lygodium_japonicum_C275478	AT4G24400.1	30.405	148	93	5	21	458	81	220	5.57e-10	55.5
Lygodium_japonicum_C275478	AT2G26980.4	27.891	147	100	4	21	458	96	237	2.76e-08	50.1
Lygodium_japonicum_C275478	AT5G21326.1	27.152	151	98	5	21	461	85	227	8.66e-08	48.5
Lygodium_japonicum_C275478	AT1G01140.3	30.534	131	76	4	51	428	102	222	1.29e-07	48.1
Lygodium_japonicum_C275478	AT5G35410.1	28.986	138	88	5	21	428	83	212	2.48e-07	47.0
Lygodium_japonicum_C275478	AT1G30270.1	21.918	219	152	6	21	641	103	314	6.13e-07	45.8
Lygodium_japonicum_C275484	AT1G30270.1	31.852	270	152	9	1343	555	30	274	4.45e-27	108
Lygodium_japonicum_C275484	AT4G24400.1	29.348	276	175	6	1343	516	8	263	5.54e-24	99.4
Lygodium_japonicum_C275484	AT5G35410.1	29.455	275	174	7	1343	519	10	264	1.32e-23	98.2
Lygodium_japonicum_C275484	AT2G26980.4	29.851	268	160	8	1343	555	23	267	1.97e-22	94.7
Lygodium_japonicum_C275484	AT5G21326.1	30.216	278	163	10	1343	534	12	266	1.26e-21	92.0
Lygodium_japonicum_C275484	AT1G01140.3	29.032	279	170	9	1340	519	19	274	1.33e-21	92.0
Lygodium_japonicum_C275532	AT2G20570.2	59.615	52	20	1	1645	1490	171	221	4.12e-13	65.5
Lygodium_japonicum_C275532	AT5G44190.1	42.169	83	41	2	1651	1403	147	222	1.54e-12	63.5
Lygodium_japonicum_C275550	AT5G06950.1	66.984	315	96	5	622	1551	19	330	7.54e-136	395
Lygodium_japonicum_C275550	AT3G12250.4	66.881	311	94	5	634	1551	49	355	3.09e-131	384
Lygodium_japonicum_C275550	AT5G06960.1	62.575	334	115	6	562	1551	3	330	1.25e-125	369
Lygodium_japonicum_C275550	AT1G68640.1	65.064	312	104	3	628	1551	142	452	1.61e-125	373
Lygodium_japonicum_C275620	AT1G05160.1	25.210	238	142	8	1277	579	245	451	6.53e-09	52.4
Lygodium_japonicum_C275662	AT1G13630.4	23.243	185	131	3	1	534	468	648	1.99e-07	47.8
Lygodium_japonicum_C275662	AT3G61360.1	25.161	155	107	6	1	444	268	420	2.18e-06	44.3
Lygodium_japonicum_C275676	AT1G30270.1	25.764	229	145	10	1351	695	37	250	5.31e-13	65.5
Lygodium_japonicum_C275676	AT2G26980.4	27.928	222	138	10	1351	716	30	239	2.12e-12	63.2
Lygodium_japonicum_C275676	AT5G35410.1	27.193	228	141	9	1351	695	17	228	3.30e-12	62.8
Lygodium_japonicum_C275676	AT4G24400.1	26.339	224	148	9	1351	695	15	226	1.36e-11	60.8
Lygodium_japonicum_C275676	AT5G21326.1	27.619	210	139	9	1363	755	15	218	1.98e-11	60.1
Lygodium_japonicum_C275676	AT1G01140.3	25.980	204	132	9	1351	770	25	219	3.64e-10	56.2
Lygodium_japonicum_C275774	AT1G20670.1	34.286	70	45	1	1101	1310	183	251	1.28e-07	48.5
Lygodium_japonicum_C275774	AT1G76380.2	31.081	74	50	1	1089	1310	149	221	1.58e-06	44.7
Lygodium_japonicum_C275776	AT5G67385.1	40.657	396	205	6	3	1184	93	460	1.38e-90	288
Lygodium_japonicum_C275776	AT3G49970.1	32.278	474	238	8	3	1418	60	452	2.23e-73	239
Lygodium_japonicum_C275790	AT1G52260.1	29.231	65	41	1	580	774	102	161	1.85e-06	44.7
Lygodium_japonicum_C275790	AT3G16110.1	29.231	65	41	1	580	774	100	159	3.07e-06	43.9
Lygodium_japonicum_C275850	AT1G30270.1	28.959	221	130	8	547	1200	32	228	3.86e-14	68.9
Lygodium_japonicum_C275850	AT1G01140.3	30.093	216	137	9	589	1215	13	221	7.63e-14	67.8
Lygodium_japonicum_C275850	AT2G26980.4	28.899	218	143	8	580	1215	15	226	5.85e-13	65.1
Lygodium_japonicum_C275850	AT5G35410.1	28.358	201	124	8	625	1200	17	206	2.11e-11	60.1
Lygodium_japonicum_C275850	AT4G24400.1	26.442	208	129	7	625	1215	15	209	1.45e-10	57.4
Lygodium_japonicum_C275850	AT5G21326.1	28.144	167	98	6	727	1200	57	210	4.65e-09	52.8
Lygodium_japonicum_C275870	AT1G30270.1	35.407	209	121	7	1210	605	30	231	1.71e-22	95.1
Lygodium_japonicum_C275870	AT5G35410.1	31.034	203	129	5	1210	614	10	205	6.24e-22	93.2
Lygodium_japonicum_C275870	AT4G24400.1	32.075	212	122	10	1210	605	8	207	7.35e-22	92.8
Lygodium_japonicum_C275870	AT1G01140.3	33.824	204	121	7	1195	605	23	219	1.87e-21	91.7
Lygodium_japonicum_C275870	AT2G26980.4	29.756	205	131	6	1210	614	23	220	3.21e-19	84.7
Lygodium_japonicum_C275870	AT5G21326.1	30.392	204	131	6	1210	614	12	209	4.32e-19	84.3
Lygodium_japonicum_C275882	AT1G13630.4	21.131	336	251	4	1946	978	273	607	5.95e-23	97.8
Lygodium_japonicum_C275882	AT1G13630.4	23.649	296	203	7	1868	1044	514	807	2.10e-15	73.6
Lygodium_japonicum_C275882	AT1G13630.4	20.598	301	201	6	1643	771	273	545	1.72e-12	64.3
Lygodium_japonicum_C275882	AT1G13630.4	19.403	335	234	6	1823	885	151	471	1.50e-11	61.2
Lygodium_japonicum_C275882	AT3G61360.1	22.177	248	181	5	1694	978	165	409	4.59e-14	68.9
Lygodium_japonicum_C275882	AT3G61360.1	20.000	250	154	6	1865	1245	176	422	4.34e-09	52.8
Lygodium_japonicum_C275882	AT3G61360.1	20.000	220	163	4	1961	1332	209	425	2.96e-08	50.4
Lygodium_japonicum_C275882	AT4G21880.1	21.739	276	198	7	1958	1176	354	626	1.37e-10	58.2
Lygodium_japonicum_C275882	AT4G21880.1	20.833	168	126	2	1559	1068	394	558	2.60e-06	44.3
Lygodium_japonicum_C275882	AT4G04790.1	22.043	372	244	13	1664	630	329	681	9.01e-10	55.5
Lygodium_japonicum_C275882	AT4G04790.1	24.026	154	105	3	1856	1413	481	628	2.42e-08	50.8
Lygodium_japonicum_C275896	AT1G30270.1	27.948	229	148	5	1817	1143	37	252	2.14e-10	57.0
Lygodium_japonicum_C275896	AT5G35410.1	28.571	252	159	8	1817	1095	17	258	2.39e-10	57.0
Lygodium_japonicum_C275896	AT2G26980.4	29.204	226	139	7	1817	1179	30	247	2.87e-09	53.5
Lygodium_japonicum_C275896	AT4G24400.1	28.922	204	132	5	1817	1218	15	209	7.85e-09	52.0
Lygodium_japonicum_C275896	AT5G21326.1	29.694	229	140	7	1817	1170	19	239	1.04e-08	51.6
Lygodium_japonicum_C275896	AT1G01140.3	28.155	206	137	4	1838	1233	18	216	1.65e-08	50.8
Lygodium_japonicum_C275898	AT3G19820.1	30.769	91	62	1	1764	1495	139	229	5.64e-07	46.2
Lygodium_japonicum_C275908	AT1G13630.4	23.333	450	289	10	160	1476	233	637	2.18e-21	92.8
Lygodium_japonicum_C275908	AT1G13630.4	22.453	481	300	11	157	1473	337	786	2.65e-20	89.4
Lygodium_japonicum_C275908	AT1G13630.4	24.920	313	183	8	667	1491	168	466	1.64e-17	80.5
Lygodium_japonicum_C275908	AT1G13630.4	21.205	415	298	6	1	1236	426	814	1.01e-13	68.2
Lygodium_japonicum_C275908	AT3G61360.1	25.907	193	136	3	952	1518	157	346	4.68e-12	62.4
Lygodium_japonicum_C275908	AT3G61360.1	20.874	206	161	1	844	1461	159	362	7.97e-11	58.5
Lygodium_japonicum_C275908	AT4G21880.1	28.966	145	94	3	1093	1518	423	561	4.20e-11	59.7
Lygodium_japonicum_C275908	AT4G21880.1	22.905	179	134	2	976	1512	454	628	3.75e-08	50.1
Lygodium_japonicum_C275908	AT4G04790.1	23.837	172	128	1	967	1482	396	564	5.37e-09	53.1
Lygodium_japonicum_C275908	AT4G04790.1	19.941	341	250	9	358	1356	335	660	5.37e-07	46.6
Lygodium_japonicum_C275918	AT2G32440.1	26.522	230	144	7	938	1627	235	439	1.57e-11	60.8
Lygodium_japonicum_C275918	AT1G05160.1	25.217	230	149	7	938	1627	236	442	4.83e-10	55.8
Lygodium_japonicum_C275922	AT4G36580.1	33.728	169	107	4	1016	1516	353	518	2.34e-18	82.8
Lygodium_japonicum_C275922	AT2G18330.1	35.583	163	86	6	1055	1516	369	521	3.92e-17	79.0
Lygodium_japonicum_C275922	AT5G16930.1	35.616	146	76	5	1103	1516	399	534	2.70e-16	76.3
Lygodium_japonicum_C275922	AT3G03060.1	34.932	146	77	5	1103	1516	387	522	2.41e-15	73.2
Lygodium_japonicum_C275942	AT1G13630.4	28.137	263	143	8	1698	964	379	613	4.41e-15	72.8
Lygodium_japonicum_C275942	AT1G13630.4	22.414	348	220	11	1689	673	182	488	8.51e-13	65.1
Lygodium_japonicum_C275942	AT1G13630.4	26.772	254	157	10	1512	763	338	566	1.48e-12	64.3
Lygodium_japonicum_C275942	AT1G13630.4	22.491	289	191	9	1719	898	481	751	2.95e-08	50.4
Lygodium_japonicum_C275942	AT3G61360.1	27.165	254	162	7	1518	757	175	405	2.00e-13	66.6
Lygodium_japonicum_C275942	AT4G21880.1	25.668	187	117	8	1290	733	495	660	1.35e-08	51.6
Lygodium_japonicum_C275942	AT4G04790.1	22.705	207	137	7	1509	898	373	559	2.41e-06	44.3
Lygodium_japonicum_C275938	AT2G43770.1	22.817	355	212	8	213	1244	32	335	4.95e-21	89.0
Lygodium_japonicum_C275938	AT3G49180.1	24.658	219	148	5	540	1148	77	294	8.52e-10	55.1
Lygodium_japonicum_C275938	AT4G28450.1	30.189	106	69	3	633	947	279	380	6.73e-07	45.8
Lygodium_japonicum_C275938	AT4G28450.1	19.014	284	199	8	489	1277	91	364	9.94e-06	42.0
Lygodium_japonicum_C275938	AT4G07410.1	26.923	130	76	3	660	1019	198	318	1.50e-06	45.1
Lygodium_japonicum_C276016	AT1G13630.4	25.200	250	184	3	1980	1240	280	529	1.38e-09	55.1
Lygodium_japonicum_C276016	AT1G13630.4	23.457	243	183	3	1983	1264	314	556	2.52e-09	53.9
Lygodium_japonicum_C276030	AT4G36990.1	60.000	100	40	0	1513	1214	6	105	1.95e-39	140
Lygodium_japonicum_C276070	AT5G35410.1	28.125	160	104	5	956	1429	59	209	3.21e-10	56.6
Lygodium_japonicum_C276070	AT4G24400.1	25.238	210	141	7	956	1561	57	258	7.84e-09	52.0
Lygodium_japonicum_C276070	AT1G01140.3	26.147	218	139	9	797	1429	17	219	2.53e-07	47.4
Lygodium_japonicum_C276070	AT1G30270.1	23.429	175	120	6	956	1471	79	242	8.45e-07	45.4
Lygodium_japonicum_C276070	AT5G21326.1	23.636	220	135	10	941	1543	56	261	3.41e-06	43.5
Lygodium_japonicum_C276124	AT2G43770.1	28.736	174	115	5	1201	689	109	276	6.23e-17	76.6
Lygodium_japonicum_C276164	AT2G26980.4	31.875	160	103	3	1256	780	67	221	4.14e-14	68.9
Lygodium_japonicum_C276164	AT1G30270.1	29.560	159	106	3	1253	780	75	228	9.31e-14	67.8
Lygodium_japonicum_C276164	AT1G01140.3	29.375	160	107	3	1256	780	62	216	2.60e-12	63.2
Lygodium_japonicum_C276164	AT4G24400.1	29.834	181	111	7	1253	735	53	225	1.15e-11	60.8
Lygodium_japonicum_C276164	AT5G21326.1	29.375	160	107	3	1256	780	56	210	2.39e-11	60.1
Lygodium_japonicum_C276164	AT5G35410.1	27.673	159	107	4	1253	780	55	206	1.63e-10	57.4
Lygodium_japonicum_C276268	AT3G52950.1	57.244	566	218	6	56	1717	1	554	0.0	568
Lygodium_japonicum_C276268	AT2G36500.1	61.400	500	161	9	233	1717	62	534	0.0	535
Lygodium_japonicum_C276268	AT5G50640.1	61.211	446	165	5	233	1555	63	505	1.71e-176	508
Lygodium_japonicum_C276268	AT5G50530.1	61.211	446	165	5	233	1555	63	505	1.71e-176	508
Lygodium_japonicum_C276268	AT5G63490.1	58.676	438	170	5	233	1528	55	487	9.39e-157	457
Lygodium_japonicum_C276274	AT1G73390.1	48.585	424	198	6	1827	574	1	410	1.13e-133	394
Lygodium_japonicum_C276274	AT1G17940.1	49.034	414	190	7	1827	607	1	400	5.51e-124	369
Lygodium_japonicum_C276130	AT2G41790.1	25.000	236	159	3	1768	1115	24	259	1.82e-09	54.7
Lygodium_japonicum_C276130	AT3G57470.2	24.901	253	170	4	1768	1070	26	278	9.65e-09	52.4
Lygodium_japonicum_C276358	AT1G13630.4	22.222	324	216	9	3	887	430	746	1.07e-09	55.5
Lygodium_japonicum_C276358	AT1G13630.4	22.188	329	238	8	3	944	324	649	7.73e-08	49.3
Lygodium_japonicum_C276372	AT1G13630.4	22.930	157	110	4	17	457	494	649	2.66e-10	57.4
Lygodium_japonicum_C276372	AT1G13630.4	27.536	138	92	3	17	409	357	493	3.32e-07	47.4
Lygodium_japonicum_C276372	AT3G61360.1	27.273	143	93	4	23	424	192	332	2.23e-07	47.4
Lygodium_japonicum_C276342	AT2G43770.1	28.676	136	82	4	611	997	183	310	9.87e-07	45.1
Lygodium_japonicum_C276342	AT4G07410.1	33.636	110	61	4	914	1210	209	317	5.12e-06	43.5
Lygodium_japonicum_C276388	AT4G24400.1	27.027	259	171	7	1148	393	11	258	7.35e-22	92.8
Lygodium_japonicum_C276388	AT1G30270.1	26.154	260	172	8	1148	396	33	281	8.23e-21	90.1
Lygodium_japonicum_C276388	AT5G35410.1	27.933	179	123	3	1082	549	37	210	3.31e-19	84.7
Lygodium_japonicum_C276388	AT5G21326.1	26.794	209	137	7	1148	546	15	215	2.51e-18	82.0
Lygodium_japonicum_C276388	AT2G26980.4	28.022	182	123	5	1082	546	50	226	2.72e-18	82.0
Lygodium_japonicum_C276388	AT1G01140.3	27.419	186	121	6	1085	546	44	221	3.92e-17	78.2
Lygodium_japonicum_C276354	AT1G52260.1	39.914	466	276	3	1829	438	74	537	9.70e-119	360
Lygodium_japonicum_C276354	AT3G16110.1	41.441	444	254	3	1823	504	74	515	3.64e-117	355
Lygodium_japonicum_C276396	AT4G24400.1	30.172	232	131	10	1908	1252	7	220	2.33e-19	85.1
Lygodium_japonicum_C276396	AT5G21326.1	28.452	239	132	9	1908	1246	11	228	1.29e-18	82.8
Lygodium_japonicum_C276396	AT2G26980.4	24.620	329	165	12	1908	976	22	285	3.01e-18	81.6
Lygodium_japonicum_C276396	AT1G30270.1	26.582	237	135	9	1908	1252	29	244	4.63e-18	81.3
Lygodium_japonicum_C276396	AT5G35410.1	27.660	235	133	8	1908	1252	9	222	1.88e-17	79.3
Lygodium_japonicum_C276396	AT1G01140.3	23.565	331	170	10	1908	970	17	282	1.17e-16	76.6
Lygodium_japonicum_scaffold12283	AT1G01140.3	30.303	231	131	10	1153	488	12	221	1.54e-16	76.6
Lygodium_japonicum_scaffold12283	AT4G24400.1	28.417	278	159	11	1144	359	5	258	1.88e-16	76.3
Lygodium_japonicum_scaffold12283	AT2G26980.4	30.702	228	128	10	1144	488	20	226	3.19e-14	69.3
Lygodium_japonicum_scaffold12283	AT5G21326.1	28.899	218	135	7	1144	503	9	210	5.90e-14	68.6
Lygodium_japonicum_scaffold12283	AT1G30270.1	27.381	252	149	10	1108	398	37	269	9.18e-14	68.2
Lygodium_japonicum_scaffold12283	AT5G35410.1	27.737	274	140	13	1144	398	7	247	2.38e-13	66.6
Lygodium_japonicum_C276376	AT4G21880.1	21.339	239	170	5	1928	1257	339	574	1.31e-07	48.5
Lygodium_japonicum_C276416	AT1G30270.1	28.244	262	166	9	1139	372	35	280	1.76e-22	95.1
Lygodium_japonicum_C276416	AT4G24400.1	25.758	264	174	9	1139	363	13	259	1.71e-19	85.5
Lygodium_japonicum_C276416	AT5G21326.1	26.154	260	174	8	1139	372	17	262	1.04e-18	83.2
Lygodium_japonicum_C276416	AT5G35410.1	26.236	263	174	9	1139	363	15	261	6.05e-18	80.9
Lygodium_japonicum_C276416	AT1G01140.3	25.954	262	172	10	1139	372	23	268	9.39e-17	77.0
Lygodium_japonicum_C276416	AT2G26980.4	26.562	256	166	10	1139	390	28	267	9.91e-17	77.0
Lygodium_japonicum_C276500	AT2G43770.1	26.786	224	143	5	234	878	38	249	1.33e-13	66.6
Lygodium_japonicum_C276500	AT2G43770.1	21.993	291	182	9	3	806	49	317	6.25e-10	55.1
Lygodium_japonicum_C276500	AT2G43770.1	21.005	219	154	4	246	878	92	299	4.85e-08	49.3
Lygodium_japonicum_C276500	AT3G49180.1	24.590	122	79	3	450	776	89	210	6.39e-06	42.7
Lygodium_japonicum_C276450	AT2G36450.1	53.425	73	32	2	1656	1441	4	75	1.12e-08	49.7
Lygodium_japonicum_C276450	AT1G12630.1	55.556	36	15	1	1638	1531	13	47	1.70e-07	46.2
Lygodium_japonicum_C276450	AT5G52020.1	52.500	40	17	2	1647	1531	55	93	3.87e-07	45.4
Lygodium_japonicum_C276550	AT1G69010.1	40.741	54	31	1	1552	1394	50	103	7.90e-07	45.4
Lygodium_japonicum_C276550	AT5G08130.8	42.308	52	29	1	1552	1400	285	336	3.37e-06	43.9
Lygodium_japonicum_C276474	AT2G18330.1	28.505	214	118	5	1358	810	384	593	3.42e-17	79.3
Lygodium_japonicum_C276474	AT4G36580.1	28.436	211	119	5	1358	810	381	587	5.33e-17	78.6
Lygodium_japonicum_C276474	AT3G03060.1	27.074	229	135	5	1358	756	385	609	1.70e-16	77.0
Lygodium_japonicum_C276474	AT5G16930.1	27.039	233	130	7	1358	756	397	621	3.79e-16	75.9
Lygodium_japonicum_C276554	AT5G02810.1	46.939	49	26	0	279	133	667	715	1.05e-10	58.5
Lygodium_japonicum_C276554	AT5G60100.2	48.889	45	23	0	279	145	467	511	2.06e-09	53.9
Lygodium_japonicum_C276576	AT2G36450.1	40.984	61	36	0	1758	1576	14	74	6.47e-07	44.3
Lygodium_japonicum_C276598	AT1G13630.4	25.796	314	220	2	2046	1144	380	693	1.04e-29	119
Lygodium_japonicum_C276598	AT1G13630.4	24.138	319	202	3	2046	1204	310	626	3.20e-26	108
Lygodium_japonicum_C276598	AT1G13630.4	26.168	321	205	8	2052	1132	484	786	1.32e-24	103
Lygodium_japonicum_C276598	AT1G13630.4	27.778	252	181	1	1950	1198	237	488	1.47e-23	99.8
Lygodium_japonicum_C276598	AT1G13630.4	22.500	320	247	1	2055	1099	272	591	2.54e-23	99.0
Lygodium_japonicum_C276598	AT1G13630.4	21.875	320	205	5	1956	1108	172	483	1.85e-17	80.5
Lygodium_japonicum_C276598	AT1G13630.4	22.491	289	212	1	2055	1225	518	806	1.57e-16	77.4
Lygodium_japonicum_C276598	AT1G13630.4	26.946	167	114	1	2031	1531	651	809	1.16e-10	58.5
Lygodium_japonicum_C276598	AT1G13630.4	21.154	156	123	0	2055	1588	670	825	1.06e-07	48.9
Lygodium_japonicum_C276598	AT3G61360.1	21.756	262	160	6	1755	1099	134	393	1.44e-12	64.3
Lygodium_japonicum_C276598	AT3G61360.1	23.438	256	193	2	2055	1294	179	433	7.27e-12	62.0
Lygodium_japonicum_C276598	AT3G61360.1	21.495	214	161	3	2055	1429	248	459	1.07e-09	55.1
Lygodium_japonicum_C276598	AT4G04790.1	20.567	282	207	4	2025	1201	350	621	6.10e-11	59.3
Lygodium_japonicum_C276598	AT4G04790.1	22.460	187	141	2	1749	1201	334	520	7.44e-08	49.3
Lygodium_japonicum_C276598	AT4G21880.1	21.908	283	216	3	2046	1198	399	676	3.51e-10	57.0
Lygodium_japonicum_C276598	AT4G21880.1	23.529	187	139	2	1749	1201	354	540	1.28e-09	55.1
Lygodium_japonicum_C276598	AT4G21880.1	22.458	236	167	3	1947	1246	371	592	1.50e-08	51.6
Lygodium_japonicum_C276598	AT4G21880.1	18.797	266	210	4	2037	1246	365	626	6.08e-07	46.6
Lygodium_japonicum_C276588	AT5G20520.1	23.832	214	146	8	1886	1257	55	255	1.02e-09	54.3
Lygodium_japonicum_C276672	AT1G13630.4	21.269	536	378	14	2061	568	279	808	1.22e-17	80.9
Lygodium_japonicum_C276672	AT1G13630.4	21.021	333	249	6	1401	442	231	562	8.64e-16	75.1
Lygodium_japonicum_C276672	AT4G21880.1	24.648	142	97	4	1416	1003	492	627	5.14e-12	62.8
Lygodium_japonicum_C276672	AT4G21880.1	20.085	234	175	4	1947	1273	410	640	2.04e-07	48.1
Lygodium_japonicum_C276672	AT4G21880.1	24.638	138	101	2	1329	922	449	585	2.82e-07	47.4
Lygodium_japonicum_C276672	AT3G61360.1	22.634	243	173	6	1581	889	179	418	4.71e-11	59.3
Lygodium_japonicum_C276672	AT3G61360.1	22.086	163	118	5	1740	1276	192	353	1.68e-07	47.8
Lygodium_japonicum_C276672	AT4G04790.1	21.912	251	172	6	1704	1000	366	608	2.32e-10	57.4
Lygodium_japonicum_C276672	AT4G04790.1	23.077	234	168	4	1947	1273	390	620	1.58e-09	54.7
Lygodium_japonicum_C276688	AT1G13630.4	20.899	378	243	8	12	1076	418	762	1.26e-11	61.6
Lygodium_japonicum_C276688	AT4G21880.1	25.191	131	90	3	90	470	501	627	7.01e-08	49.3
Lygodium_japonicum_C276688	AT4G21880.1	19.915	236	179	3	90	776	396	628	2.55e-07	47.8
Lygodium_japonicum_C276720	AT5G55860.1	48.361	122	61	1	1089	1448	454	575	4.50e-09	53.1
Lygodium_japonicum_C276720	AT5G55860.1	30.323	155	82	4	126	542	158	302	2.01e-08	51.2
Lygodium_japonicum_C276732	AT3G61360.1	22.886	201	141	4	2063	1485	206	400	1.44e-10	57.8
Lygodium_japonicum_C276732	AT3G61360.1	25.000	132	97	1	2063	1674	311	442	3.01e-10	56.6
Lygodium_japonicum_C276732	AT1G13630.4	20.430	186	146	2	2078	1524	261	445	1.95e-10	57.8
Lygodium_japonicum_C276732	AT1G13630.4	23.636	220	151	5	2063	1437	441	654	2.22e-09	54.3
Lygodium_japonicum_C276732	AT1G13630.4	20.419	382	242	8	2063	1065	335	703	4.36e-09	53.5
Lygodium_japonicum_C276732	AT1G13630.4	25.543	184	126	5	2063	1518	202	376	5.04e-09	53.1
Lygodium_japonicum_C276732	AT1G13630.4	21.118	161	125	2	1979	1500	656	815	5.65e-07	46.6
Lygodium_japonicum_C276732	AT4G21880.1	22.472	178	133	3	2063	1530	459	631	3.76e-10	57.0
Lygodium_japonicum_C276732	AT4G04790.1	20.339	177	136	3	2063	1533	474	645	8.35e-07	45.8
Lygodium_japonicum_C276622	AT5G18820.1	28.235	170	108	6	175	672	41	200	1.82e-09	54.3
Lygodium_japonicum_C276622	AT2G28000.1	35.052	97	58	2	217	495	68	163	6.68e-09	52.4
Lygodium_japonicum_C276748	AT1G13630.4	22.596	416	309	3	418	1641	223	633	6.77e-29	117
Lygodium_japonicum_C276748	AT1G13630.4	25.000	308	230	1	769	1689	237	544	1.13e-28	116
Lygodium_japonicum_C276748	AT1G13630.4	24.370	357	260	3	502	1563	188	537	6.52e-27	110
Lygodium_japonicum_C276748	AT1G13630.4	21.605	486	313	10	379	1671	324	796	1.07e-24	103
Lygodium_japonicum_C276748	AT1G13630.4	22.423	388	290	5	454	1605	270	650	4.72e-24	101
Lygodium_japonicum_C276748	AT1G13630.4	19.107	403	277	4	463	1524	414	816	1.66e-15	73.9
Lygodium_japonicum_C276748	AT1G13630.4	17.568	222	169	1	454	1077	586	807	3.09e-07	47.4
Lygodium_japonicum_C276748	AT4G21880.1	23.494	332	226	7	520	1476	346	662	3.13e-16	76.6
Lygodium_japonicum_C276748	AT4G04790.1	21.631	282	205	3	649	1476	371	642	3.58e-14	69.7
Lygodium_japonicum_C276748	AT4G04790.1	27.607	163	102	3	628	1098	469	621	1.08e-09	55.5
Lygodium_japonicum_C276748	AT4G04790.1	19.811	212	136	5	943	1533	298	490	1.08e-07	48.9
Lygodium_japonicum_C276748	AT3G61360.1	23.144	229	170	3	391	1062	225	452	1.49e-12	63.9
Lygodium_japonicum_C276748	AT3G61360.1	22.917	288	179	5	631	1380	172	454	4.90e-12	62.4
Lygodium_japonicum_C276748	AT3G61360.1	20.603	199	155	2	901	1491	151	348	2.90e-10	57.0
Lygodium_japonicum_C276770	AT1G30270.1	42.105	57	30	1	1052	1213	180	236	2.67e-07	47.4
Lygodium_japonicum_C276770	AT5G35410.1	48.936	47	24	0	1079	1219	170	216	4.32e-07	46.6
Lygodium_japonicum_C276770	AT5G21326.1	44.643	56	28	1	1055	1213	163	218	6.89e-07	45.8
Lygodium_japonicum_C276770	AT1G01140.3	44.231	52	26	1	1055	1201	169	220	1.58e-06	44.7
Lygodium_japonicum_C276770	AT2G26980.4	42.105	57	30	1	1052	1213	173	229	1.90e-06	44.7
Lygodium_japonicum_C276770	AT4G24400.1	43.103	58	32	1	1079	1249	168	225	1.90e-06	44.7
Lygodium_japonicum_C276770	AT4G24400.1	33.000	100	62	3	11	301	69	166	5.69e-06	43.1
Lygodium_japonicum_C276828	AT1G13630.4	20.000	345	254	7	131	1102	322	665	2.92e-15	73.2
Lygodium_japonicum_C276828	AT1G13630.4	22.427	379	234	14	17	1078	422	765	1.77e-12	64.3
Lygodium_japonicum_C276828	AT1G13630.4	21.967	305	212	9	71	919	514	814	3.84e-09	53.5
Lygodium_japonicum_C276828	AT4G04790.1	22.340	282	197	6	299	1090	338	615	5.48e-13	65.9
Lygodium_japonicum_C276828	AT4G21880.1	21.053	285	207	6	299	1111	358	638	5.82e-10	56.2
Lygodium_japonicum_C276828	AT4G21880.1	26.950	141	94	5	50	463	492	626	1.85e-07	48.1
Lygodium_japonicum_C276846	AT2G36450.1	53.846	65	27	2	1596	1405	15	77	1.01e-09	52.8
Lygodium_japonicum_C276846	AT5G52020.1	53.571	56	25	1	1596	1429	65	119	8.01e-09	50.8
Lygodium_japonicum_C276846	AT1G12630.1	50.667	75	33	3	1626	1402	10	80	3.69e-08	48.1
Lygodium_japonicum_C276844	AT2G43770.1	26.295	251	164	6	1080	361	98	338	3.61e-18	80.5
Lygodium_japonicum_C276844	AT4G28450.1	20.276	217	147	8	975	370	61	266	8.09e-06	42.4
Lygodium_japonicum_C276948	AT3G66658.2	22.936	436	313	9	1892	627	62	488	5.04e-30	119
Lygodium_japonicum_C277004	AT2G43770.1	25.773	194	131	7	1095	544	109	299	1.13e-14	69.7
Lygodium_japonicum_C277004	AT4G28450.1	23.684	228	139	9	1137	538	66	286	1.23e-07	48.5
Lygodium_japonicum_C277042	AT1G13630.4	25.000	324	207	9	744	1652	263	571	1.61e-16	77.4
Lygodium_japonicum_C277042	AT1G13630.4	21.179	543	371	15	3	1544	253	767	2.97e-16	76.6
Lygodium_japonicum_C277042	AT4G21880.1	22.222	288	203	7	417	1232	344	626	1.05e-09	55.5
Lygodium_japonicum_C277042	AT4G04790.1	20.000	320	212	6	306	1232	320	606	2.46e-08	50.8
Lygodium_japonicum_C277042	AT4G04790.1	21.311	183	132	4	111	635	428	606	4.36e-08	50.1
Lygodium_japonicum_C277042	AT4G04790.1	20.115	174	131	3	1137	1646	474	643	7.27e-06	43.1
Lygodium_japonicum_C277042	AT3G61360.1	25.287	174	123	3	471	971	180	353	1.26e-07	48.5
Lygodium_japonicum_C277124	AT3G61150.1	37.000	100	53	3	496	786	105	197	2.31e-10	57.4
Lygodium_japonicum_C277124	AT4G00730.1	37.500	104	56	3	481	786	125	221	6.44e-10	56.2
Lygodium_japonicum_C277138	AT2G36450.1	50.000	74	35	2	1417	1202	5	78	1.38e-11	58.2
Lygodium_japonicum_C277138	AT1G12630.1	54.545	66	29	1	1408	1211	13	77	2.55e-10	54.7
Lygodium_japonicum_C277138	AT5G52020.1	55.738	61	25	2	1399	1220	61	120	2.74e-08	49.3
Lygodium_japonicum_C277092	AT5G35410.1	34.615	208	114	8	541	1134	11	206	3.91e-22	94.0
Lygodium_japonicum_C277092	AT1G30270.1	28.620	297	159	12	541	1395	31	286	5.38e-22	94.0
Lygodium_japonicum_C277092	AT2G26980.4	29.966	297	155	13	541	1395	24	279	6.58e-21	90.1
Lygodium_japonicum_C277092	AT5G21326.1	29.836	305	162	13	520	1395	3	268	9.74e-21	89.4
Lygodium_japonicum_C277092	AT4G24400.1	32.212	208	119	7	541	1134	9	204	4.50e-20	87.4
Lygodium_japonicum_C277092	AT1G01140.3	31.905	210	121	7	538	1134	18	216	6.76e-19	84.0
Lygodium_japonicum_C277126	AT4G15215.11	28.952	563	362	16	185	1822	801	1342	2.04e-55	199
Lygodium_japonicum_C277126	AT4G15215.11	25.382	654	415	18	185	1978	126	762	3.42e-42	159
Lygodium_japonicum_C277126	AT4G15233.1	28.850	565	360	14	185	1822	796	1337	4.16e-55	199
Lygodium_japonicum_C277126	AT4G15233.1	26.527	622	389	18	185	1891	128	734	1.00e-44	167
Lygodium_japonicum_C277126	AT4G15236.1	29.329	566	356	14	185	1822	794	1335	5.78e-55	198
Lygodium_japonicum_C277126	AT4G15236.1	26.731	621	389	16	185	1891	126	732	1.40e-48	179
Lygodium_japonicum_C277126	AT3G53480.1	29.529	552	328	15	254	1822	876	1395	6.66e-55	198
Lygodium_japonicum_C277126	AT3G53480.1	24.959	613	384	14	203	1867	164	758	9.46e-41	154
Lygodium_japonicum_C277126	AT2G37280.3	29.478	536	319	12	254	1777	868	1372	5.29e-54	195
Lygodium_japonicum_C277126	AT2G37280.3	26.291	639	380	16	176	1867	130	752	4.17e-44	165
Lygodium_japonicum_C277126	AT4G15230.1	28.723	564	350	15	185	1804	804	1339	3.69e-53	192
Lygodium_japonicum_C277126	AT4G15230.1	26.300	654	409	21	185	1978	129	765	9.18e-46	170
Lygodium_japonicum_C277216	AT5G02810.1	28.030	132	86	3	1009	1395	73	198	3.89e-08	50.4
Lygodium_japonicum_C277216	AT5G60100.2	26.357	129	92	1	1009	1395	59	184	9.09e-08	48.9
Lygodium_japonicum_C277206	AT5G02810.1	24.806	129	94	1	1178	792	73	198	1.33e-07	48.5
Lygodium_japonicum_C277206	AT5G60100.2	25.581	129	93	1	1178	792	59	184	1.93e-07	47.8
Lygodium_japonicum_C277256	AT3G61360.1	25.131	191	134	3	2157	1606	169	357	9.35e-14	68.2
Lygodium_japonicum_C277256	AT4G04790.1	23.984	246	167	8	1980	1273	392	627	4.68e-10	56.6
Lygodium_japonicum_C277256	AT1G13630.4	21.923	260	182	5	2157	1438	436	694	2.92e-08	50.8
Lygodium_japonicum_C277256	AT4G21880.1	22.120	217	143	6	1980	1369	412	615	4.41e-06	43.9
Lygodium_japonicum_C277212	AT5G17300.1	50.862	116	46	2	1633	1310	38	150	9.23e-27	107
Lygodium_japonicum_C277212	AT5G37260.1	59.551	89	32	1	1615	1361	25	113	1.69e-24	98.2
Lygodium_japonicum_C277212	AT3G10113.1	43.182	132	54	2	1615	1244	54	172	2.43e-23	95.9
Lygodium_japonicum_C277212	AT1G18330.2	53.191	94	36	1	1615	1358	65	158	3.29e-23	96.3
Lygodium_japonicum_C277220	AT1G69010.1	43.137	51	29	0	1142	1294	50	100	2.56e-08	50.1
Lygodium_japonicum_C277220	AT5G08130.8	39.216	51	31	0	1142	1294	285	335	1.20e-06	45.4
Lygodium_japonicum_C277146	AT5G21326.1	34.667	75	40	2	1136	1345	114	184	2.52e-07	47.4
Lygodium_japonicum_C277146	AT1G01140.3	34.328	67	43	1	1148	1345	124	190	4.10e-07	46.6
Lygodium_japonicum_C277146	AT4G24400.1	31.169	77	38	2	1136	1345	110	178	4.55e-07	46.6
Lygodium_japonicum_C277146	AT1G30270.1	32.394	71	47	1	1136	1345	132	202	8.36e-07	45.8
Lygodium_japonicum_C277146	AT2G26980.4	33.803	71	38	2	1148	1345	129	195	1.19e-06	45.1
Lygodium_japonicum_C277146	AT5G35410.1	29.870	77	39	2	1136	1345	112	180	1.68e-06	44.7
Lygodium_japonicum_C277260	AT4G24400.1	30.435	161	110	2	526	1008	9	167	3.80e-18	81.6
Lygodium_japonicum_C277260	AT4G24400.1	30.000	100	63	4	1240	1536	169	262	2.02e-06	44.3
Lygodium_japonicum_C277260	AT2G26980.4	30.168	179	110	6	439	969	4	169	6.57e-15	71.6
Lygodium_japonicum_C277260	AT2G26980.4	32.941	85	54	3	1240	1491	186	268	3.57e-06	43.5
Lygodium_japonicum_C277260	AT1G30270.1	30.065	153	101	3	517	969	28	176	7.96e-15	71.2
Lygodium_japonicum_C277260	AT1G30270.1	27.723	101	66	4	1240	1539	193	287	1.57e-06	45.1
Lygodium_japonicum_C277260	AT5G21326.1	31.333	150	97	4	526	969	13	158	2.21e-14	69.7
Lygodium_japonicum_C277260	AT5G21326.1	32.558	86	53	4	1240	1491	175	257	3.74e-06	43.5
Lygodium_japonicum_C277260	AT5G35410.1	27.778	144	102	2	538	969	15	156	1.27e-13	67.4
Lygodium_japonicum_C277260	AT5G35410.1	30.973	113	64	6	1240	1566	171	273	3.09e-06	43.9
Lygodium_japonicum_C277260	AT1G01140.3	26.490	151	109	1	517	969	16	164	2.72e-13	66.2
Lygodium_japonicum_C277260	AT1G01140.3	32.941	85	54	3	1240	1491	181	263	2.36e-07	47.4
Lygodium_japonicum_C277252	AT1G30270.1	26.957	230	144	7	1104	1787	75	282	1.16e-15	73.9
Lygodium_japonicum_C277252	AT2G26980.4	27.490	251	155	7	1053	1790	48	276	3.54e-15	72.4
Lygodium_japonicum_C277252	AT1G01140.3	25.726	241	137	8	1101	1790	62	271	2.21e-14	69.7
Lygodium_japonicum_C277252	AT5G21326.1	26.400	250	155	7	1053	1784	37	263	1.14e-13	67.4
Lygodium_japonicum_C277252	AT5G35410.1	28.659	164	108	4	1101	1589	54	209	3.05e-13	66.2
Lygodium_japonicum_C277252	AT4G24400.1	25.600	250	159	8	1053	1790	33	259	9.85e-13	64.7
Lygodium_japonicum_C277278	AT2G26980.4	32.645	242	142	9	1005	1688	15	249	4.05e-20	87.8
Lygodium_japonicum_C277278	AT4G24400.1	33.175	211	126	8	1011	1622	2	204	5.07e-19	84.3
Lygodium_japonicum_C277278	AT1G01140.3	30.806	211	123	8	1026	1622	17	216	4.33e-18	81.3
Lygodium_japonicum_C277278	AT5G35410.1	30.093	216	124	9	1014	1622	5	206	8.60e-18	80.5
Lygodium_japonicum_C277278	AT1G30270.1	28.509	228	137	8	1026	1649	29	250	5.68e-17	78.2
Lygodium_japonicum_C277278	AT5G21326.1	32.243	214	128	8	1008	1622	5	210	3.19e-16	75.5
Lygodium_japonicum_C277310	AT5G35410.1	26.570	207	118	8	1407	820	12	195	5.60e-10	55.8
Lygodium_japonicum_C277310	AT5G21326.1	27.219	169	97	7	1317	820	54	199	5.49e-08	49.3
Lygodium_japonicum_C277310	AT1G30270.1	23.558	208	125	7	1407	820	32	217	8.48e-08	48.9
Lygodium_japonicum_C277310	AT4G24400.1	25.131	191	106	7	1404	853	21	181	1.91e-07	47.8
Lygodium_japonicum_C277310	AT2G26980.4	25.325	154	92	5	1317	859	65	196	2.36e-07	47.4
Lygodium_japonicum_C277310	AT1G01140.3	23.810	168	104	6	1317	820	60	205	5.55e-07	46.2
Lygodium_japonicum_C277168	AT2G32440.1	28.889	225	135	8	1092	1745	247	453	1.91e-18	82.8
Lygodium_japonicum_C277168	AT1G05160.1	28.761	226	136	9	1092	1745	248	456	1.69e-16	76.6
Lygodium_japonicum_C277316	AT4G24400.1	27.686	242	126	11	318	977	8	222	2.56e-12	63.2
Lygodium_japonicum_C277316	AT5G21326.1	27.572	243	126	12	318	980	12	226	9.65e-11	58.2
Lygodium_japonicum_C277316	AT5G35410.1	24.701	251	137	10	318	1004	10	230	4.00e-09	53.1
Lygodium_japonicum_C277316	AT2G26980.4	25.833	240	150	10	318	1004	23	245	5.71e-09	52.8
Lygodium_japonicum_C277316	AT1G30270.1	23.438	256	136	11	318	1004	30	252	1.79e-08	51.2
Lygodium_japonicum_C277316	AT1G01140.3	24.686	239	152	10	321	1004	19	240	3.47e-08	50.1
Lygodium_japonicum_C277230	AT2G26980.4	29.545	308	163	15	1864	980	13	279	9.82e-19	83.6
Lygodium_japonicum_C277230	AT1G30270.1	27.609	297	162	13	1834	980	31	286	1.15e-18	83.6
Lygodium_japonicum_C277230	AT5G35410.1	32.212	208	119	9	1834	1241	11	206	3.67e-18	81.6
Lygodium_japonicum_C277230	AT4G24400.1	31.579	209	119	10	1834	1241	9	204	3.11e-17	78.6
Lygodium_japonicum_C277230	AT5G21326.1	28.431	306	167	13	1858	980	2	268	4.62e-17	78.2
Lygodium_japonicum_C277230	AT1G01140.3	29.187	209	128	7	1837	1241	18	216	2.44e-15	72.8
Lygodium_japonicum_C277378	AT1G20110.1	31.613	155	83	8	1199	747	434	569	3.95e-12	63.2
Lygodium_japonicum_C277396	AT1G13630.4	20.755	265	176	7	110	820	494	752	8.97e-07	45.8
Lygodium_japonicum_C277338	AT1G30270.1	37.349	249	143	7	211	942	53	293	7.61e-48	170
Lygodium_japonicum_C277338	AT5G21326.1	36.328	256	150	7	178	930	24	271	4.47e-47	167
Lygodium_japonicum_C277338	AT1G01140.3	37.751	249	141	8	211	942	41	280	6.13e-47	167
Lygodium_japonicum_C277338	AT2G26980.4	35.769	260	154	6	178	942	35	286	4.71e-45	162
Lygodium_japonicum_C277338	AT5G35410.1	37.154	253	146	9	178	924	22	265	1.47e-44	160
Lygodium_japonicum_C277338	AT4G24400.1	35.433	254	153	7	178	930	20	265	2.72e-41	150
Lygodium_japonicum_C277358	AT1G30270.1	26.875	160	90	7	815	1270	36	176	1.28e-08	51.6
Lygodium_japonicum_C277358	AT5G35410.1	29.560	159	85	7	818	1270	17	156	2.18e-08	50.8
Lygodium_japonicum_C277358	AT1G01140.3	28.931	159	86	6	818	1270	25	164	2.28e-08	50.8
Lygodium_japonicum_C277358	AT4G24400.1	27.673	159	88	7	818	1270	15	154	4.49e-07	46.6
Lygodium_japonicum_C277358	AT2G26980.4	26.250	160	91	7	815	1270	29	169	5.92e-07	46.2
Lygodium_japonicum_C277406	AT2G43770.1	20.707	198	131	5	485	1042	117	300	5.67e-07	45.8
Lygodium_japonicum_C277422	AT1G01140.3	29.245	212	119	9	1303	716	25	221	1.15e-13	67.4
Lygodium_japonicum_C277422	AT1G30270.1	28.293	205	120	8	1303	731	37	228	4.82e-13	65.9
Lygodium_japonicum_C277422	AT2G26980.4	28.502	207	131	8	1303	710	30	228	3.55e-12	62.8
Lygodium_japonicum_C277422	AT5G35410.1	29.442	197	126	8	1303	731	17	206	1.16e-11	61.2
Lygodium_japonicum_C277422	AT5G21326.1	29.493	217	130	9	1345	731	5	210	1.43e-11	60.8
Lygodium_japonicum_C277422	AT4G24400.1	24.060	266	174	8	1303	524	15	258	3.93e-11	59.7
Lygodium_japonicum_C277440	AT5G35410.1	28.986	207	135	6	1500	895	17	216	3.00e-17	79.0
Lygodium_japonicum_C277440	AT4G24400.1	27.311	238	154	7	1500	823	15	245	2.27e-16	75.9
Lygodium_japonicum_C277440	AT1G01140.3	28.502	207	130	7	1500	907	25	222	5.85e-16	74.7
Lygodium_japonicum_C277440	AT2G26980.4	29.665	209	131	7	1500	898	30	230	7.16e-16	74.7
Lygodium_japonicum_C277440	AT1G30270.1	28.358	201	126	7	1500	925	37	228	1.87e-15	73.6
Lygodium_japonicum_C277440	AT5G21326.1	26.792	265	160	12	1500	739	19	260	3.61e-13	65.9
Lygodium_japonicum_C277468	AT1G30270.1	28.000	225	140	7	275	928	37	246	3.90e-16	75.5
Lygodium_japonicum_C277468	AT5G35410.1	28.968	252	157	9	275	994	17	258	2.01e-14	70.1
Lygodium_japonicum_C277468	AT2G26980.4	29.646	226	137	8	275	910	30	247	1.79e-13	67.0
Lygodium_japonicum_C277468	AT1G01140.3	27.670	206	137	5	254	856	18	216	1.94e-13	67.0
Lygodium_japonicum_C277468	AT4G24400.1	29.612	206	127	7	275	871	15	209	2.47e-13	66.6
Lygodium_japonicum_C277468	AT5G21326.1	28.821	229	141	8	275	919	19	239	1.07e-12	64.3
Lygodium_japonicum_C277510	AT1G13630.4	28.254	315	219	2	233	1156	282	596	2.06e-36	140
Lygodium_japonicum_C277510	AT1G13630.4	26.524	328	228	2	263	1207	368	695	2.89e-29	118
Lygodium_japonicum_C277510	AT1G13630.4	23.853	327	210	5	278	1255	514	802	2.54e-23	99.4
Lygodium_japonicum_C277510	AT1G13630.4	22.671	322	236	2	230	1159	429	749	9.96e-22	94.4
Lygodium_japonicum_C277510	AT1G13630.4	21.858	366	237	6	188	1144	89	452	5.01e-20	89.0
Lygodium_japonicum_C277510	AT1G13630.4	24.797	246	172	4	209	910	562	806	1.44e-14	71.2
Lygodium_japonicum_C277510	AT1G13630.4	21.324	272	202	1	260	1039	543	814	1.97e-13	67.4
Lygodium_japonicum_C277510	AT3G61360.1	23.798	416	250	13	176	1252	64	469	8.13e-21	90.5
Lygodium_japonicum_C277510	AT4G21880.1	20.946	296	222	5	350	1225	346	633	5.63e-13	66.2
Lygodium_japonicum_C277510	AT4G21880.1	21.390	187	143	2	326	886	443	625	1.30e-10	58.5
Lygodium_japonicum_C277510	AT4G21880.1	20.349	172	133	2	272	787	460	627	5.97e-10	56.2
Lygodium_japonicum_C277510	AT4G04790.1	22.564	195	129	4	242	790	424	608	1.83e-12	64.3
Lygodium_japonicum_C277510	AT4G04790.1	19.200	250	197	3	455	1201	360	605	1.27e-11	61.6
Lygodium_japonicum_C277510	AT4G04790.1	22.581	186	140	2	329	886	424	605	3.57e-10	57.0
Lygodium_japonicum_C277584	AT1G13630.4	20.994	362	285	1	1584	502	271	632	1.21e-24	103
Lygodium_japonicum_C277584	AT1G13630.4	21.578	431	290	4	1701	553	337	767	2.65e-23	99.4
Lygodium_japonicum_C277584	AT1G13630.4	19.706	477	358	7	1932	547	186	652	1.33e-21	94.0
Lygodium_japonicum_C277584	AT1G13630.4	21.389	360	247	1	1479	508	236	595	2.42e-21	93.2
Lygodium_japonicum_C277584	AT1G13630.4	21.429	322	245	3	1479	517	173	487	2.58e-18	83.2
Lygodium_japonicum_C277584	AT1G13630.4	20.478	293	221	1	1698	856	514	806	1.64e-17	80.9
Lygodium_japonicum_C277584	AT1G13630.4	23.529	204	155	1	1074	466	231	434	1.37e-13	68.2
Lygodium_japonicum_C277584	AT1G13630.4	20.085	234	175	1	1701	1036	583	816	1.12e-11	62.0
Lygodium_japonicum_C277584	AT3G61360.1	24.407	295	216	5	1587	715	177	468	3.02e-16	75.9
Lygodium_japonicum_C277584	AT3G61360.1	20.225	267	204	4	1686	901	179	441	2.34e-12	63.5
Lygodium_japonicum_C277584	AT3G61360.1	21.333	300	216	7	1371	508	106	397	2.90e-11	60.1
Lygodium_japonicum_C277584	AT4G04790.1	21.711	304	223	5	1515	607	363	652	5.23e-14	69.3
Lygodium_japonicum_C277584	AT4G04790.1	20.979	286	206	5	1368	541	338	613	1.44e-13	68.2
Lygodium_japonicum_C277584	AT4G21880.1	22.870	223	148	7	1650	1018	440	650	1.19e-08	52.0
Lygodium_japonicum_C277584	AT4G21880.1	19.355	310	207	5	1407	481	454	721	4.83e-08	50.1
Lygodium_japonicum_C277574	AT1G20110.1	46.101	436	144	11	544	1815	245	601	3.91e-111	344
Lygodium_japonicum_C277628	AT1G13630.4	21.180	373	241	8	192	1253	268	606	1.28e-12	65.1
Lygodium_japonicum_C277628	AT1G13630.4	21.032	504	339	13	114	1484	273	764	1.97e-12	64.3
Lygodium_japonicum_C277628	AT1G13630.4	18.786	346	264	7	462	1454	225	568	9.41e-11	58.9
Lygodium_japonicum_C277628	AT4G21880.1	20.848	283	197	8	87	872	350	626	2.92e-09	53.9
Lygodium_japonicum_C277628	AT3G61360.1	24.852	169	113	5	747	1220	192	357	2.09e-08	50.8
Lygodium_japonicum_C277628	AT4G04790.1	19.466	262	184	7	717	1445	340	593	3.01e-08	50.8
Lygodium_japonicum_C277628	AT4G04790.1	19.241	369	251	14	390	1394	330	685	4.67e-06	43.5
Lygodium_japonicum_C277596	AT2G32440.1	23.636	220	137	9	1221	586	247	443	2.94e-08	50.4
Lygodium_japonicum_C277596	AT1G05160.1	21.459	233	158	7	1221	541	248	461	2.85e-06	44.3
Lygodium_japonicum_C277638	AT4G28450.1	25.279	269	155	13	258	944	65	327	8.55e-10	55.5
Lygodium_japonicum_C277704	AT4G04790.1	31.579	76	48	2	2206	1979	497	568	3.65e-07	47.4
Lygodium_japonicum_C277672	AT4G24400.1	30.151	199	126	5	1646	1062	15	204	1.40e-15	73.6
Lygodium_japonicum_C277672	AT2G26980.4	29.204	226	139	7	1646	1008	30	247	1.41e-15	73.6
Lygodium_japonicum_C277672	AT5G35410.1	29.500	200	126	6	1646	1062	17	206	1.02e-14	70.9
Lygodium_japonicum_C277672	AT5G21326.1	27.948	229	144	7	1646	999	19	239	1.92e-14	70.1
Lygodium_japonicum_C277672	AT1G30270.1	26.457	223	147	5	1646	990	37	246	2.97e-14	69.7
Lygodium_japonicum_C277672	AT1G01140.3	28.141	199	132	4	1646	1062	25	216	4.36e-14	68.9
